-----------
Initializing structure...
time for choose_chunkdivision = 0.000156164 s
Working in 3D dimensions.
Computational cell is 0.5 x 0.5 x 1.5 with resolution 100
time for set_epsilon = 0.52626 s
time for set_conductivity = 0.0101812 s
time for set_conductivity = 0.0101202 s
time for set_conductivity = 0.00978708 s
time for set_conductivity = 0.0162241 s
time for set_conductivity = 0.0212541 s
time for set_conductivity = 0.0129471 s
-----------
on time step 611 (time=3.055), 0.00655166 s/step
field decay(t = 5.005): 0.22967502551788954 / 0.22967502551788954 = 1.0
on time step 1236 (time=6.18), 0.0064009 s/step
on time step 1875 (time=9.375), 0.00626148 s/step
field decay(t = 10.01): 0.2504808233534304 / 0.2504808233534304 = 1.0
on time step 2547 (time=12.735), 0.00595953 s/step
field decay(t = 15.015): 4.890956457152761e-11 / 0.2504808233534304 = 1.9526271080048243e-10
run 0 finished at t = 15.015 (3003 timesteps)
-----------
Initializing structure...
time for choose_chunkdivision = 5.10216e-05 s
Working in 3D dimensions.
Computational cell is 0.5 x 0.5 x 1.5 with resolution 100
     block, center = (0,0,0)
          size (1e+20,1e+20,0.2)
          axes (1,0,0), (0,1,0), (0,0,1)
          dielectric constant epsilon diagonal = (1,1,1)
     block, center = (0,0,0)
          size (0.102251,0.143022,0.2)
          axes (1,0,0), (0,1,0), (0,0,1)
          dielectric constant epsilon diagonal = (1,1,1)
time for set_epsilon = 1.01954 s
time for set_conductivity = 0.0228691 s
time for set_conductivity = 0.025095 s
time for set_conductivity = 0.022862 s
time for set_conductivity = 0.0238891 s
time for set_conductivity = 0.0220299 s
time for set_conductivity = 0.021081 s
lorentzian susceptibility: frequency=16.365, gamma=1.95106
lorentzian susceptibility: frequency=7.32593, gamma=0.738804
lorentzian susceptibility: frequency=6.60165, gamma=0.052426
lorentzian susceptibility: frequency=3.61417, gamma=0.364563
lorentzian susceptibility: frequency=0.658148, gamma=3.13427
drude susceptibility: frequency=1e-10, gamma=0.0387146
-----------
on time step 145 (time=0.725), 0.027674 s/step
on time step 303 (time=1.515), 0.0254025 s/step
on time step 460 (time=2.3), 0.0255916 s/step
on time step 615 (time=3.075), 0.0259367 s/step
on time step 773 (time=3.865), 0.0254144 s/step
on time step 929 (time=4.645), 0.025763 s/step
field decay(t = 5.005): 0.6925615006938225 / 0.6925615006938225 = 1.0
on time step 1085 (time=5.425), 0.0257941 s/step
on time step 1242 (time=6.21), 0.0255801 s/step
on time step 1401 (time=7.005), 0.025159 s/step
on time step 1555 (time=7.775), 0.0260725 s/step
on time step 1716 (time=8.58), 0.0249101 s/step
on time step 1873 (time=9.365), 0.0255229 s/step
field decay(t = 10.01): 1.8773078261672342 / 1.8773078261672342 = 1.0
on time step 2024 (time=10.12), 0.0265126 s/step
on time step 2186 (time=10.93), 0.0247854 s/step
on time step 2349 (time=11.745), 0.0246036 s/step
on time step 2506 (time=12.53), 0.0256294 s/step
on time step 2654 (time=13.27), 0.0270967 s/step
on time step 2794 (time=13.97), 0.0287256 s/step
on time step 2946 (time=14.73), 0.0263292 s/step
field decay(t = 15.015): 0.31357401298680454 / 1.8773078261672342 = 0.1670338815062665
on time step 3091 (time=15.455), 0.0277226 s/step
on time step 3256 (time=16.28), 0.0243465 s/step
on time step 3417 (time=17.085), 0.0249334 s/step
on time step 3581 (time=17.905), 0.0243983 s/step
on time step 3741 (time=18.705), 0.025101 s/step
on time step 3907 (time=19.535), 0.0242118 s/step
field decay(t = 20.02): 0.0155417086075232 / 1.8773078261672342 = 0.008278721470657053
on time step 4073 (time=20.365), 0.0242212 s/step
on time step 4242 (time=21.21), 0.0237619 s/step
on time step 4409 (time=22.045), 0.0239591 s/step
on time step 4578 (time=22.89), 0.0237747 s/step
on time step 4746 (time=23.73), 0.0238984 s/step
on time step 4911 (time=24.555), 0.0243439 s/step
field decay(t = 25.025000000000002): 0.0007897953841357613 / 1.8773078261672342 = 0.0004207063823668334
on time step 5078 (time=25.39), 0.024037 s/step
on time step 5244 (time=26.22), 0.0241241 s/step
on time step 5411 (time=27.055), 0.0240426 s/step
on time step 5578 (time=27.89), 0.0239622 s/step
on time step 5740 (time=28.7), 0.0248354 s/step
on time step 5910 (time=29.55), 0.0236093 s/step
field decay(t = 30.03): 4.000292545905602e-05 / 1.8773078261672342 = 2.130866600643068e-05
on time step 6077 (time=30.385), 0.0240401 s/step
on time step 6246 (time=31.23), 0.0238252 s/step
on time step 6414 (time=32.07), 0.0238445 s/step
on time step 6578 (time=32.89), 0.0245106 s/step
on time step 6749 (time=33.745), 0.0234183 s/step
on time step 6915 (time=34.575), 0.0241536 s/step
field decay(t = 35.035000000000004): 2.002700437363822e-06 / 1.8773078261672342 = 1.066793846724963e-06
on time step 7084 (time=35.42), 0.023723 s/step
on time step 7255 (time=36.275), 0.0235053 s/step
on time step 7424 (time=37.12), 0.0236958 s/step
on time step 7589 (time=37.945), 0.024289 s/step
on time step 7758 (time=38.79), 0.0237628 s/step
on time step 7925 (time=39.625), 0.0239995 s/step
field decay(t = 40.04): 9.983172710524201e-08 / 1.8773078261672342 = 5.317813398192738e-08
run 0 finished at t = 40.04 (8008 timesteps)
Transmission at f = 1.6666666666666667 (lambda = 600 nm): 0.08730785494821611
l1 = 0.20450245780650436, l2 = 0.2860440531085594
-----------
Initializing structure...
time for choose_chunkdivision = 2.40803e-05 s
Working in 3D dimensions.
Computational cell is 0.5 x 0.5 x 1.5 with resolution 100
time for set_epsilon = 0.513758 s
time for set_conductivity = 0.00926089 s
time for set_conductivity = 0.00978017 s
time for set_conductivity = 0.00928307 s
time for set_conductivity = 0.012008 s
time for set_conductivity = 0.010412 s
time for set_conductivity = 0.00998402 s
-----------
on time step 688 (time=3.44), 0.00581783 s/step
field decay(t = 5.005): 0.22967502551788954 / 0.22967502551788954 = 1.0
on time step 1407 (time=7.035), 0.00556375 s/step
field decay(t = 10.01): 0.2504808233534304 / 0.2504808233534304 = 1.0
on time step 2135 (time=10.675), 0.00549981 s/step
on time step 2864 (time=14.32), 0.00549 s/step
field decay(t = 15.015): 4.890956457152761e-11 / 0.2504808233534304 = 1.9526271080048243e-10
run 0 finished at t = 15.015 (3003 timesteps)
-----------
Initializing structure...
time for choose_chunkdivision = 3.21865e-05 s
Working in 3D dimensions.
Computational cell is 0.5 x 0.5 x 1.5 with resolution 100
     block, center = (0,0,0)
          size (1e+20,1e+20,0.2)
          axes (1,0,0), (0,1,0), (0,0,1)
          dielectric constant epsilon diagonal = (1,1,1)
     block, center = (0,0,0)
          size (0.149492,0.123846,0.2)
          axes (1,0,0), (0,1,0), (0,0,1)
          dielectric constant epsilon diagonal = (1,1,1)
time for set_epsilon = 0.926007 s
time for set_conductivity = 0.0229249 s
time for set_conductivity = 0.0184879 s
time for set_conductivity = 0.0187418 s
time for set_conductivity = 0.019151 s
time for set_conductivity = 0.0188198 s
time for set_conductivity = 0.020638 s
lorentzian susceptibility: frequency=16.365, gamma=1.95106
lorentzian susceptibility: frequency=7.32593, gamma=0.738804
lorentzian susceptibility: frequency=6.60165, gamma=0.052426
lorentzian susceptibility: frequency=3.61417, gamma=0.364563
lorentzian susceptibility: frequency=0.658148, gamma=3.13427
drude susceptibility: frequency=1e-10, gamma=0.0387146
-----------
on time step 157 (time=0.785), 0.0254936 s/step
on time step 323 (time=1.615), 0.0241657 s/step
on time step 493 (time=2.465), 0.0235518 s/step
on time step 662 (time=3.31), 0.0237228 s/step
on time step 830 (time=4.15), 0.0238184 s/step
on time step 997 (time=4.985), 0.0240424 s/step
field decay(t = 5.005): 0.20459957109801605 / 0.20459957109801605 = 1.0
on time step 1164 (time=5.82), 0.0240367 s/step
on time step 1332 (time=6.66), 0.0238374 s/step
on time step 1497 (time=7.485), 0.0243359 s/step
on time step 1665 (time=8.325), 0.0238537 s/step
on time step 1835 (time=9.175), 0.0236534 s/step
field decay(t = 10.01): 0.37243892543401275 / 0.37243892543401275 = 1.0
on time step 2002 (time=10.01), 0.0239975 s/step
on time step 2159 (time=10.795), 0.025595 s/step
on time step 2315 (time=11.575), 0.0257984 s/step
on time step 2472 (time=12.36), 0.0255095 s/step
on time step 2613 (time=13.065), 0.0285258 s/step
on time step 2756 (time=13.78), 0.0280819 s/step
on time step 2895 (time=14.475), 0.0289869 s/step
field decay(t = 15.015): 0.0319606903642727 / 0.37243892543401275 = 0.08581458108071835
on time step 3042 (time=15.21), 0.0273807 s/step
on time step 3195 (time=15.975), 0.0262418 s/step
on time step 3355 (time=16.775), 0.025098 s/step
on time step 3515 (time=17.575), 0.0250314 s/step
on time step 3660 (time=18.3), 0.0277188 s/step
on time step 3804 (time=19.02), 0.0278872 s/step
on time step 3948 (time=19.74), 0.0279364 s/step
field decay(t = 20.02): 0.0016736461847802456 / 0.37243892543401275 = 0.004493746680291009
on time step 4078 (time=20.39), 0.0309311 s/step
on time step 4216 (time=21.08), 0.0290776 s/step
on time step 4342 (time=21.71), 0.0318319 s/step
on time step 4478 (time=22.39), 0.0296177 s/step
on time step 4607 (time=23.035), 0.0310552 s/step
on time step 4743 (time=23.715), 0.0294339 s/step
on time step 4871 (time=24.355), 0.0314447 s/step
field decay(t = 25.025000000000002): 8.431878960696896e-05 / 0.37243892543401275 = 0.0002263962863406667
on time step 5013 (time=25.065), 0.0282447 s/step
on time step 5167 (time=25.835), 0.0260971 s/step
on time step 5325 (time=26.625), 0.0254479 s/step
on time step 5480 (time=27.4), 0.0258534 s/step
on time step 5631 (time=28.155), 0.0265134 s/step
on time step 5766 (time=28.83), 0.029636 s/step
on time step 5889 (time=29.445), 0.0325481 s/step
field decay(t = 30.03): 4.3047432712671995e-06 / 0.37243892543401275 = 1.1558252849781398e-05
on time step 6011 (time=30.055), 0.032988 s/step
on time step 6135 (time=30.675), 0.0323141 s/step
on time step 6243 (time=31.215), 0.0370775 s/step
on time step 6366 (time=31.83), 0.0327278 s/step
on time step 6492 (time=32.46), 0.0318173 s/step
on time step 6616 (time=33.08), 0.0323415 s/step
on time step 6754 (time=33.77), 0.0291009 s/step
on time step 6904 (time=34.52), 0.0268401 s/step
field decay(t = 35.035000000000004): 2.1596700549453239e-07 / 0.37243892543401275 = 5.79872270984727e-07
run 0 finished at t = 35.035000000000004 (7007 timesteps)
Transmission at f = 1.6666666666666667 (lambda = 600 nm): 0.003253955952444293
l1 = 0.2989848221279681, l2 = 0.2476919930523444
-----------
Initializing structure...
time for choose_chunkdivision = 1.40667e-05 s
Working in 3D dimensions.
Computational cell is 0.5 x 0.5 x 1.5 with resolution 100
time for set_epsilon = 0.630914 s
time for set_conductivity = 0.0113239 s
time for set_conductivity = 0.0114191 s
time for set_conductivity = 0.011508 s
time for set_conductivity = 0.0120349 s
time for set_conductivity = 0.013046 s
time for set_conductivity = 0.0125911 s
-----------
on time step 561 (time=2.805), 0.00714206 s/step
field decay(t = 5.005): 0.22967502551788954 / 0.22967502551788954 = 1.0
on time step 1050 (time=5.25), 0.00819328 s/step
on time step 1537 (time=7.685), 0.00822814 s/step
field decay(t = 10.01): 0.2504808233534304 / 0.2504808233534304 = 1.0
on time step 2046 (time=10.23), 0.00787223 s/step
on time step 2508 (time=12.54), 0.00866587 s/step
field decay(t = 15.015): 4.890956457152761e-11 / 0.2504808233534304 = 1.9526271080048243e-10
run 0 finished at t = 15.015 (3003 timesteps)
-----------
Initializing structure...
time for choose_chunkdivision = 0.000119209 s
Working in 3D dimensions.
Computational cell is 0.5 x 0.5 x 1.5 with resolution 100
     block, center = (0,0,0)
          size (1e+20,1e+20,0.2)
          axes (1,0,0), (0,1,0), (0,0,1)
          dielectric constant epsilon diagonal = (1,1,1)
     block, center = (0,0,0)
          size (0.130678,0.146618,0.2)
          axes (1,0,0), (0,1,0), (0,0,1)
          dielectric constant epsilon diagonal = (1,1,1)
time for set_epsilon = 1.19871 s
time for set_conductivity = 0.0212281 s
time for set_conductivity = 0.023226 s
time for set_conductivity = 0.0214829 s
time for set_conductivity = 0.022042 s
time for set_conductivity = 0.021755 s
time for set_conductivity = 0.0224421 s
lorentzian susceptibility: frequency=16.365, gamma=1.95106
lorentzian susceptibility: frequency=7.32593, gamma=0.738804
lorentzian susceptibility: frequency=6.60165, gamma=0.052426
lorentzian susceptibility: frequency=3.61417, gamma=0.364563
lorentzian susceptibility: frequency=0.658148, gamma=3.13427
drude susceptibility: frequency=1e-10, gamma=0.0387146
-----------
on time step 138 (time=0.69), 0.0290637 s/step
on time step 287 (time=1.435), 0.0270193 s/step
on time step 436 (time=2.18), 0.0268775 s/step
on time step 569 (time=2.845), 0.0301608 s/step
on time step 686 (time=3.43), 0.0342959 s/step
on time step 794 (time=3.97), 0.0373404 s/step
on time step 896 (time=4.48), 0.0394844 s/step
field decay(t = 5.005): 0.3150158494957247 / 0.3150158494957247 = 1.0
on time step 1016 (time=5.08), 0.0335135 s/step
on time step 1145 (time=5.725), 0.0311418 s/step
on time step 1263 (time=6.315), 0.0340287 s/step
on time step 1382 (time=6.91), 0.0336338 s/step
on time step 1511 (time=7.555), 0.0310348 s/step
on time step 1626 (time=8.13), 0.0349321 s/step
on time step 1734 (time=8.67), 0.0371998 s/step
on time step 1849 (time=9.245), 0.0348241 s/step
on time step 1970 (time=9.85), 0.0331685 s/step
field decay(t = 10.01): 0.6798853589399405 / 0.6798853589399405 = 1.0
on time step 2109 (time=10.545), 0.0289725 s/step
on time step 2244 (time=11.22), 0.0297086 s/step
on time step 2362 (time=11.81), 0.0339252 s/step
on time step 2483 (time=12.415), 0.0332931 s/step
on time step 2598 (time=12.99), 0.0350456 s/step
on time step 2711 (time=13.555), 0.035406 s/step
on time step 2828 (time=14.14), 0.0343337 s/step
on time step 2950 (time=14.75), 0.0328382 s/step
field decay(t = 15.015): 0.06695058277428917 / 0.6798853589399405 = 0.0984733409742442
on time step 3075 (time=15.375), 0.0320393 s/step
on time step 3205 (time=16.025), 0.0308381 s/step
on time step 3345 (time=16.725), 0.0286607 s/step
on time step 3483 (time=17.415), 0.0291125 s/step
on time step 3599 (time=17.995), 0.0346382 s/step
on time step 3714 (time=18.57), 0.0348693 s/step
on time step 3837 (time=19.185), 0.0327084 s/step
on time step 3961 (time=19.805), 0.0324402 s/step
field decay(t = 20.02): 0.002923194796666651 / 0.6798853589399405 = 0.00429954073613884
on time step 4082 (time=20.41), 0.0331456 s/step
on time step 4182 (time=20.91), 0.0400688 s/step
on time step 4280 (time=21.4), 0.0412221 s/step
on time step 4405 (time=22.025), 0.0321534 s/step
on time step 4524 (time=22.62), 0.0339673 s/step
on time step 4642 (time=23.21), 0.0339574 s/step
on time step 4769 (time=23.845), 0.0317101 s/step
on time step 4896 (time=24.48), 0.0316597 s/step
field decay(t = 25.025000000000002): 0.00014215228986188096 / 0.6798853589399405 = 0.00020908273430614993
on time step 5032 (time=25.16), 0.0294738 s/step
on time step 5157 (time=25.785), 0.0321526 s/step
on time step 5235 (time=26.175), 0.0513168 s/step
on time step 5351 (time=26.755), 0.0345484 s/step
on time step 5476 (time=27.38), 0.0321941 s/step
on time step 5570 (time=27.85), 0.0426799 s/step
on time step 5685 (time=28.425), 0.0350091 s/step
on time step 5808 (time=29.04), 0.0327989 s/step
on time step 5924 (time=29.62), 0.0345874 s/step
field decay(t = 30.03): 6.542298419695463e-06 / 0.6798853589399405 = 9.62264936826415e-06
on time step 6045 (time=30.225), 0.033179 s/step
on time step 6174 (time=30.87), 0.0312549 s/step
on time step 6304 (time=31.52), 0.0307938 s/step
on time step 6425 (time=32.125), 0.0333038 s/step
on time step 6541 (time=32.705), 0.0344926 s/step
on time step 6661 (time=33.305), 0.0334963 s/step
on time step 6784 (time=33.92), 0.0326168 s/step
on time step 6902 (time=34.51), 0.0341376 s/step
field decay(t = 35.035000000000004): 2.822339322358452e-07 / 0.6798853589399405 = 4.151198853228682e-07
run 0 finished at t = 35.035000000000004 (7007 timesteps)
Transmission at f = 1.6666666666666667 (lambda = 600 nm): 0.011930550079038246
l1 = 0.2613558217788086, l2 = 0.29323551200760295
-----------
Initializing structure...
time for choose_chunkdivision = 1.5974e-05 s
Working in 3D dimensions.
Computational cell is 0.5 x 0.5 x 1.5 with resolution 100
time for set_epsilon = 0.964755 s
time for set_conductivity = 0.0182741 s
time for set_conductivity = 0.017561 s
time for set_conductivity = 0.0209491 s
time for set_conductivity = 0.017108 s
time for set_conductivity = 0.017678 s
time for set_conductivity = 0.0178261 s
-----------
on time step 451 (time=2.255), 0.00888024 s/step
on time step 938 (time=4.69), 0.00821394 s/step
field decay(t = 5.005): 0.22967502551788954 / 0.22967502551788954 = 1.0
on time step 1415 (time=7.075), 0.00839927 s/step
on time step 1926 (time=9.63), 0.00783785 s/step
field decay(t = 10.01): 0.2504808233534304 / 0.2504808233534304 = 1.0
on time step 2494 (time=12.47), 0.00704547 s/step
on time step 2990 (time=14.95), 0.00806688 s/step
field decay(t = 15.015): 4.890956457152761e-11 / 0.2504808233534304 = 1.9526271080048243e-10
run 0 finished at t = 15.015 (3003 timesteps)
-----------
Initializing structure...
time for choose_chunkdivision = 5.79357e-05 s
Working in 3D dimensions.
Computational cell is 0.5 x 0.5 x 1.5 with resolution 100
     block, center = (0,0,0)
          size (1e+20,1e+20,0.2)
          axes (1,0,0), (0,1,0), (0,0,1)
          dielectric constant epsilon diagonal = (1,1,1)
     block, center = (0,0,0)
          size (0.0834367,0.165794,0.2)
          axes (1,0,0), (0,1,0), (0,0,1)
          dielectric constant epsilon diagonal = (1,1,1)
time for set_epsilon = 1.74285 s
time for set_conductivity = 0.040544 s
time for set_conductivity = 0.039294 s
time for set_conductivity = 0.033181 s
time for set_conductivity = 0.032258 s
time for set_conductivity = 0.031002 s
time for set_conductivity = 0.030751 s
lorentzian susceptibility: frequency=16.365, gamma=1.95106
lorentzian susceptibility: frequency=7.32593, gamma=0.738804
lorentzian susceptibility: frequency=6.60165, gamma=0.052426
lorentzian susceptibility: frequency=3.61417, gamma=0.364563
lorentzian susceptibility: frequency=0.658148, gamma=3.13427
drude susceptibility: frequency=1e-10, gamma=0.0387146
-----------
on time step 118 (time=0.59), 0.0339375 s/step
on time step 253 (time=1.265), 0.0299858 s/step
on time step 371 (time=1.855), 0.0340294 s/step
on time step 512 (time=2.56), 0.0284583 s/step
on time step 659 (time=3.295), 0.0272404 s/step
on time step 804 (time=4.02), 0.0277725 s/step
on time step 922 (time=4.61), 0.0341086 s/step
field decay(t = 5.005): 1.343634226638317 / 1.343634226638317 = 1.0
on time step 1036 (time=5.18), 0.0351486 s/step
on time step 1161 (time=5.805), 0.0321464 s/step
on time step 1289 (time=6.445), 0.0314069 s/step
on time step 1409 (time=7.045), 0.0334534 s/step
on time step 1520 (time=7.6), 0.036161 s/step
on time step 1638 (time=8.19), 0.0341254 s/step
on time step 1762 (time=8.81), 0.0324531 s/step
on time step 1895 (time=9.475), 0.0302349 s/step
field decay(t = 10.01): 3.1426795707713673 / 3.1426795707713673 = 1.0
on time step 2041 (time=10.205), 0.0275454 s/step
on time step 2189 (time=10.945), 0.0270584 s/step
on time step 2336 (time=11.68), 0.0273356 s/step
on time step 2483 (time=12.415), 0.0273673 s/step
on time step 2630 (time=13.15), 0.0273277 s/step
on time step 2776 (time=13.88), 0.0274983 s/step
on time step 2916 (time=14.58), 0.0285967 s/step
on time step 2987 (time=14.935), 0.0577148 s/step
field decay(t = 15.015): 0.4452837408495367 / 3.1426795707713673 = 0.1416891957394951
on time step 3014 (time=15.07), 0.15765 s/step
on time step 3032 (time=15.16), 0.225536 s/step
on time step 3067 (time=15.335), 0.115837 s/step
on time step 3093 (time=15.465), 0.154537 s/step
on time step 3110 (time=15.55), 0.24096 s/step
on time step 3185 (time=15.925), 0.0534642 s/step
on time step 3280 (time=16.4), 0.0421157 s/step
on time step 3369 (time=16.845), 0.0454248 s/step
on time step 3443 (time=17.215), 0.0541724 s/step
on time step 3513 (time=17.565), 0.0571464 s/step
on time step 3619 (time=18.095), 0.037991 s/step
on time step 3760 (time=18.8), 0.0284194 s/step
on time step 3898 (time=19.49), 0.029127 s/step
field decay(t = 20.02): 0.021530009032124944 / 3.1426795707713673 = 0.006850844493458946
on time step 4044 (time=20.22), 0.027588 s/step
on time step 4179 (time=20.895), 0.0298047 s/step
on time step 4319 (time=21.595), 0.0286547 s/step
on time step 4463 (time=22.315), 0.0278623 s/step
on time step 4548 (time=22.74), 0.0477785 s/step
on time step 4617 (time=23.085), 0.0581881 s/step
on time step 4759 (time=23.795), 0.0282263 s/step
on time step 4906 (time=24.53), 0.0273554 s/step
field decay(t = 25.025000000000002): 0.0013612706962401978 / 3.1426795707713673 = 0.0004331560585752226
on time step 5043 (time=25.215), 0.0293227 s/step
on time step 5174 (time=25.87), 0.0306962 s/step
on time step 5310 (time=26.55), 0.0294805 s/step
on time step 5454 (time=27.27), 0.027811 s/step
on time step 5596 (time=27.98), 0.0283162 s/step
on time step 5708 (time=28.54), 0.0358346 s/step
on time step 5830 (time=29.15), 0.0329334 s/step
on time step 5964 (time=29.82), 0.0300634 s/step
field decay(t = 30.03): 7.087755703646911e-05 / 3.1426795707713673 = 2.2553224228034258e-05
on time step 6108 (time=30.54), 0.0279185 s/step
on time step 6249 (time=31.245), 0.0284686 s/step
on time step 6381 (time=31.905), 0.0304844 s/step
on time step 6502 (time=32.51), 0.0333214 s/step
on time step 6610 (time=33.05), 0.0371777 s/step
on time step 6733 (time=33.665), 0.0326716 s/step
on time step 6872 (time=34.36), 0.0287833 s/step
field decay(t = 35.035000000000004): 3.5211698069936685e-06 / 3.1426795707713673 = 1.1204355161571248e-06
on time step 7010 (time=35.05), 0.0291101 s/step
on time step 7104 (time=35.52), 0.042744 s/step
on time step 7219 (time=36.095), 0.0349288 s/step
on time step 7349 (time=36.745), 0.0307908 s/step
on time step 7494 (time=37.47), 0.0277914 s/step
on time step 7638 (time=38.19), 0.0279398 s/step
on time step 7777 (time=38.885), 0.0289296 s/step
on time step 7908 (time=39.54), 0.0306472 s/step
field decay(t = 40.04): 2.1685564806315588e-07 / 3.1426795707713673 = 6.900342309156542e-08
run 0 finished at t = 40.04 (8008 timesteps)
Transmission at f = 1.6666666666666667 (lambda = 600 nm): 0.12623253336262755
l1 = 0.1668734574573449, l2 = 0.331587572063818
-----------
Initializing structure...
time for choose_chunkdivision = 2.00272e-05 s
Working in 3D dimensions.
Computational cell is 0.5 x 0.5 x 1.5 with resolution 100
time for set_epsilon = 0.82797 s
time for set_conductivity = 0.0186901 s
time for set_conductivity = 0.014765 s
time for set_conductivity = 0.017626 s
time for set_conductivity = 0.019244 s
time for set_conductivity = 0.0154119 s
time for set_conductivity = 0.0155859 s
-----------
on time step 564 (time=2.82), 0.00709832 s/step
field decay(t = 5.005): 0.22967502551788954 / 0.22967502551788954 = 1.0
on time step 1144 (time=5.72), 0.00690243 s/step
on time step 1705 (time=8.525), 0.00713979 s/step
field decay(t = 10.01): 0.2504808233534304 / 0.2504808233534304 = 1.0
on time step 2181 (time=10.905), 0.00841646 s/step
on time step 2719 (time=13.595), 0.00744575 s/step
field decay(t = 15.015): 4.890956457152761e-11 / 0.2504808233534304 = 1.9526271080048243e-10
run 0 finished at t = 15.015 (3003 timesteps)
-----------
Initializing structure...
time for choose_chunkdivision = 7.89165e-05 s
Working in 3D dimensions.
Computational cell is 0.5 x 0.5 x 1.5 with resolution 100
     block, center = (0,0,0)
          size (1e+20,1e+20,0.2)
          axes (1,0,0), (0,1,0), (0,0,1)
          dielectric constant epsilon diagonal = (1,1,1)
     block, center = (0,0,0)
          size (0.0504089,0.186768,0.2)
          axes (1,0,0), (0,1,0), (0,0,1)
          dielectric constant epsilon diagonal = (1,1,1)
time for set_epsilon = 2.09094 s
time for set_conductivity = 0.0357201 s
time for set_conductivity = 0.0348542 s
time for set_conductivity = 0.0374911 s
time for set_conductivity = 0.03947 s
time for set_conductivity = 0.0355251 s
time for set_conductivity = 0.036639 s
lorentzian susceptibility: frequency=16.365, gamma=1.95106
lorentzian susceptibility: frequency=7.32593, gamma=0.738804
lorentzian susceptibility: frequency=6.60165, gamma=0.052426
lorentzian susceptibility: frequency=3.61417, gamma=0.364563
lorentzian susceptibility: frequency=0.658148, gamma=3.13427
drude susceptibility: frequency=1e-10, gamma=0.0387146
-----------
on time step 109 (time=0.545), 0.0368123 s/step
on time step 242 (time=1.21), 0.0301791 s/step
on time step 349 (time=1.745), 0.0374917 s/step
on time step 482 (time=2.41), 0.0302262 s/step
on time step 599 (time=2.995), 0.0343026 s/step
on time step 737 (time=3.685), 0.0290865 s/step
on time step 848 (time=4.24), 0.0361186 s/step
on time step 945 (time=4.725), 0.0414304 s/step
field decay(t = 5.005): 1.7783204488297064 / 1.7783204488297064 = 1.0
on time step 1072 (time=5.36), 0.0316138 s/step
on time step 1175 (time=5.875), 0.0389546 s/step
on time step 1286 (time=6.43), 0.036146 s/step
on time step 1413 (time=7.065), 0.0317011 s/step
on time step 1551 (time=7.755), 0.0291112 s/step
on time step 1690 (time=8.45), 0.0288357 s/step
on time step 1801 (time=9.005), 0.0362899 s/step
on time step 1910 (time=9.55), 0.0367505 s/step
field decay(t = 10.01): 3.424004134335815 / 3.424004134335815 = 1.0
on time step 2053 (time=10.265), 0.0281085 s/step
on time step 2197 (time=10.985), 0.0278499 s/step
on time step 2341 (time=11.705), 0.0278297 s/step
on time step 2472 (time=12.36), 0.0306449 s/step
on time step 2607 (time=13.035), 0.0297633 s/step
on time step 2738 (time=13.69), 0.0305667 s/step
on time step 2874 (time=14.37), 0.0295266 s/step
field decay(t = 15.015): 0.383372288696474 / 3.424004134335815 = 0.11196607061657073
on time step 3019 (time=15.095), 0.0277718 s/step
on time step 3155 (time=15.775), 0.0294854 s/step
on time step 3282 (time=16.41), 0.031507 s/step
on time step 3394 (time=16.97), 0.035854 s/step
on time step 3510 (time=17.55), 0.0345315 s/step
on time step 3569 (time=17.845), 0.0684203 s/step
on time step 3633 (time=18.165), 0.0628514 s/step
on time step 3710 (time=18.55), 0.052011 s/step
on time step 3785 (time=18.925), 0.053785 s/step
on time step 3856 (time=19.28), 0.057082 s/step
on time step 3919 (time=19.595), 0.0642066 s/step
field decay(t = 20.02): 0.02561778147605878 / 3.424004134335815 = 0.007481819668137781
on time step 4014 (time=20.07), 0.042272 s/step
on time step 4128 (time=20.64), 0.03517 s/step
on time step 4259 (time=21.295), 0.0307444 s/step
on time step 4395 (time=21.975), 0.0295515 s/step
on time step 4528 (time=22.64), 0.030212 s/step
on time step 4662 (time=23.31), 0.0301611 s/step
on time step 4780 (time=23.9), 0.0341127 s/step
on time step 4913 (time=24.565), 0.0301805 s/step
field decay(t = 25.025000000000002): 0.001451836929155609 / 3.424004134335815 = 0.0004240172827470125
on time step 5041 (time=25.205), 0.0314282 s/step
on time step 5172 (time=25.86), 0.0306514 s/step
on time step 5270 (time=26.35), 0.0410402 s/step
on time step 5383 (time=26.915), 0.0355916 s/step
on time step 5514 (time=27.57), 0.0305857 s/step
on time step 5646 (time=28.23), 0.0305026 s/step
on time step 5775 (time=28.875), 0.0312123 s/step
on time step 5907 (time=29.535), 0.0304188 s/step
field decay(t = 30.03): 8.315121384478534e-05 / 3.424004134335815 = 2.428478780470717e-05
on time step 6039 (time=30.195), 0.0304757 s/step
on time step 6169 (time=30.845), 0.0309165 s/step
on time step 6297 (time=31.485), 0.0314054 s/step
on time step 6428 (time=32.14), 0.0305371 s/step
on time step 6558 (time=32.79), 0.0307963 s/step
on time step 6689 (time=33.445), 0.0306476 s/step
on time step 6819 (time=34.095), 0.0309887 s/step
on time step 6948 (time=34.74), 0.0311916 s/step
field decay(t = 35.035000000000004): 5.109557649507734e-06 / 3.424004134335815 = 1.4922755490477468e-06
on time step 7077 (time=35.385), 0.0310365 s/step
on time step 7200 (time=36), 0.0326798 s/step
on time step 7332 (time=36.66), 0.0303236 s/step
on time step 7475 (time=37.375), 0.0280097 s/step
on time step 7611 (time=38.055), 0.029551 s/step
on time step 7748 (time=38.74), 0.0293273 s/step
on time step 7883 (time=39.415), 0.029792 s/step
field decay(t = 40.04): 3.256016243946039e-07 / 3.424004134335815 = 9.509381753645686e-08
run 0 finished at t = 40.04 (8008 timesteps)
Transmission at f = 1.6666666666666667 (lambda = 600 nm): 0.0640602218772603
l1 = 0.10081777512203327, l2 = 0.3735353615695548
-----------
Initializing structure...
time for choose_chunkdivision = 1.78814e-05 s
Working in 3D dimensions.
Computational cell is 0.5 x 0.5 x 1.5 with resolution 100
time for set_epsilon = 0.648752 s
time for set_conductivity = 0.0137172 s
time for set_conductivity = 0.0137949 s
time for set_conductivity = 0.0209541 s
time for set_conductivity = 0.0153608 s
time for set_conductivity = 0.013258 s
time for set_conductivity = 0.013082 s
-----------
on time step 482 (time=2.41), 0.00831191 s/step
on time step 875 (time=4.375), 0.010197 s/step
field decay(t = 5.005): 0.22967502551788954 / 0.22967502551788954 = 1.0
on time step 1228 (time=6.14), 0.0113657 s/step
on time step 1559 (time=7.795), 0.0121113 s/step
on time step 1880 (time=9.4), 0.0125035 s/step
field decay(t = 10.01): 0.2504808233534304 / 0.2504808233534304 = 1.0
on time step 2210 (time=11.05), 0.0121411 s/step
on time step 2558 (time=12.79), 0.0115069 s/step
on time step 2890 (time=14.45), 0.0120839 s/step
field decay(t = 15.015): 4.890956457152761e-11 / 0.2504808233534304 = 1.9526271080048243e-10
run 0 finished at t = 15.015 (3003 timesteps)
-----------
Initializing structure...
time for choose_chunkdivision = 8.2016e-05 s
Working in 3D dimensions.
Computational cell is 0.5 x 0.5 x 1.5 with resolution 100
     block, center = (0,0,0)
          size (1e+20,1e+20,0.2)
          axes (1,0,0), (0,1,0), (0,0,1)
          dielectric constant epsilon diagonal = (1,1,1)
     block, center = (0,0,0)
          size (0.0834367,0.165794,0.2)
          axes (1,0,0), (0,1,0), (0,0,1)
          dielectric constant epsilon diagonal = (1,1,1)
time for set_epsilon = 1.99472 s
time for set_conductivity = 0.0298619 s
time for set_conductivity = 0.030329 s
time for set_conductivity = 0.029664 s
time for set_conductivity = 0.028897 s
time for set_conductivity = 0.028759 s
time for set_conductivity = 0.02862 s
lorentzian susceptibility: frequency=16.365, gamma=1.95106
lorentzian susceptibility: frequency=7.32593, gamma=0.738804
lorentzian susceptibility: frequency=6.60165, gamma=0.052426
lorentzian susceptibility: frequency=3.61417, gamma=0.364563
lorentzian susceptibility: frequency=0.658148, gamma=3.13427
drude susceptibility: frequency=1e-10, gamma=0.0387146
-----------
on time step 101 (time=0.505), 0.0396916 s/step
on time step 209 (time=1.045), 0.0372584 s/step
on time step 326 (time=1.63), 0.0343787 s/step
on time step 460 (time=2.3), 0.0299638 s/step
on time step 555 (time=2.775), 0.0424208 s/step
on time step 642 (time=3.21), 0.046261 s/step
on time step 729 (time=3.645), 0.0465589 s/step
on time step 795 (time=3.975), 0.0608267 s/step
on time step 877 (time=4.385), 0.0492141 s/step
on time step 939 (time=4.695), 0.0659121 s/step
field decay(t = 5.005): 1.343634226638317 / 1.343634226638317 = 1.0
on time step 1024 (time=5.12), 0.0473516 s/step
on time step 1094 (time=5.47), 0.0571776 s/step
on time step 1176 (time=5.88), 0.0494664 s/step
on time step 1271 (time=6.355), 0.0424017 s/step
on time step 1307 (time=6.535), 0.112465 s/step
on time step 1340 (time=6.7), 0.122129 s/step
on time step 1366 (time=6.83), 0.157123 s/step
on time step 1422 (time=7.11), 0.0716186 s/step
on time step 1490 (time=7.45), 0.0590839 s/step
on time step 1578 (time=7.89), 0.0456645 s/step
on time step 1683 (time=8.415), 0.038216 s/step
on time step 1799 (time=8.995), 0.0347924 s/step
on time step 1907 (time=9.535), 0.0372303 s/step
field decay(t = 10.01): 3.1426795707713673 / 3.1426795707713673 = 1.0
on time step 2025 (time=10.125), 0.0340296 s/step
on time step 2153 (time=10.765), 0.0313262 s/step
on time step 2272 (time=11.36), 0.0336638 s/step
on time step 2405 (time=12.025), 0.0301039 s/step
on time step 2533 (time=12.665), 0.0312656 s/step
on time step 2650 (time=13.25), 0.0342156 s/step
on time step 2778 (time=13.89), 0.0313041 s/step
on time step 2886 (time=14.43), 0.0374045 s/step
on time step 3001 (time=15.005), 0.0348206 s/step
field decay(t = 15.015): 0.4452837408495367 / 3.1426795707713673 = 0.1416891957394951
on time step 3118 (time=15.59), 0.0342737 s/step
on time step 3235 (time=16.175), 0.0342716 s/step
on time step 3352 (time=16.76), 0.0343891 s/step
on time step 3482 (time=17.41), 0.0308638 s/step
on time step 3559 (time=17.795), 0.0528038 s/step
on time step 3662 (time=18.31), 0.0390296 s/step
on time step 3801 (time=19.005), 0.0289736 s/step
on time step 3906 (time=19.53), 0.0382085 s/step
field decay(t = 20.02): 0.021530009032124944 / 3.1426795707713673 = 0.006850844493458946
on time step 4020 (time=20.1), 0.0351532 s/step
on time step 4124 (time=20.62), 0.0387233 s/step
on time step 4235 (time=21.175), 0.0362995 s/step
on time step 4348 (time=21.74), 0.0355501 s/step
on time step 4462 (time=22.31), 0.0351093 s/step
on time step 4577 (time=22.885), 0.0350676 s/step
on time step 4709 (time=23.545), 0.0303913 s/step
on time step 4853 (time=24.265), 0.0279731 s/step
on time step 4991 (time=24.955), 0.0291687 s/step
field decay(t = 25.025000000000002): 0.0013612706962401978 / 3.1426795707713673 = 0.0004331560585752226
on time step 5122 (time=25.61), 0.0305997 s/step
on time step 5254 (time=26.27), 0.0303181 s/step
on time step 5365 (time=26.825), 0.0360534 s/step
on time step 5493 (time=27.465), 0.0315189 s/step
on time step 5572 (time=27.86), 0.0509951 s/step
on time step 5698 (time=28.49), 0.0319291 s/step
on time step 5833 (time=29.165), 0.0296912 s/step
on time step 5958 (time=29.79), 0.0320479 s/step
field decay(t = 30.03): 7.087755703646911e-05 / 3.1426795707713673 = 2.2553224228034258e-05
on time step 6090 (time=30.45), 0.0304598 s/step
on time step 6213 (time=31.065), 0.0326628 s/step
on time step 6317 (time=31.585), 0.0384877 s/step
on time step 6434 (time=32.17), 0.0343487 s/step
on time step 6552 (time=32.76), 0.0340708 s/step
on time step 6672 (time=33.36), 0.0334511 s/step
on time step 6777 (time=33.885), 0.0383081 s/step
on time step 6891 (time=34.455), 0.0352418 s/step
field decay(t = 35.035000000000004): 3.5211698069936685e-06 / 3.1426795707713673 = 1.1204355161571248e-06
on time step 7008 (time=35.04), 0.0344363 s/step
on time step 7124 (time=35.62), 0.03452 s/step
on time step 7254 (time=36.27), 0.0308981 s/step
on time step 7384 (time=36.92), 0.0307885 s/step
on time step 7490 (time=37.45), 0.0377898 s/step
on time step 7601 (time=38.005), 0.036298 s/step
on time step 7708 (time=38.54), 0.037522 s/step
on time step 7817 (time=39.085), 0.0367278 s/step
on time step 7950 (time=39.75), 0.0301102 s/step
field decay(t = 40.04): 2.1685564806315588e-07 / 3.1426795707713673 = 6.900342309156542e-08
run 0 finished at t = 40.04 (8008 timesteps)
Transmission at f = 1.6666666666666667 (lambda = 600 nm): 0.12623253336262755
l1 = 0.1668734574573449, l2 = 0.331587572063818
Iteration: l1=0.166873, l2=0.331588, fom=-1.005278e-01
-----------
Initializing structure...
time for choose_chunkdivision = 1.28746e-05 s
Working in 3D dimensions.
Computational cell is 0.5 x 0.5 x 1.5 with resolution 100
time for set_epsilon = 0.784216 s
time for set_conductivity = 0.0140162 s
time for set_conductivity = 0.0137188 s
time for set_conductivity = 0.0138459 s
time for set_conductivity = 0.022414 s
time for set_conductivity = 0.0165808 s
time for set_conductivity = 0.0151238 s
-----------
on time step 594 (time=2.97), 0.00674214 s/step
field decay(t = 5.005): 0.22967502551788954 / 0.22967502551788954 = 1.0
on time step 1196 (time=5.98), 0.00665038 s/step
on time step 1786 (time=8.93), 0.00678697 s/step
field decay(t = 10.01): 0.2504808233534304 / 0.2504808233534304 = 1.0
on time step 2285 (time=11.425), 0.00802287 s/step
on time step 2769 (time=13.845), 0.008266 s/step
field decay(t = 15.015): 4.890956457152761e-11 / 0.2504808233534304 = 1.9526271080048243e-10
run 0 finished at t = 15.015 (3003 timesteps)
-----------
Initializing structure...
time for choose_chunkdivision = 4.88758e-05 s
Working in 3D dimensions.
Computational cell is 0.5 x 0.5 x 1.5 with resolution 100
     block, center = (0,0,0)
          size (1e+20,1e+20,0.2)
          axes (1,0,0), (0,1,0), (0,0,1)
          dielectric constant epsilon diagonal = (1,1,1)
     block, center = (0,0,0)
          size (0.05501,0.162198,0.2)
          axes (1,0,0), (0,1,0), (0,0,1)
          dielectric constant epsilon diagonal = (1,1,1)
time for set_epsilon = 1.34246 s
time for set_conductivity = 0.0244529 s
time for set_conductivity = 0.0252049 s
time for set_conductivity = 0.0289001 s
time for set_conductivity = 0.026479 s
time for set_conductivity = 0.025763 s
time for set_conductivity = 0.0297341 s
lorentzian susceptibility: frequency=16.365, gamma=1.95106
lorentzian susceptibility: frequency=7.32593, gamma=0.738804
lorentzian susceptibility: frequency=6.60165, gamma=0.052426
lorentzian susceptibility: frequency=3.61417, gamma=0.364563
lorentzian susceptibility: frequency=0.658148, gamma=3.13427
drude susceptibility: frequency=1e-10, gamma=0.0387146
-----------
on time step 113 (time=0.565), 0.0354722 s/step
on time step 217 (time=1.085), 0.0384741 s/step
on time step 331 (time=1.655), 0.0351626 s/step
on time step 454 (time=2.27), 0.0327397 s/step
on time step 556 (time=2.78), 0.0393803 s/step
on time step 667 (time=3.335), 0.0362972 s/step
on time step 785 (time=3.925), 0.0339675 s/step
on time step 908 (time=4.54), 0.0327334 s/step
field decay(t = 5.005): 1.6592034909272826 / 1.6592034909272826 = 1.0
on time step 1021 (time=5.105), 0.0356406 s/step
on time step 1118 (time=5.59), 0.041287 s/step
on time step 1215 (time=6.075), 0.041361 s/step
on time step 1309 (time=6.545), 0.0426212 s/step
on time step 1370 (time=6.85), 0.0663175 s/step
on time step 1430 (time=7.15), 0.0677847 s/step
on time step 1480 (time=7.4), 0.0823198 s/step
on time step 1512 (time=7.56), 0.125111 s/step
on time step 1535 (time=7.675), 0.178235 s/step
on time step 1591 (time=7.955), 0.0721525 s/step
on time step 1658 (time=8.29), 0.0602591 s/step
on time step 1730 (time=8.65), 0.0558274 s/step
on time step 1805 (time=9.025), 0.0541725 s/step
on time step 1873 (time=9.365), 0.0592073 s/step
on time step 1957 (time=9.785), 0.0479828 s/step
field decay(t = 10.01): 4.495716504077296 / 4.495716504077296 = 1.0
on time step 2055 (time=10.275), 0.0412598 s/step
on time step 2142 (time=10.71), 0.0459863 s/step
on time step 2233 (time=11.165), 0.0441682 s/step
on time step 2324 (time=11.62), 0.0442059 s/step
on time step 2417 (time=12.085), 0.0434016 s/step
on time step 2522 (time=12.61), 0.0383965 s/step
on time step 2626 (time=13.13), 0.0387538 s/step
on time step 2739 (time=13.695), 0.0355649 s/step
on time step 2839 (time=14.195), 0.0402139 s/step
on time step 2937 (time=14.685), 0.0408468 s/step
field decay(t = 15.015): 0.8756500535372168 / 4.495716504077296 = 0.19477430410548893
on time step 3035 (time=15.175), 0.0412463 s/step
on time step 3131 (time=15.655), 0.0419951 s/step
on time step 3229 (time=16.145), 0.0409665 s/step
on time step 3334 (time=16.67), 0.0382058 s/step
on time step 3437 (time=17.185), 0.0390231 s/step
on time step 3530 (time=17.65), 0.0433656 s/step
on time step 3636 (time=18.18), 0.0378514 s/step
on time step 3733 (time=18.665), 0.0413199 s/step
on time step 3820 (time=19.1), 0.046117 s/step
on time step 3922 (time=19.61), 0.0392255 s/step
field decay(t = 20.02): 0.055975086966946266 / 4.495716504077296 = 0.012450759943644318
on time step 4024 (time=20.12), 0.0395836 s/step
on time step 4124 (time=20.62), 0.0402715 s/step
on time step 4233 (time=21.165), 0.0367935 s/step
on time step 4346 (time=21.73), 0.0354692 s/step
on time step 4442 (time=22.21), 0.0419833 s/step
on time step 4554 (time=22.77), 0.0359731 s/step
on time step 4657 (time=23.285), 0.0389297 s/step
on time step 4746 (time=23.73), 0.0453977 s/step
on time step 4850 (time=24.25), 0.0387021 s/step
on time step 4957 (time=24.785), 0.0374718 s/step
field decay(t = 25.025000000000002): 0.0034928904862069573 / 4.495716504077296 = 0.0007769374432393931
on time step 5082 (time=25.41), 0.0322364 s/step
on time step 5194 (time=25.97), 0.0357703 s/step
on time step 5300 (time=26.5), 0.0378018 s/step
on time step 5380 (time=26.9), 0.0502832 s/step
on time step 5472 (time=27.36), 0.0439529 s/step
on time step 5569 (time=27.845), 0.0413095 s/step
on time step 5672 (time=28.36), 0.0388665 s/step
on time step 5779 (time=28.895), 0.0375141 s/step
on time step 5880 (time=29.4), 0.0399554 s/step
on time step 5990 (time=29.95), 0.0363904 s/step
field decay(t = 30.03): 0.000191047494616377 / 4.495716504077296 = 4.249544971154442e-05
on time step 6088 (time=30.44), 0.0408767 s/step
on time step 6191 (time=30.955), 0.0390696 s/step
on time step 6295 (time=31.475), 0.0388588 s/step
on time step 6386 (time=31.93), 0.0442816 s/step
on time step 6477 (time=32.385), 0.0441698 s/step
on time step 6567 (time=32.835), 0.0446631 s/step
on time step 6653 (time=33.265), 0.0469203 s/step
on time step 6741 (time=33.705), 0.0459541 s/step
on time step 6851 (time=34.255), 0.0365669 s/step
on time step 6955 (time=34.775), 0.0387854 s/step
field decay(t = 35.035000000000004): 1.2292289762894685e-05 / 4.495716504077296 = 2.7342226209651897e-06
on time step 7064 (time=35.32), 0.0370927 s/step
on time step 7169 (time=35.845), 0.0382531 s/step
on time step 7258 (time=36.29), 0.0453237 s/step
on time step 7361 (time=36.805), 0.0391079 s/step
on time step 7465 (time=37.325), 0.0386824 s/step
on time step 7554 (time=37.77), 0.0451915 s/step
on time step 7661 (time=38.305), 0.0376681 s/step
on time step 7774 (time=38.87), 0.0354194 s/step
on time step 7874 (time=39.37), 0.0400595 s/step
on time step 7978 (time=39.89), 0.0388573 s/step
field decay(t = 40.04): 7.927400039563875e-07 / 4.495716504077296 = 1.763322939152032e-07
run 0 finished at t = 40.04 (8008 timesteps)
Transmission at f = 1.6666666666666667 (lambda = 600 nm): 0.11479480080524777
l1 = 0.11002009348504066, l2 = 0.3243961131647745
-----------
Initializing structure...
time for choose_chunkdivision = 5.19753e-05 s
Working in 3D dimensions.
Computational cell is 0.5 x 0.5 x 1.5 with resolution 100
time for set_epsilon = 1.0908 s
time for set_conductivity = 0.0193031 s
time for set_conductivity = 0.0330198 s
time for set_conductivity = 0.0269032 s
time for set_conductivity = 0.020143 s
time for set_conductivity = 0.020777 s
time for set_conductivity = 0.02424 s
-----------
on time step 387 (time=1.935), 0.0103583 s/step
on time step 791 (time=3.955), 0.00991387 s/step
field decay(t = 5.005): 0.22967502551788954 / 0.22967502551788954 = 1.0
on time step 1179 (time=5.895), 0.0103149 s/step
on time step 1602 (time=8.01), 0.00947201 s/step
field decay(t = 10.01): 0.2504808233534304 / 0.2504808233534304 = 1.0
on time step 2017 (time=10.085), 0.00965223 s/step
on time step 2474 (time=12.37), 0.00875404 s/step
on time step 2821 (time=14.105), 0.0115354 s/step
field decay(t = 15.015): 4.890956457152761e-11 / 0.2504808233534304 = 1.9526271080048243e-10
run 0 finished at t = 15.015 (3003 timesteps)
-----------
Initializing structure...
time for choose_chunkdivision = 7.41482e-05 s
Working in 3D dimensions.
Computational cell is 0.5 x 0.5 x 1.5 with resolution 100
     block, center = (0,0,0)
          size (1e+20,1e+20,0.2)
          axes (1,0,0), (0,1,0), (0,0,1)
          dielectric constant epsilon diagonal = (1,1,1)
     block, center = (0,0,0)
          size (0.0834367,0.165794,0.2)
          axes (1,0,0), (0,1,0), (0,0,1)
          dielectric constant epsilon diagonal = (1,1,1)
time for set_epsilon = 1.8731 s
time for set_conductivity = 0.036185 s
time for set_conductivity = 0.028626 s
time for set_conductivity = 0.0390279 s
time for set_conductivity = 0.0283449 s
time for set_conductivity = 0.0280881 s
time for set_conductivity = 0.029407 s
lorentzian susceptibility: frequency=16.365, gamma=1.95106
lorentzian susceptibility: frequency=7.32593, gamma=0.738804
lorentzian susceptibility: frequency=6.60165, gamma=0.052426
lorentzian susceptibility: frequency=3.61417, gamma=0.364563
lorentzian susceptibility: frequency=0.658148, gamma=3.13427
drude susceptibility: frequency=1e-10, gamma=0.0387146
-----------
on time step 97 (time=0.485), 0.0414508 s/step
on time step 206 (time=1.03), 0.036846 s/step
on time step 309 (time=1.545), 0.0391465 s/step
on time step 397 (time=1.985), 0.0454728 s/step
on time step 522 (time=2.61), 0.0321552 s/step
on time step 633 (time=3.165), 0.0360788 s/step
on time step 695 (time=3.475), 0.0649111 s/step
on time step 747 (time=3.735), 0.0783638 s/step
on time step 818 (time=4.09), 0.0565855 s/step
on time step 922 (time=4.61), 0.038723 s/step
field decay(t = 5.005): 1.343634226638317 / 1.343634226638317 = 1.0
on time step 1036 (time=5.18), 0.0353153 s/step
on time step 1157 (time=5.785), 0.033251 s/step
on time step 1271 (time=6.355), 0.035095 s/step
on time step 1380 (time=6.9), 0.0368526 s/step
on time step 1491 (time=7.455), 0.0363487 s/step
on time step 1585 (time=7.925), 0.0427185 s/step
on time step 1697 (time=8.485), 0.0357345 s/step
on time step 1806 (time=9.03), 0.0370376 s/step
on time step 1914 (time=9.57), 0.0372498 s/step
field decay(t = 10.01): 3.1426795707713673 / 3.1426795707713673 = 1.0
on time step 2011 (time=10.055), 0.0421644 s/step
on time step 2105 (time=10.525), 0.0429741 s/step
on time step 2197 (time=10.985), 0.0436211 s/step
on time step 2263 (time=11.315), 0.0609733 s/step
on time step 2329 (time=11.645), 0.0607344 s/step
on time step 2430 (time=12.15), 0.0397432 s/step
on time step 2534 (time=12.67), 0.0384967 s/step
on time step 2612 (time=13.06), 0.0513961 s/step
on time step 2689 (time=13.445), 0.0524105 s/step
on time step 2794 (time=13.97), 0.038304 s/step
on time step 2888 (time=14.44), 0.0427493 s/step
on time step 2983 (time=14.915), 0.0425119 s/step
field decay(t = 15.015): 0.4452837408495367 / 3.1426795707713673 = 0.1416891957394951
on time step 3093 (time=15.465), 0.0364909 s/step
on time step 3208 (time=16.04), 0.0349016 s/step
on time step 3316 (time=16.58), 0.0373624 s/step
on time step 3434 (time=17.17), 0.0340381 s/step
on time step 3547 (time=17.735), 0.0354255 s/step
on time step 3656 (time=18.28), 0.0369294 s/step
on time step 3759 (time=18.795), 0.0390586 s/step
on time step 3875 (time=19.375), 0.0348264 s/step
on time step 3982 (time=19.91), 0.0374493 s/step
field decay(t = 20.02): 0.021530009032124944 / 3.1426795707713673 = 0.006850844493458946
on time step 4050 (time=20.25), 0.0597539 s/step
on time step 4087 (time=20.435), 0.108423 s/step
on time step 4174 (time=20.87), 0.0460484 s/step
on time step 4291 (time=21.455), 0.0344171 s/step
on time step 4409 (time=22.045), 0.0339073 s/step
on time step 4530 (time=22.65), 0.0332189 s/step
on time step 4638 (time=23.19), 0.0370525 s/step
on time step 4755 (time=23.775), 0.0342102 s/step
on time step 4849 (time=24.245), 0.0428986 s/step
on time step 4943 (time=24.715), 0.0426807 s/step
field decay(t = 25.025000000000002): 0.0013612706962401978 / 3.1426795707713673 = 0.0004331560585752226
on time step 5034 (time=25.17), 0.044335 s/step
on time step 5136 (time=25.68), 0.0393473 s/step
on time step 5228 (time=26.14), 0.0435978 s/step
on time step 5323 (time=26.615), 0.0423903 s/step
on time step 5376 (time=26.88), 0.0755722 s/step
on time step 5410 (time=27.05), 0.117763 s/step
on time step 5451 (time=27.255), 0.0978336 s/step
on time step 5497 (time=27.485), 0.0881849 s/step
on time step 5542 (time=27.71), 0.0904285 s/step
on time step 5584 (time=27.92), 0.0954692 s/step
on time step 5654 (time=28.27), 0.0576023 s/step
on time step 5716 (time=28.58), 0.0655223 s/step
on time step 5743 (time=28.715), 0.150951 s/step
on time step 5785 (time=28.925), 0.0967184 s/step
on time step 5842 (time=29.21), 0.0711615 s/step
on time step 5920 (time=29.6), 0.0513672 s/step
field decay(t = 30.03): 7.087755703646911e-05 / 3.1426795707713673 = 2.2553224228034258e-05
on time step 6019 (time=30.095), 0.040742 s/step
on time step 6127 (time=30.635), 0.03734 s/step
on time step 6226 (time=31.13), 0.0406348 s/step
on time step 6331 (time=31.655), 0.0383217 s/step
on time step 6449 (time=32.245), 0.0340585 s/step
on time step 6564 (time=32.82), 0.0350208 s/step
on time step 6660 (time=33.3), 0.0420764 s/step
on time step 6753 (time=33.765), 0.0436455 s/step
on time step 6847 (time=34.235), 0.0428734 s/step
on time step 6951 (time=34.755), 0.0388095 s/step
field decay(t = 35.035000000000004): 3.5211698069936685e-06 / 3.1426795707713673 = 1.1204355161571248e-06
on time step 7007 (time=35.035), 0.0721126 s/step
on time step 7090 (time=35.45), 0.0486684 s/step
on time step 7138 (time=35.69), 0.0840873 s/step
on time step 7247 (time=36.235), 0.0369122 s/step
on time step 7359 (time=36.795), 0.035955 s/step
on time step 7469 (time=37.345), 0.0366374 s/step
on time step 7587 (time=37.935), 0.0340096 s/step
on time step 7699 (time=38.495), 0.0358906 s/step
on time step 7807 (time=39.035), 0.037212 s/step
on time step 7916 (time=39.58), 0.0369522 s/step
field decay(t = 40.04): 2.1685564806315588e-07 / 3.1426795707713673 = 6.900342309156542e-08
run 0 finished at t = 40.04 (8008 timesteps)
Transmission at f = 1.6666666666666667 (lambda = 600 nm): 0.12623253336262755
l1 = 0.1668734574573449, l2 = 0.331587572063818
Iteration: l1=0.166873, l2=0.331588, fom=-1.005278e-01
-----------
Initializing structure...
time for choose_chunkdivision = 4.41074e-05 s
Working in 3D dimensions.
Computational cell is 0.5 x 0.5 x 1.5 with resolution 100
time for set_epsilon = 0.8996 s
time for set_conductivity = 0.091099 s
time for set_conductivity = 0.036685 s
time for set_conductivity = 0.0269148 s
time for set_conductivity = 0.0368669 s
time for set_conductivity = 0.023766 s
time for set_conductivity = 0.024595 s
-----------
on time step 372 (time=1.86), 0.0107826 s/step
on time step 766 (time=3.83), 0.0101684 s/step
field decay(t = 5.005): 0.22967502551788954 / 0.22967502551788954 = 1.0
on time step 1162 (time=5.81), 0.010127 s/step
on time step 1435 (time=7.175), 0.014692 s/step
on time step 1823 (time=9.115), 0.010319 s/step
field decay(t = 10.01): 0.2504808233534304 / 0.2504808233534304 = 1.0
on time step 2243 (time=11.215), 0.0095322 s/step
on time step 2731 (time=13.655), 0.00821274 s/step
field decay(t = 15.015): 4.890956457152761e-11 / 0.2504808233534304 = 1.9526271080048243e-10
run 0 finished at t = 15.015 (3003 timesteps)
-----------
Initializing structure...
time for choose_chunkdivision = 1.78814e-05 s
Working in 3D dimensions.
Computational cell is 0.5 x 0.5 x 1.5 with resolution 100
     block, center = (0,0,0)
          size (1e+20,1e+20,0.2)
          axes (1,0,0), (0,1,0), (0,0,1)
          dielectric constant epsilon diagonal = (1,1,1)
     block, center = (0,0,0)
          size (0.0361955,0.18497,0.2)
          axes (1,0,0), (0,1,0), (0,0,1)
          dielectric constant epsilon diagonal = (1,1,1)
time for set_epsilon = 1.53921 s
time for set_conductivity = 0.031389 s
time for set_conductivity = 0.0334091 s
time for set_conductivity = 0.028806 s
time for set_conductivity = 0.0297401 s
time for set_conductivity = 0.0302241 s
time for set_conductivity = 0.0338051 s
lorentzian susceptibility: frequency=16.365, gamma=1.95106
lorentzian susceptibility: frequency=7.32593, gamma=0.738804
lorentzian susceptibility: frequency=6.60165, gamma=0.052426
lorentzian susceptibility: frequency=3.61417, gamma=0.364563
lorentzian susceptibility: frequency=0.658148, gamma=3.13427
drude susceptibility: frequency=1e-10, gamma=0.0387146
-----------
on time step 83 (time=0.415), 0.0485397 s/step
on time step 194 (time=0.97), 0.0361095 s/step
on time step 301 (time=1.505), 0.0376395 s/step
on time step 410 (time=2.05), 0.0367151 s/step
on time step 503 (time=2.515), 0.0433145 s/step
on time step 614 (time=3.07), 0.0360935 s/step
on time step 729 (time=3.645), 0.0348761 s/step
on time step 847 (time=4.235), 0.0341005 s/step
on time step 962 (time=4.81), 0.0349905 s/step
field decay(t = 5.005): 2.121522467561567 / 2.121522467561567 = 1.0
on time step 1078 (time=5.39), 0.0346709 s/step
on time step 1192 (time=5.96), 0.035098 s/step
on time step 1307 (time=6.535), 0.0350408 s/step
on time step 1431 (time=7.155), 0.0323515 s/step
on time step 1558 (time=7.79), 0.0316914 s/step
on time step 1686 (time=8.43), 0.0315472 s/step
on time step 1782 (time=8.91), 0.0419584 s/step
on time step 1902 (time=9.51), 0.0333498 s/step
field decay(t = 10.01): 3.1243253675371596 / 3.1243253675371596 = 1.0
on time step 2017 (time=10.085), 0.0349306 s/step
on time step 2135 (time=10.675), 0.0341302 s/step
on time step 2251 (time=11.255), 0.0346336 s/step
on time step 2370 (time=11.85), 0.0336488 s/step
on time step 2493 (time=12.465), 0.0327062 s/step
on time step 2605 (time=13.025), 0.03594 s/step
on time step 2715 (time=13.575), 0.0365878 s/step
on time step 2809 (time=14.045), 0.0428707 s/step
on time step 2909 (time=14.545), 0.0400222 s/step
on time step 2998 (time=14.99), 0.0449832 s/step
field decay(t = 15.015): 0.16036550916319603 / 3.1243253675371596 = 0.051328043752885064
on time step 3092 (time=15.46), 0.0425611 s/step
on time step 3207 (time=16.035), 0.0348695 s/step
on time step 3323 (time=16.615), 0.0347743 s/step
on time step 3437 (time=17.185), 0.0352826 s/step
on time step 3548 (time=17.74), 0.0361235 s/step
on time step 3655 (time=18.275), 0.0375814 s/step
on time step 3753 (time=18.765), 0.0410666 s/step
on time step 3854 (time=19.27), 0.0398554 s/step
on time step 3960 (time=19.8), 0.0377825 s/step
field decay(t = 20.02): 0.013261607860970534 / 3.1243253675371596 = 0.0042446308565565255
on time step 4072 (time=20.36), 0.0358437 s/step
on time step 4186 (time=20.93), 0.0351149 s/step
on time step 4301 (time=21.505), 0.0349887 s/step
on time step 4404 (time=22.02), 0.0395735 s/step
on time step 4497 (time=22.485), 0.0433928 s/step
on time step 4610 (time=23.05), 0.0354382 s/step
on time step 4705 (time=23.525), 0.0425215 s/step
on time step 4780 (time=23.9), 0.053348 s/step
on time step 4852 (time=24.26), 0.0560863 s/step
on time step 4948 (time=24.74), 0.04196 s/step
field decay(t = 25.025000000000002): 0.0012429781329995157 / 3.1243253675371596 = 0.0003978388889692783
on time step 5040 (time=25.2), 0.0440242 s/step
on time step 5151 (time=25.755), 0.0362863 s/step
on time step 5284 (time=26.42), 0.0301518 s/step
on time step 5385 (time=26.925), 0.0399201 s/step
on time step 5488 (time=27.44), 0.0390291 s/step
on time step 5584 (time=27.92), 0.0418319 s/step
on time step 5686 (time=28.43), 0.0393602 s/step
on time step 5786 (time=28.93), 0.0403211 s/step
on time step 5887 (time=29.435), 0.0399983 s/step
on time step 5960 (time=29.8), 0.0549622 s/step
field decay(t = 30.03): 0.00011797223807622792 / 3.1243253675371596 = 3.775926774528703e-05
on time step 6041 (time=30.205), 0.0494117 s/step
on time step 6142 (time=30.71), 0.039659 s/step
on time step 6232 (time=31.16), 0.0447584 s/step
on time step 6319 (time=31.595), 0.0463525 s/step
on time step 6401 (time=32.005), 0.049075 s/step
on time step 6490 (time=32.45), 0.0450241 s/step
on time step 6587 (time=32.935), 0.0415482 s/step
on time step 6678 (time=33.39), 0.0441332 s/step
on time step 6800 (time=34), 0.0328444 s/step
on time step 6933 (time=34.665), 0.0300975 s/step
field decay(t = 35.035000000000004): 9.896120464108342e-06 / 3.1243253675371596 = 3.1674423435319883e-06
on time step 7066 (time=35.33), 0.0302531 s/step
on time step 7181 (time=35.905), 0.035069 s/step
on time step 7300 (time=36.5), 0.0336528 s/step
on time step 7412 (time=37.06), 0.0358798 s/step
on time step 7504 (time=37.52), 0.0438141 s/step
on time step 7595 (time=37.975), 0.0442363 s/step
on time step 7706 (time=38.53), 0.0361794 s/step
on time step 7796 (time=38.98), 0.0445204 s/step
on time step 7891 (time=39.455), 0.0421467 s/step
on time step 7991 (time=39.955), 0.0400239 s/step
field decay(t = 40.04): 8.243159025076813e-07 / 3.1243253675371596 = 2.6383804679007307e-07
run 0 finished at t = 40.04 (8008 timesteps)
Transmission at f = 1.6666666666666667 (lambda = 600 nm): 0.04162397225288554
l1 = 0.07239109313588118, l2 = 0.3699396321200331
-----------
Initializing structure...
time for choose_chunkdivision = 4.00543e-05 s
Working in 3D dimensions.
Computational cell is 0.5 x 0.5 x 1.5 with resolution 100
time for set_epsilon = 0.899962 s
time for set_conductivity = 0.0179961 s
time for set_conductivity = 0.016634 s
time for set_conductivity = 0.0168371 s
time for set_conductivity = 0.0182891 s
time for set_conductivity = 0.022115 s
time for set_conductivity = 0.02196 s
-----------
on time step 427 (time=2.135), 0.00937141 s/step
on time step 789 (time=3.945), 0.0110499 s/step
field decay(t = 5.005): 0.22967502551788954 / 0.22967502551788954 = 1.0
on time step 1181 (time=5.905), 0.0102127 s/step
on time step 1641 (time=8.205), 0.00870746 s/step
field decay(t = 10.01): 0.2504808233534304 / 0.2504808233534304 = 1.0
on time step 2095 (time=10.475), 0.00881099 s/step
on time step 2549 (time=12.745), 0.00882729 s/step
on time step 2982 (time=14.91), 0.009268 s/step
field decay(t = 15.015): 4.890956457152761e-11 / 0.2504808233534304 = 1.9526271080048243e-10
run 0 finished at t = 15.015 (3003 timesteps)
-----------
Initializing structure...
time for choose_chunkdivision = 6.8903e-05 s
Working in 3D dimensions.
Computational cell is 0.5 x 0.5 x 1.5 with resolution 100
     block, center = (0,0,0)
          size (1e+20,1e+20,0.2)
          axes (1,0,0), (0,1,0), (0,0,1)
          dielectric constant epsilon diagonal = (1,1,1)
     block, center = (0,0,0)
          size (0.0857373,0.153509,0.2)
          axes (1,0,0), (0,1,0), (0,0,1)
          dielectric constant epsilon diagonal = (1,1,1)
time for set_epsilon = 1.61824 s
time for set_conductivity = 0.0485861 s
time for set_conductivity = 0.037899 s
time for set_conductivity = 0.0243311 s
time for set_conductivity = 0.0244892 s
time for set_conductivity = 0.0257149 s
time for set_conductivity = 0.0252478 s
lorentzian susceptibility: frequency=16.365, gamma=1.95106
lorentzian susceptibility: frequency=7.32593, gamma=0.738804
lorentzian susceptibility: frequency=6.60165, gamma=0.052426
lorentzian susceptibility: frequency=3.61417, gamma=0.364563
lorentzian susceptibility: frequency=0.658148, gamma=3.13427
drude susceptibility: frequency=1e-10, gamma=0.0387146
-----------
on time step 81 (time=0.405), 0.0494179 s/step
on time step 182 (time=0.91), 0.0396847 s/step
on time step 289 (time=1.445), 0.0373898 s/step
on time step 397 (time=1.985), 0.0371143 s/step
on time step 506 (time=2.53), 0.0370051 s/step
on time step 613 (time=3.065), 0.0375395 s/step
on time step 720 (time=3.6), 0.0374309 s/step
on time step 825 (time=4.125), 0.0383236 s/step
on time step 920 (time=4.6), 0.0421471 s/step
field decay(t = 5.005): 1.111657252617529 / 1.111657252617529 = 1.0
on time step 1020 (time=5.1), 0.0401502 s/step
on time step 1121 (time=5.605), 0.039834 s/step
on time step 1209 (time=6.045), 0.045554 s/step
on time step 1300 (time=6.5), 0.0440175 s/step
on time step 1396 (time=6.98), 0.0417791 s/step
on time step 1493 (time=7.465), 0.0415857 s/step
on time step 1586 (time=7.93), 0.0432712 s/step
on time step 1686 (time=8.43), 0.0402836 s/step
on time step 1789 (time=8.945), 0.0390476 s/step
on time step 1900 (time=9.5), 0.0362895 s/step
field decay(t = 10.01): 3.062025660092323 / 3.062025660092323 = 1.0
on time step 2004 (time=10.02), 0.038588 s/step
on time step 2099 (time=10.495), 0.0421419 s/step
on time step 2184 (time=10.92), 0.0472069 s/step
on time step 2271 (time=11.355), 0.0463868 s/step
on time step 2342 (time=11.71), 0.0563727 s/step
on time step 2437 (time=12.185), 0.0423224 s/step
on time step 2534 (time=12.67), 0.0415094 s/step
on time step 2629 (time=13.145), 0.0424452 s/step
on time step 2728 (time=13.64), 0.04048 s/step
on time step 2822 (time=14.11), 0.0428424 s/step
on time step 2928 (time=14.64), 0.0380005 s/step
field decay(t = 15.015): 0.5812671746961346 / 3.062025660092323 = 0.18983092867961432
on time step 3042 (time=15.21), 0.0351045 s/step
on time step 3151 (time=15.755), 0.0370091 s/step
on time step 3241 (time=16.205), 0.0444864 s/step
on time step 3340 (time=16.7), 0.0405261 s/step
on time step 3444 (time=17.22), 0.0385673 s/step
on time step 3534 (time=17.67), 0.0447861 s/step
on time step 3650 (time=18.25), 0.0344931 s/step
on time step 3767 (time=18.835), 0.0342042 s/step
on time step 3872 (time=19.36), 0.0381056 s/step
on time step 3973 (time=19.865), 0.0397194 s/step
field decay(t = 20.02): 0.030909442509944506 / 3.062025660092323 = 0.010094442679821488
on time step 4074 (time=20.37), 0.0398518 s/step
on time step 4187 (time=20.935), 0.0357056 s/step
on time step 4252 (time=21.26), 0.0620259 s/step
on time step 4318 (time=21.59), 0.0611123 s/step
on time step 4383 (time=21.915), 0.062123 s/step
on time step 4456 (time=22.28), 0.0551456 s/step
on time step 4534 (time=22.67), 0.051663 s/step
on time step 4625 (time=23.125), 0.0441345 s/step
on time step 4720 (time=23.6), 0.0421806 s/step
on time step 4792 (time=23.96), 0.0559102 s/step
on time step 4857 (time=24.285), 0.0621278 s/step
on time step 4955 (time=24.775), 0.0412296 s/step
field decay(t = 25.025000000000002): 0.0018484161573302936 / 3.062025660092323 = 0.0006036579580050163
on time step 5042 (time=25.21), 0.0461687 s/step
on time step 5111 (time=25.555), 0.0587923 s/step
on time step 5183 (time=25.915), 0.0562829 s/step
on time step 5277 (time=26.385), 0.0429418 s/step
on time step 5333 (time=26.665), 0.0719196 s/step
on time step 5410 (time=27.05), 0.0519516 s/step
on time step 5488 (time=27.44), 0.0518503 s/step
on time step 5576 (time=27.88), 0.0456945 s/step
on time step 5688 (time=28.44), 0.0358167 s/step
on time step 5805 (time=29.025), 0.0343814 s/step
on time step 5921 (time=29.605), 0.0345661 s/step
field decay(t = 30.03): 9.377103391812456e-05 / 3.062025660092323 = 3.062385633806128e-05
on time step 6040 (time=30.2), 0.0337751 s/step
on time step 6160 (time=30.8), 0.0334467 s/step
on time step 6279 (time=31.395), 0.0338117 s/step
on time step 6397 (time=31.985), 0.0340521 s/step
on time step 6517 (time=32.585), 0.0335254 s/step
on time step 6634 (time=33.17), 0.0343709 s/step
on time step 6730 (time=33.65), 0.0419077 s/step
on time step 6823 (time=34.115), 0.04322 s/step
on time step 6930 (time=34.65), 0.037433 s/step
field decay(t = 35.035000000000004): 5.642191086366536e-06 / 3.062025660092323 = 1.8426335088898042e-06
on time step 7009 (time=35.045), 0.0510364 s/step
on time step 7099 (time=35.495), 0.0448197 s/step
on time step 7195 (time=35.975), 0.0418882 s/step
on time step 7277 (time=36.385), 0.0488976 s/step
on time step 7345 (time=36.725), 0.0597992 s/step
on time step 7416 (time=37.08), 0.0569162 s/step
on time step 7498 (time=37.49), 0.0489452 s/step
on time step 7584 (time=37.92), 0.0469374 s/step
on time step 7664 (time=38.32), 0.0511666 s/step
on time step 7756 (time=38.78), 0.0437781 s/step
on time step 7849 (time=39.245), 0.0430934 s/step
on time step 7934 (time=39.67), 0.0475641 s/step
field decay(t = 40.04): 3.337210659986645e-07 / 3.062025660092323 = 1.0898702461840326e-07
run 0 finished at t = 40.04 (8008 timesteps)
Transmission at f = 1.6666666666666667 (lambda = 600 nm): 0.19052917122522633
l1 = 0.17147461663884855, l2 = 0.30701794786142783
-----------
Initializing structure...
time for choose_chunkdivision = 4.69685e-05 s
Working in 3D dimensions.
Computational cell is 0.5 x 0.5 x 1.5 with resolution 100
time for set_epsilon = 1.19733 s
time for set_conductivity = 0.0184109 s
time for set_conductivity = 0.0365019 s
time for set_conductivity = 0.022351 s
time for set_conductivity = 0.0274122 s
time for set_conductivity = 0.049624 s
time for set_conductivity = 0.0627739 s
-----------
on time step 338 (time=1.69), 0.0118464 s/step
on time step 720 (time=3.6), 0.0104942 s/step
field decay(t = 5.005): 0.22967502551788954 / 0.22967502551788954 = 1.0
on time step 1035 (time=5.175), 0.0127301 s/step
on time step 1376 (time=6.88), 0.0117625 s/step
on time step 1690 (time=8.45), 0.0127676 s/step
on time step 1894 (time=9.47), 0.0196139 s/step
field decay(t = 10.01): 0.2504808233534304 / 0.2504808233534304 = 1.0
on time step 2145 (time=10.725), 0.0159637 s/step
on time step 2518 (time=12.59), 0.0107398 s/step
on time step 2998 (time=14.99), 0.00834126 s/step
field decay(t = 15.015): 4.890956457152761e-11 / 0.2504808233534304 = 1.9526271080048243e-10
run 0 finished at t = 15.015 (3003 timesteps)
-----------
Initializing structure...
time for choose_chunkdivision = 2.28882e-05 s
Working in 3D dimensions.
Computational cell is 0.5 x 0.5 x 1.5 with resolution 100
     block, center = (0,0,0)
          size (1e+20,1e+20,0.2)
          axes (1,0,0), (0,1,0), (0,0,1)
          dielectric constant epsilon diagonal = (1,1,1)
     block, center = (0,0,0)
          size (0.0857373,0.153509,0.2)
          axes (1,0,0), (0,1,0), (0,0,1)
          dielectric constant epsilon diagonal = (1,1,1)
time for set_epsilon = 1.49232 s
time for set_conductivity = 0.0285499 s
time for set_conductivity = 0.0269139 s
time for set_conductivity = 0.0326991 s
time for set_conductivity = 0.0455191 s
time for set_conductivity = 0.0329621 s
time for set_conductivity = 0.0272789 s
lorentzian susceptibility: frequency=16.365, gamma=1.95106
lorentzian susceptibility: frequency=7.32593, gamma=0.738804
lorentzian susceptibility: frequency=6.60165, gamma=0.052426
lorentzian susceptibility: frequency=3.61417, gamma=0.364563
lorentzian susceptibility: frequency=0.658148, gamma=3.13427
drude susceptibility: frequency=1e-10, gamma=0.0387146
-----------
on time step 78 (time=0.39), 0.0514404 s/step
on time step 175 (time=0.875), 0.0415435 s/step
on time step 268 (time=1.34), 0.0434123 s/step
on time step 357 (time=1.785), 0.044986 s/step
on time step 450 (time=2.25), 0.0434484 s/step
on time step 548 (time=2.74), 0.0411319 s/step
on time step 643 (time=3.215), 0.0423743 s/step
on time step 752 (time=3.76), 0.0367624 s/step
on time step 867 (time=4.335), 0.034797 s/step
on time step 984 (time=4.92), 0.0343351 s/step
field decay(t = 5.005): 1.111657252617529 / 1.111657252617529 = 1.0
on time step 1084 (time=5.42), 0.0401813 s/step
on time step 1162 (time=5.81), 0.0516655 s/step
on time step 1251 (time=6.255), 0.0452112 s/step
on time step 1343 (time=6.715), 0.043859 s/step
on time step 1433 (time=7.165), 0.0448403 s/step
on time step 1527 (time=7.635), 0.0428318 s/step
on time step 1622 (time=8.11), 0.0422324 s/step
on time step 1712 (time=8.56), 0.0448459 s/step
on time step 1801 (time=9.005), 0.0451184 s/step
on time step 1890 (time=9.45), 0.0451003 s/step
on time step 1985 (time=9.925), 0.042313 s/step
field decay(t = 10.01): 3.062025660092323 / 3.062025660092323 = 1.0
on time step 2080 (time=10.4), 0.0422464 s/step
on time step 2170 (time=10.85), 0.0448114 s/step
on time step 2263 (time=11.315), 0.0430459 s/step
on time step 2361 (time=11.805), 0.041031 s/step
on time step 2473 (time=12.365), 0.0357707 s/step
on time step 2590 (time=12.95), 0.0342204 s/step
on time step 2682 (time=13.41), 0.0438173 s/step
on time step 2765 (time=13.825), 0.0486159 s/step
on time step 2858 (time=14.29), 0.0431975 s/step
on time step 2955 (time=14.775), 0.0413141 s/step
field decay(t = 15.015): 0.5812671746961346 / 3.062025660092323 = 0.18983092867961432
on time step 3054 (time=15.27), 0.0405999 s/step
on time step 3154 (time=15.77), 0.040151 s/step
on time step 3256 (time=16.28), 0.03927 s/step
on time step 3355 (time=16.775), 0.040434 s/step
on time step 3453 (time=17.265), 0.0412416 s/step
on time step 3557 (time=17.785), 0.0388957 s/step
on time step 3678 (time=18.39), 0.0330665 s/step
on time step 3783 (time=18.915), 0.0382676 s/step
on time step 3876 (time=19.38), 0.0430404 s/step
on time step 3973 (time=19.865), 0.0413197 s/step
field decay(t = 20.02): 0.030909442509944506 / 3.062025660092323 = 0.010094442679821488
on time step 4067 (time=20.335), 0.0426089 s/step
on time step 4166 (time=20.83), 0.0404854 s/step
on time step 4278 (time=21.39), 0.0357455 s/step
on time step 4378 (time=21.89), 0.0403235 s/step
on time step 4471 (time=22.355), 0.0433107 s/step
on time step 4570 (time=22.85), 0.0406024 s/step
on time step 4669 (time=23.345), 0.040536 s/step
on time step 4772 (time=23.86), 0.0391915 s/step
on time step 4885 (time=24.425), 0.0354823 s/step
field decay(t = 25.025000000000002): 0.0018484161573302936 / 3.062025660092323 = 0.0006036579580050163
on time step 5007 (time=25.035), 0.0329896 s/step
on time step 5099 (time=25.495), 0.0439979 s/step
on time step 5183 (time=25.915), 0.0481668 s/step
on time step 5295 (time=26.475), 0.0357577 s/step
on time step 5419 (time=27.095), 0.032389 s/step
on time step 5545 (time=27.725), 0.0318964 s/step
on time step 5666 (time=28.33), 0.0331023 s/step
on time step 5791 (time=28.955), 0.032282 s/step
on time step 5910 (time=29.55), 0.0338158 s/step
field decay(t = 30.03): 9.377103391812456e-05 / 3.062025660092323 = 3.062385633806128e-05
on time step 6034 (time=30.17), 0.0323403 s/step
on time step 6160 (time=30.8), 0.0319574 s/step
on time step 6277 (time=31.385), 0.0344062 s/step
on time step 6378 (time=31.89), 0.0396542 s/step
on time step 6471 (time=32.355), 0.0430921 s/step
on time step 6571 (time=32.855), 0.0404184 s/step
on time step 6658 (time=33.29), 0.046194 s/step
on time step 6755 (time=33.775), 0.041475 s/step
on time step 6851 (time=34.255), 0.0419629 s/step
on time step 6951 (time=34.755), 0.0400222 s/step
field decay(t = 35.035000000000004): 5.642191086366536e-06 / 3.062025660092323 = 1.8426335088898042e-06
on time step 7043 (time=35.215), 0.0437476 s/step
on time step 7144 (time=35.72), 0.0397765 s/step
on time step 7238 (time=36.19), 0.0426408 s/step
on time step 7336 (time=36.68), 0.0411716 s/step
on time step 7434 (time=37.17), 0.0412096 s/step
on time step 7540 (time=37.7), 0.0379767 s/step
on time step 7664 (time=38.32), 0.0323681 s/step
on time step 7766 (time=38.83), 0.0393948 s/step
on time step 7858 (time=39.29), 0.0435316 s/step
on time step 7956 (time=39.78), 0.0410353 s/step
field decay(t = 40.04): 3.337210659986645e-07 / 3.062025660092323 = 1.0898702461840326e-07
run 0 finished at t = 40.04 (8008 timesteps)
Transmission at f = 1.6666666666666667 (lambda = 600 nm): 0.19052917122522633
l1 = 0.17147461663884855, l2 = 0.30701794786142783
Iteration: l1=0.171475, l2=0.307018, fom=-1.534656e-01
-----------
Initializing structure...
time for choose_chunkdivision = 2.00272e-05 s
Working in 3D dimensions.
Computational cell is 0.5 x 0.5 x 1.5 with resolution 100
time for set_epsilon = 1.10976 s
time for set_conductivity = 0.0224948 s
time for set_conductivity = 0.01882 s
time for set_conductivity = 0.0180359 s
time for set_conductivity = 0.0504799 s
time for set_conductivity = 0.045943 s
time for set_conductivity = 0.0551178 s
-----------
on time step 408 (time=2.04), 0.00981579 s/step
on time step 843 (time=4.215), 0.00921633 s/step
field decay(t = 5.005): 0.22967502551788954 / 0.22967502551788954 = 1.0
on time step 1186 (time=5.93), 0.0116936 s/step
on time step 1425 (time=7.125), 0.0167501 s/step
on time step 1892 (time=9.46), 0.00858829 s/step
field decay(t = 10.01): 0.2504808233534304 / 0.2504808233534304 = 1.0
on time step 2376 (time=11.88), 0.00826987 s/step
on time step 2874 (time=14.37), 0.00803321 s/step
field decay(t = 15.015): 4.890956457152761e-11 / 0.2504808233534304 = 1.9526271080048243e-10
run 0 finished at t = 15.015 (3003 timesteps)
-----------
Initializing structure...
time for choose_chunkdivision = 2.59876e-05 s
Working in 3D dimensions.
Computational cell is 0.5 x 0.5 x 1.5 with resolution 100
     block, center = (0,0,0)
          size (1e+20,1e+20,0.2)
          axes (1,0,0), (0,1,0), (0,0,1)
          dielectric constant epsilon diagonal = (1,1,1)
     block, center = (0,0,0)
          size (0.114164,0.157105,0.2)
          axes (1,0,0), (0,1,0), (0,0,1)
          dielectric constant epsilon diagonal = (1,1,1)
time for set_epsilon = 2.52398 s
time for set_conductivity = 0.0380321 s
time for set_conductivity = 0.0395601 s
time for set_conductivity = 0.037739 s
time for set_conductivity = 0.0354209 s
time for set_conductivity = 0.037168 s
time for set_conductivity = 0.0433469 s
lorentzian susceptibility: frequency=16.365, gamma=1.95106
lorentzian susceptibility: frequency=7.32593, gamma=0.738804
lorentzian susceptibility: frequency=6.60165, gamma=0.052426
lorentzian susceptibility: frequency=3.61417, gamma=0.364563
lorentzian susceptibility: frequency=0.658148, gamma=3.13427
drude susceptibility: frequency=1e-10, gamma=0.0387146
-----------
on time step 84 (time=0.42), 0.0481163 s/step
on time step 175 (time=0.875), 0.0442687 s/step
on time step 277 (time=1.385), 0.0395178 s/step
on time step 378 (time=1.89), 0.0396308 s/step
on time step 479 (time=2.395), 0.0399579 s/step
on time step 581 (time=2.905), 0.0392836 s/step
on time step 679 (time=3.395), 0.0409191 s/step
on time step 780 (time=3.9), 0.0397467 s/step
on time step 879 (time=4.395), 0.040649 s/step
on time step 974 (time=4.87), 0.042401 s/step
field decay(t = 5.005): 0.39350974033365 / 0.39350974033365 = 1.0
on time step 1073 (time=5.365), 0.0405385 s/step
on time step 1171 (time=5.855), 0.0411207 s/step
on time step 1277 (time=6.385), 0.03778 s/step
on time step 1369 (time=6.845), 0.0437375 s/step
on time step 1471 (time=7.355), 0.0394375 s/step
on time step 1561 (time=7.805), 0.044777 s/step
on time step 1660 (time=8.3), 0.0404702 s/step
on time step 1759 (time=8.795), 0.0404522 s/step
on time step 1861 (time=9.305), 0.0393274 s/step
on time step 1987 (time=9.935), 0.0318904 s/step
field decay(t = 10.01): 0.8691390841009085 / 0.8691390841009085 = 1.0
on time step 2116 (time=10.58), 0.0310957 s/step
on time step 2242 (time=11.21), 0.031975 s/step
on time step 2347 (time=11.735), 0.0384676 s/step
on time step 2440 (time=12.2), 0.0434298 s/step
on time step 2542 (time=12.71), 0.0395521 s/step
on time step 2648 (time=13.24), 0.0378522 s/step
on time step 2740 (time=13.7), 0.0434856 s/step
on time step 2828 (time=14.14), 0.0454689 s/step
on time step 2945 (time=14.725), 0.0343234 s/step
field decay(t = 15.015): 0.09822186278530752 / 0.8691390841009085 = 0.11301052338120811
on time step 3072 (time=15.36), 0.0315556 s/step
on time step 3187 (time=15.935), 0.034883 s/step
on time step 3313 (time=16.565), 0.0319473 s/step
on time step 3428 (time=17.14), 0.0349755 s/step
on time step 3504 (time=17.52), 0.0526427 s/step
on time step 3590 (time=17.95), 0.0471448 s/step
on time step 3658 (time=18.29), 0.0590725 s/step
on time step 3745 (time=18.725), 0.0461182 s/step
on time step 3826 (time=19.13), 0.0494556 s/step
on time step 3898 (time=19.49), 0.0560417 s/step
on time step 3974 (time=19.87), 0.0528441 s/step
field decay(t = 20.02): 0.00471136144884394 / 0.8691390841009085 = 0.005420722108841378
on time step 4060 (time=20.3), 0.0468515 s/step
on time step 4150 (time=20.75), 0.0445106 s/step
on time step 4249 (time=21.245), 0.0406739 s/step
on time step 4322 (time=21.61), 0.0548638 s/step
on time step 4427 (time=22.135), 0.0384046 s/step
on time step 4555 (time=22.775), 0.031324 s/step
on time step 4685 (time=23.425), 0.0308165 s/step
on time step 4812 (time=24.06), 0.0317273 s/step
on time step 4940 (time=24.7), 0.0313218 s/step
field decay(t = 25.025000000000002): 0.00026635015987969753 / 0.8691390841009085 = 0.0003064528620930984
on time step 5068 (time=25.34), 0.0313806 s/step
on time step 5195 (time=25.975), 0.0316608 s/step
on time step 5321 (time=26.605), 0.0320452 s/step
on time step 5448 (time=27.24), 0.0317534 s/step
on time step 5575 (time=27.875), 0.0315749 s/step
on time step 5704 (time=28.52), 0.0311564 s/step
on time step 5832 (time=29.16), 0.0312597 s/step
on time step 5958 (time=29.79), 0.0318815 s/step
field decay(t = 30.03): 1.2728268714059007e-05 / 0.8691390841009085 = 1.4644685697486405e-05
on time step 6084 (time=30.42), 0.0318161 s/step
on time step 6210 (time=31.05), 0.0319739 s/step
on time step 6338 (time=31.69), 0.0314824 s/step
on time step 6465 (time=32.325), 0.0317285 s/step
on time step 6587 (time=32.935), 0.0328511 s/step
on time step 6715 (time=33.575), 0.0312867 s/step
on time step 6842 (time=34.21), 0.0315077 s/step
on time step 6971 (time=34.855), 0.0311478 s/step
field decay(t = 35.035000000000004): 6.069537884317485e-07 / 0.8691390841009085 = 6.983390800560065e-07
run 0 finished at t = 35.035000000000004 (7007 timesteps)
Transmission at f = 1.6666666666666667 (lambda = 600 nm): 0.011634836625202807
l1 = 0.22832798061115278, l2 = 0.3142094067604713
-----------
Initializing structure...
time for choose_chunkdivision = 1.40667e-05 s
Working in 3D dimensions.
Computational cell is 0.5 x 0.5 x 1.5 with resolution 100
time for set_epsilon = 0.795953 s
time for set_conductivity = 0.0133941 s
time for set_conductivity = 0.0264969 s
time for set_conductivity = 0.025517 s
time for set_conductivity = 0.0169981 s
time for set_conductivity = 0.0318401 s
time for set_conductivity = 0.0190251 s
-----------
on time step 511 (time=2.555), 0.00784014 s/step
field decay(t = 5.005): 0.22967502551788954 / 0.22967502551788954 = 1.0
on time step 1046 (time=5.23), 0.00747822 s/step
on time step 1575 (time=7.875), 0.00756806 s/step
field decay(t = 10.01): 0.2504808233534304 / 0.2504808233534304 = 1.0
on time step 2101 (time=10.505), 0.00761612 s/step
on time step 2612 (time=13.06), 0.00782866 s/step
field decay(t = 15.015): 4.890956457152761e-11 / 0.2504808233534304 = 1.9526271080048243e-10
run 0 finished at t = 15.015 (3003 timesteps)
-----------
Initializing structure...
time for choose_chunkdivision = 4.19617e-05 s
Working in 3D dimensions.
Computational cell is 0.5 x 0.5 x 1.5 with resolution 100
     block, center = (0,0,0)
          size (1e+20,1e+20,0.2)
          axes (1,0,0), (0,1,0), (0,0,1)
          dielectric constant epsilon diagonal = (1,1,1)
     block, center = (0,0,0)
          size (0.0697985,0.160925,0.2)
          axes (1,0,0), (0,1,0), (0,0,1)
          dielectric constant epsilon diagonal = (1,1,1)
time for set_epsilon = 1.5265 s
time for set_conductivity = 0.0260789 s
time for set_conductivity = 0.0323119 s
time for set_conductivity = 0.027185 s
time for set_conductivity = 0.0354321 s
time for set_conductivity = 0.02949 s
time for set_conductivity = 0.0255051 s
lorentzian susceptibility: frequency=16.365, gamma=1.95106
lorentzian susceptibility: frequency=7.32593, gamma=0.738804
lorentzian susceptibility: frequency=6.60165, gamma=0.052426
lorentzian susceptibility: frequency=3.61417, gamma=0.364563
lorentzian susceptibility: frequency=0.658148, gamma=3.13427
drude susceptibility: frequency=1e-10, gamma=0.0387146
-----------
on time step 107 (time=0.535), 0.0375813 s/step
on time step 231 (time=1.155), 0.032369 s/step
on time step 348 (time=1.74), 0.0343048 s/step
on time step 455 (time=2.275), 0.0373972 s/step
on time step 546 (time=2.73), 0.0440266 s/step
on time step 644 (time=3.22), 0.0409068 s/step
on time step 744 (time=3.72), 0.0403975 s/step
on time step 834 (time=4.17), 0.0447808 s/step
on time step 941 (time=4.705), 0.0375188 s/step
field decay(t = 5.005): 1.796151569578788 / 1.796151569578788 = 1.0
on time step 1060 (time=5.3), 0.0338414 s/step
on time step 1185 (time=5.925), 0.0322663 s/step
on time step 1306 (time=6.53), 0.0331274 s/step
on time step 1400 (time=7), 0.0427391 s/step
on time step 1498 (time=7.49), 0.0410109 s/step
on time step 1596 (time=7.98), 0.0412031 s/step
on time step 1691 (time=8.455), 0.0424274 s/step
on time step 1792 (time=8.96), 0.0399695 s/step
on time step 1881 (time=9.405), 0.0452054 s/step
on time step 1968 (time=9.84), 0.045978 s/step
field decay(t = 10.01): 3.524854394183304 / 3.524854394183304 = 1.0
on time step 2058 (time=10.29), 0.0448573 s/step
on time step 2153 (time=10.765), 0.0422117 s/step
on time step 2260 (time=11.3), 0.0373905 s/step
on time step 2366 (time=11.83), 0.0377653 s/step
on time step 2462 (time=12.31), 0.0418999 s/step
on time step 2552 (time=12.76), 0.0447949 s/step
on time step 2643 (time=13.215), 0.0444384 s/step
on time step 2734 (time=13.67), 0.0439697 s/step
on time step 2854 (time=14.27), 0.033527 s/step
on time step 2981 (time=14.905), 0.0316812 s/step
field decay(t = 15.015): 0.45036440677931655 / 3.524854394183304 = 0.12776822995086137
on time step 3101 (time=15.505), 0.0334757 s/step
on time step 3224 (time=16.12), 0.0327835 s/step
on time step 3329 (time=16.645), 0.038467 s/step
on time step 3421 (time=17.105), 0.0439332 s/step
on time step 3516 (time=17.58), 0.0423116 s/step
on time step 3607 (time=18.035), 0.044224 s/step
on time step 3706 (time=18.53), 0.0407014 s/step
on time step 3806 (time=19.03), 0.040196 s/step
on time step 3920 (time=19.6), 0.0353501 s/step
field decay(t = 20.02): 0.03119660169313202 / 3.524854394183304 = 0.008850465353863265
on time step 4029 (time=20.145), 0.0368973 s/step
on time step 4128 (time=20.64), 0.040656 s/step
on time step 4233 (time=21.165), 0.0384173 s/step
on time step 4324 (time=21.62), 0.0444008 s/step
on time step 4410 (time=22.05), 0.0467057 s/step
on time step 4499 (time=22.495), 0.0453829 s/step
on time step 4596 (time=22.98), 0.0413933 s/step
on time step 4692 (time=23.46), 0.0418551 s/step
on time step 4786 (time=23.93), 0.0427275 s/step
on time step 4870 (time=24.35), 0.0477101 s/step
on time step 4965 (time=24.825), 0.0421813 s/step
field decay(t = 25.025000000000002): 0.001983131399208776 / 3.524854394183304 = 0.000562613707528268
on time step 5089 (time=25.445), 0.0324746 s/step
on time step 5212 (time=26.06), 0.0327131 s/step
on time step 5337 (time=26.685), 0.0321054 s/step
on time step 5461 (time=27.305), 0.0324506 s/step
on time step 5586 (time=27.93), 0.032147 s/step
on time step 5706 (time=28.53), 0.0335565 s/step
on time step 5808 (time=29.04), 0.0392537 s/step
on time step 5915 (time=29.575), 0.0376298 s/step
field decay(t = 30.03): 0.00014480239313117822 / 3.524854394183304 = 4.1080389978698226e-05
on time step 6029 (time=30.145), 0.0351827 s/step
on time step 6126 (time=30.63), 0.0413525 s/step
on time step 6233 (time=31.165), 0.0375652 s/step
on time step 6323 (time=31.615), 0.0447503 s/step
on time step 6429 (time=32.145), 0.0378682 s/step
on time step 6510 (time=32.55), 0.0497825 s/step
on time step 6598 (time=32.99), 0.0457429 s/step
on time step 6686 (time=33.43), 0.0456622 s/step
on time step 6777 (time=33.885), 0.0440179 s/step
on time step 6879 (time=34.395), 0.0394215 s/step
on time step 6994 (time=34.97), 0.0348682 s/step
field decay(t = 35.035000000000004): 1.0596477181998039e-05 / 3.524854394183304 = 3.006216994235078e-06
on time step 7109 (time=35.545), 0.0350649 s/step
on time step 7227 (time=36.135), 0.034157 s/step
on time step 7352 (time=36.76), 0.0321636 s/step
on time step 7468 (time=37.34), 0.0347796 s/step
on time step 7554 (time=37.77), 0.0468382 s/step
on time step 7637 (time=38.185), 0.0486167 s/step
on time step 7737 (time=38.685), 0.0400071 s/step
on time step 7835 (time=39.175), 0.0408199 s/step
on time step 7897 (time=39.485), 0.064679 s/step
on time step 7981 (time=39.905), 0.0479038 s/step
field decay(t = 40.04): 7.56874829734223e-07 / 3.524854394183304 = 2.1472513332273064e-07
run 0 finished at t = 40.04 (8008 timesteps)
Transmission at f = 1.6666666666666667 (lambda = 600 nm): 0.0848269027026052
l1 = 0.13959706526656868, l2 = 0.3218494365636987
-----------
Initializing structure...
time for choose_chunkdivision = 2.19345e-05 s
Working in 3D dimensions.
Computational cell is 0.5 x 0.5 x 1.5 with resolution 100
time for set_epsilon = 0.842838 s
time for set_conductivity = 0.0130138 s
time for set_conductivity = 0.0124419 s
time for set_conductivity = 0.01441 s
time for set_conductivity = 0.0214469 s
time for set_conductivity = 0.0154541 s
time for set_conductivity = 0.032269 s
-----------
on time step 511 (time=2.555), 0.00783966 s/step
field decay(t = 5.005): 0.22967502551788954 / 0.22967502551788954 = 1.0
on time step 1032 (time=5.16), 0.00768032 s/step
on time step 1564 (time=7.82), 0.00752127 s/step
on time step 1951 (time=9.755), 0.0103368 s/step
field decay(t = 10.01): 0.2504808233534304 / 0.2504808233534304 = 1.0
on time step 2326 (time=11.63), 0.0106708 s/step
on time step 2751 (time=13.755), 0.00943454 s/step
field decay(t = 15.015): 4.890956457152761e-11 / 0.2504808233534304 = 1.9526271080048243e-10
run 0 finished at t = 15.015 (3003 timesteps)
-----------
Initializing structure...
time for choose_chunkdivision = 2.5034e-05 s
Working in 3D dimensions.
Computational cell is 0.5 x 0.5 x 1.5 with resolution 100
     block, center = (0,0,0)
          size (1e+20,1e+20,0.2)
          axes (1,0,0), (0,1,0), (0,0,1)
          dielectric constant epsilon diagonal = (1,1,1)
     block, center = (0,0,0)
          size (0.084587,0.159651,0.2)
          axes (1,0,0), (0,1,0), (0,0,1)
          dielectric constant epsilon diagonal = (1,1,1)
time for set_epsilon = 2.30219 s
time for set_conductivity = 0.042217 s
time for set_conductivity = 0.0407109 s
time for set_conductivity = 0.0443001 s
time for set_conductivity = 0.050926 s
time for set_conductivity = 0.0518579 s
time for set_conductivity = 0.0470121 s
lorentzian susceptibility: frequency=16.365, gamma=1.95106
lorentzian susceptibility: frequency=7.32593, gamma=0.738804
lorentzian susceptibility: frequency=6.60165, gamma=0.052426
lorentzian susceptibility: frequency=3.61417, gamma=0.364563
lorentzian susceptibility: frequency=0.658148, gamma=3.13427
drude susceptibility: frequency=1e-10, gamma=0.0387146
-----------
on time step 105 (time=0.525), 0.0382277 s/step
on time step 208 (time=1.04), 0.0389415 s/step
on time step 306 (time=1.53), 0.0409928 s/step
on time step 416 (time=2.08), 0.0366819 s/step
on time step 521 (time=2.605), 0.0381467 s/step
on time step 640 (time=3.2), 0.0338078 s/step
on time step 750 (time=3.75), 0.036551 s/step
on time step 865 (time=4.325), 0.0348721 s/step
on time step 972 (time=4.86), 0.0375803 s/step
field decay(t = 5.005): 1.111657252617529 / 1.111657252617529 = 1.0
on time step 1064 (time=5.32), 0.0437167 s/step
on time step 1177 (time=5.885), 0.0354638 s/step
on time step 1290 (time=6.45), 0.0355593 s/step
on time step 1411 (time=7.055), 0.0331098 s/step
on time step 1535 (time=7.675), 0.0323009 s/step
on time step 1661 (time=8.305), 0.0318648 s/step
on time step 1789 (time=8.945), 0.0313504 s/step
on time step 1916 (time=9.58), 0.0316577 s/step
field decay(t = 10.01): 3.062025660092323 / 3.062025660092323 = 1.0
on time step 2042 (time=10.21), 0.031874 s/step
on time step 2169 (time=10.845), 0.0315904 s/step
on time step 2296 (time=11.48), 0.0315257 s/step
on time step 2422 (time=12.11), 0.0319481 s/step
on time step 2548 (time=12.74), 0.0319344 s/step
on time step 2675 (time=13.375), 0.0317146 s/step
on time step 2802 (time=14.01), 0.0315157 s/step
on time step 2920 (time=14.6), 0.0341984 s/step
field decay(t = 15.015): 0.5812671746961346 / 3.062025660092323 = 0.18983092867961432
on time step 3041 (time=15.205), 0.0330719 s/step
on time step 3161 (time=15.805), 0.033501 s/step
on time step 3287 (time=16.435), 0.0318571 s/step
on time step 3410 (time=17.05), 0.0326754 s/step
on time step 3527 (time=17.635), 0.0342353 s/step
on time step 3645 (time=18.225), 0.0340614 s/step
on time step 3766 (time=18.83), 0.0331774 s/step
on time step 3859 (time=19.295), 0.0431791 s/step
on time step 3959 (time=19.795), 0.0401898 s/step
field decay(t = 20.02): 0.030909442509944506 / 3.062025660092323 = 0.010094442679821488
on time step 4069 (time=20.345), 0.0367421 s/step
on time step 4178 (time=20.89), 0.036738 s/step
on time step 4283 (time=21.415), 0.0382504 s/step
on time step 4372 (time=21.86), 0.0451399 s/step
on time step 4465 (time=22.325), 0.0433931 s/step
on time step 4561 (time=22.805), 0.0420885 s/step
on time step 4672 (time=23.36), 0.0361648 s/step
on time step 4791 (time=23.955), 0.0336773 s/step
on time step 4917 (time=24.585), 0.0319432 s/step
field decay(t = 25.025000000000002): 0.0018484161573302936 / 3.062025660092323 = 0.0006036579580050163
on time step 5044 (time=25.22), 0.0316733 s/step
on time step 5168 (time=25.84), 0.0322898 s/step
on time step 5284 (time=26.42), 0.0347725 s/step
on time step 5404 (time=27.02), 0.0334659 s/step
on time step 5499 (time=27.495), 0.0423093 s/step
on time step 5615 (time=28.075), 0.0346764 s/step
on time step 5728 (time=28.64), 0.0354841 s/step
on time step 5812 (time=29.06), 0.0482372 s/step
on time step 5886 (time=29.43), 0.0541433 s/step
on time step 5966 (time=29.83), 0.0501461 s/step
field decay(t = 30.03): 9.377103391812456e-05 / 3.062025660092323 = 3.062385633806128e-05
on time step 6022 (time=30.11), 0.07205 s/step
on time step 6083 (time=30.415), 0.0657579 s/step
on time step 6138 (time=30.69), 0.0727347 s/step
on time step 6200 (time=31), 0.0646759 s/step
on time step 6297 (time=31.485), 0.0416111 s/step
on time step 6406 (time=32.03), 0.0368285 s/step
on time step 6510 (time=32.55), 0.0384631 s/step
on time step 6577 (time=32.885), 0.0602748 s/step
on time step 6613 (time=33.065), 0.115865 s/step
on time step 6652 (time=33.26), 0.102739 s/step
on time step 6751 (time=33.755), 0.0408362 s/step
on time step 6866 (time=34.33), 0.0349386 s/step
on time step 6979 (time=34.895), 0.035589 s/step
field decay(t = 35.035000000000004): 5.642191086366536e-06 / 3.062025660092323 = 1.8426335088898042e-06
on time step 7066 (time=35.33), 0.0460234 s/step
on time step 7173 (time=35.865), 0.0376983 s/step
on time step 7249 (time=36.245), 0.0527566 s/step
on time step 7365 (time=36.825), 0.034723 s/step
on time step 7483 (time=37.415), 0.0339939 s/step
on time step 7600 (time=38), 0.0342399 s/step
on time step 7697 (time=38.485), 0.0416789 s/step
on time step 7792 (time=38.96), 0.0423631 s/step
on time step 7895 (time=39.475), 0.0389636 s/step
on time step 8002 (time=40.01), 0.0374042 s/step
field decay(t = 40.04): 3.337210659986645e-07 / 3.062025660092323 = 1.0898702461840326e-07
run 0 finished at t = 40.04 (8008 timesteps)
Transmission at f = 1.6666666666666667 (lambda = 600 nm): 0.19052917122522633
l1 = 0.16917403704809672, l2 = 0.3193027599626229
-----------
Initializing structure...
time for choose_chunkdivision = 1.5974e-05 s
Working in 3D dimensions.
Computational cell is 0.5 x 0.5 x 1.5 with resolution 100
time for set_epsilon = 0.960625 s
time for set_conductivity = 0.0150499 s
time for set_conductivity = 0.015409 s
time for set_conductivity = 0.0158379 s
time for set_conductivity = 0.0204172 s
time for set_conductivity = 0.0178189 s
time for set_conductivity = 0.017195 s
-----------
on time step 396 (time=1.98), 0.0101024 s/step
on time step 841 (time=4.205), 0.00898909 s/step
field decay(t = 5.005): 0.22967502551788954 / 0.22967502551788954 = 1.0
on time step 1244 (time=6.22), 0.00994073 s/step
on time step 1689 (time=8.445), 0.0089981 s/step
field decay(t = 10.01): 0.2504808233534304 / 0.2504808233534304 = 1.0
on time step 2115 (time=10.575), 0.00939789 s/step
on time step 2537 (time=12.685), 0.00948253 s/step
on time step 2990 (time=14.95), 0.00883314 s/step
field decay(t = 15.015): 4.890956457152761e-11 / 0.2504808233534304 = 1.9526271080048243e-10
run 0 finished at t = 15.015 (3003 timesteps)
-----------
Initializing structure...
time for choose_chunkdivision = 1.90735e-05 s
Working in 3D dimensions.
Computational cell is 0.5 x 0.5 x 1.5 with resolution 100
     block, center = (0,0,0)
          size (1e+20,1e+20,0.2)
          axes (1,0,0), (0,1,0), (0,0,1)
          dielectric constant epsilon diagonal = (1,1,1)
     block, center = (0,0,0)
          size (0.0703737,0.157854,0.2)
          axes (1,0,0), (0,1,0), (0,0,1)
          dielectric constant epsilon diagonal = (1,1,1)
time for set_epsilon = 1.63137 s
time for set_conductivity = 0.04492 s
time for set_conductivity = 0.0352778 s
time for set_conductivity = 0.0312378 s
time for set_conductivity = 0.034178 s
time for set_conductivity = 0.030067 s
time for set_conductivity = 0.0364211 s
lorentzian susceptibility: frequency=16.365, gamma=1.95106
lorentzian susceptibility: frequency=7.32593, gamma=0.738804
lorentzian susceptibility: frequency=6.60165, gamma=0.052426
lorentzian susceptibility: frequency=3.61417, gamma=0.364563
lorentzian susceptibility: frequency=0.658148, gamma=3.13427
drude susceptibility: frequency=1e-10, gamma=0.0387146
-----------
on time step 109 (time=0.545), 0.0370319 s/step
on time step 221 (time=1.105), 0.0357182 s/step
on time step 318 (time=1.59), 0.0416853 s/step
on time step 417 (time=2.085), 0.0404763 s/step
on time step 516 (time=2.58), 0.0405021 s/step
on time step 590 (time=2.95), 0.0544382 s/step
on time step 694 (time=3.47), 0.0387127 s/step
on time step 778 (time=3.89), 0.0488577 s/step
on time step 827 (time=4.135), 0.0825065 s/step
on time step 927 (time=4.635), 0.0400581 s/step
field decay(t = 5.005): 0.7112732048901149 / 0.7112732048901149 = 1.0
on time step 1037 (time=5.185), 0.0365326 s/step
on time step 1135 (time=5.675), 0.0412472 s/step
on time step 1252 (time=6.26), 0.0344404 s/step
on time step 1341 (time=6.705), 0.0452165 s/step
on time step 1434 (time=7.17), 0.0430449 s/step
on time step 1545 (time=7.725), 0.036187 s/step
on time step 1642 (time=8.21), 0.0413362 s/step
on time step 1740 (time=8.7), 0.0409082 s/step
on time step 1847 (time=9.235), 0.0374526 s/step
on time step 1948 (time=9.74), 0.0396591 s/step
field decay(t = 10.01): 1.773559437365141 / 1.773559437365141 = 1.0
on time step 2035 (time=10.175), 0.0462008 s/step
on time step 2135 (time=10.675), 0.040382 s/step
on time step 2233 (time=11.165), 0.0410145 s/step
on time step 2324 (time=11.62), 0.0441605 s/step
on time step 2428 (time=12.14), 0.0385473 s/step
on time step 2540 (time=12.7), 0.0361381 s/step
on time step 2639 (time=13.195), 0.0406383 s/step
on time step 2737 (time=13.685), 0.0410152 s/step
on time step 2847 (time=14.235), 0.0364949 s/step
on time step 2942 (time=14.71), 0.0421871 s/step
field decay(t = 15.015): 0.2736613285595522 / 1.773559437365141 = 0.1543006243794753
on time step 3017 (time=15.085), 0.0534586 s/step
on time step 3093 (time=15.465), 0.0533124 s/step
on time step 3165 (time=15.825), 0.0559791 s/step
on time step 3240 (time=16.2), 0.0538837 s/step
on time step 3321 (time=16.605), 0.0497333 s/step
on time step 3397 (time=16.985), 0.0529885 s/step
on time step 3482 (time=17.41), 0.0476153 s/step
on time step 3562 (time=17.81), 0.0500978 s/step
on time step 3650 (time=18.25), 0.0457037 s/step
on time step 3741 (time=18.705), 0.0439934 s/step
on time step 3810 (time=19.05), 0.0588042 s/step
on time step 3863 (time=19.315), 0.0769725 s/step
on time step 3917 (time=19.585), 0.0751797 s/step
on time step 3975 (time=19.875), 0.0689822 s/step
field decay(t = 20.02): 0.01703580056384274 / 1.773559437365141 = 0.009605429739164362
on time step 4037 (time=20.185), 0.0648222 s/step
on time step 4113 (time=20.565), 0.0532617 s/step
on time step 4193 (time=20.965), 0.0501987 s/step
on time step 4278 (time=21.39), 0.0474245 s/step
on time step 4335 (time=21.675), 0.0705628 s/step
on time step 4408 (time=22.04), 0.0548221 s/step
on time step 4475 (time=22.375), 0.0600315 s/step
on time step 4524 (time=22.62), 0.0818533 s/step
on time step 4578 (time=22.89), 0.0745903 s/step
on time step 4646 (time=23.23), 0.0588976 s/step
on time step 4711 (time=23.555), 0.0624046 s/step
on time step 4778 (time=23.89), 0.0598644 s/step
on time step 4861 (time=24.305), 0.0487639 s/step
on time step 4946 (time=24.73), 0.0472169 s/step
field decay(t = 25.025000000000002): 0.0009345083387083308 / 1.773559437365141 = 0.0005269112041131632
on time step 5038 (time=25.19), 0.0435626 s/step
on time step 5121 (time=25.605), 0.0484446 s/step
on time step 5188 (time=25.94), 0.0602468 s/step
on time step 5261 (time=26.305), 0.0549366 s/step
on time step 5322 (time=26.61), 0.0659121 s/step
on time step 5390 (time=26.95), 0.0590801 s/step
on time step 5472 (time=27.36), 0.0493007 s/step
on time step 5556 (time=27.78), 0.0480319 s/step
on time step 5640 (time=28.2), 0.0477574 s/step
on time step 5707 (time=28.535), 0.0603494 s/step
on time step 5771 (time=28.855), 0.0628385 s/step
on time step 5825 (time=29.125), 0.0743307 s/step
on time step 5882 (time=29.41), 0.0703171 s/step
on time step 5955 (time=29.775), 0.0549192 s/step
field decay(t = 30.03): 5.8856447635206246e-05 / 1.773559437365141 = 3.318549488403126e-05
on time step 6009 (time=30.045), 0.0746547 s/step
on time step 6064 (time=30.32), 0.0727652 s/step
on time step 6115 (time=30.575), 0.0787958 s/step
on time step 6168 (time=30.84), 0.0754739 s/step
on time step 6230 (time=31.15), 0.0646807 s/step
on time step 6300 (time=31.5), 0.0576415 s/step
on time step 6360 (time=31.8), 0.0673662 s/step
on time step 6417 (time=32.085), 0.0707492 s/step
on time step 6482 (time=32.41), 0.0620354 s/step
on time step 6544 (time=32.72), 0.0646988 s/step
on time step 6611 (time=33.055), 0.0599565 s/step
on time step 6677 (time=33.385), 0.0611475 s/step
on time step 6749 (time=33.745), 0.0557634 s/step
on time step 6829 (time=34.145), 0.050589 s/step
on time step 6908 (time=34.54), 0.050737 s/step
on time step 6979 (time=34.895), 0.0569762 s/step
field decay(t = 35.035000000000004): 3.1939914153257995e-06 / 1.773559437365141 = 1.80089336056924e-06
on time step 7058 (time=35.29), 0.0511421 s/step
on time step 7140 (time=35.7), 0.0492796 s/step
on time step 7221 (time=36.105), 0.0498703 s/step
on time step 7302 (time=36.51), 0.049519 s/step
on time step 7383 (time=36.915), 0.0495348 s/step
on time step 7463 (time=37.315), 0.0503736 s/step
on time step 7545 (time=37.725), 0.0490962 s/step
on time step 7624 (time=38.12), 0.0509718 s/step
on time step 7704 (time=38.52), 0.0504689 s/step
on time step 7777 (time=38.885), 0.0557179 s/step
on time step 7840 (time=39.2), 0.0641213 s/step
on time step 7896 (time=39.48), 0.0715955 s/step
on time step 7967 (time=39.835), 0.0567722 s/step
field decay(t = 40.04): 2.0441527903949357e-07 / 1.773559437365141 = 1.152570783549153e-07
run 0 finished at t = 40.04 (8008 timesteps)
Transmission at f = 1.6666666666666667 (lambda = 600 nm): 0.015626063522512144
l1 = 0.1407473550619446, l2 = 0.3157070305131012
-----------
Initializing structure...
time for choose_chunkdivision = 6.19888e-05 s
Working in 3D dimensions.
Computational cell is 0.5 x 0.5 x 1.5 with resolution 100
time for set_epsilon = 1.50359 s
time for set_conductivity = 0.0325341 s
time for set_conductivity = 0.0511551 s
time for set_conductivity = 0.025043 s
time for set_conductivity = 0.051904 s
time for set_conductivity = 0.0365288 s
time for set_conductivity = 0.066031 s
-----------
on time step 282 (time=1.41), 0.0142161 s/step
on time step 606 (time=3.03), 0.0123594 s/step
on time step 962 (time=4.81), 0.0112412 s/step
field decay(t = 5.005): 0.22967502551788954 / 0.22967502551788954 = 1.0
on time step 1313 (time=6.565), 0.0114014 s/step
on time step 1661 (time=8.305), 0.0115286 s/step
on time step 1967 (time=9.835), 0.0130903 s/step
field decay(t = 10.01): 0.2504808233534304 / 0.2504808233534304 = 1.0
on time step 2233 (time=11.165), 0.015091 s/step
on time step 2508 (time=12.54), 0.0145861 s/step
on time step 2749 (time=13.745), 0.0166446 s/step
field decay(t = 15.015): 4.890956457152761e-11 / 0.2504808233534304 = 1.9526271080048243e-10
run 0 finished at t = 15.015 (3003 timesteps)
-----------
Initializing structure...
time for choose_chunkdivision = 9.20296e-05 s
Working in 3D dimensions.
Computational cell is 0.5 x 0.5 x 1.5 with resolution 100
     block, center = (0,0,0)
          size (1e+20,1e+20,0.2)
          axes (1,0,0), (0,1,0), (0,0,1)
          dielectric constant epsilon diagonal = (1,1,1)
     block, center = (0,0,0)
          size (0.0857373,0.153509,0.2)
          axes (1,0,0), (0,1,0), (0,0,1)
          dielectric constant epsilon diagonal = (1,1,1)
time for set_epsilon = 2.52365 s
time for set_conductivity = 0.056339 s
time for set_conductivity = 0.0527461 s
time for set_conductivity = 0.0540271 s
time for set_conductivity = 0.048471 s
time for set_conductivity = 0.0584509 s
time for set_conductivity = 0.048363 s
lorentzian susceptibility: frequency=16.365, gamma=1.95106
lorentzian susceptibility: frequency=7.32593, gamma=0.738804
lorentzian susceptibility: frequency=6.60165, gamma=0.052426
lorentzian susceptibility: frequency=3.61417, gamma=0.364563
lorentzian susceptibility: frequency=0.658148, gamma=3.13427
drude susceptibility: frequency=1e-10, gamma=0.0387146
-----------
on time step 47 (time=0.235), 0.0860391 s/step
on time step 113 (time=0.565), 0.0609482 s/step
on time step 178 (time=0.89), 0.0621584 s/step
on time step 263 (time=1.315), 0.0471511 s/step
on time step 351 (time=1.755), 0.0459547 s/step
on time step 444 (time=2.22), 0.0432345 s/step
on time step 533 (time=2.665), 0.0454052 s/step
on time step 621 (time=3.105), 0.0456513 s/step
on time step 702 (time=3.51), 0.0501214 s/step
on time step 769 (time=3.845), 0.0598417 s/step
on time step 848 (time=4.24), 0.0511446 s/step
on time step 935 (time=4.675), 0.0463898 s/step
field decay(t = 5.005): 1.111657252617529 / 1.111657252617529 = 1.0
on time step 1022 (time=5.11), 0.0463014 s/step
on time step 1111 (time=5.555), 0.0449792 s/step
on time step 1198 (time=5.99), 0.0461903 s/step
on time step 1271 (time=6.355), 0.0552078 s/step
on time step 1346 (time=6.73), 0.0536127 s/step
on time step 1423 (time=7.115), 0.0524994 s/step
on time step 1508 (time=7.54), 0.0475529 s/step
on time step 1585 (time=7.925), 0.0521413 s/step
on time step 1655 (time=8.275), 0.0572906 s/step
on time step 1735 (time=8.675), 0.0503861 s/step
on time step 1818 (time=9.09), 0.0484215 s/step
on time step 1904 (time=9.52), 0.0467753 s/step
on time step 1992 (time=9.96), 0.0457458 s/step
field decay(t = 10.01): 3.062025660092323 / 3.062025660092323 = 1.0
on time step 2078 (time=10.39), 0.0466303 s/step
on time step 2167 (time=10.835), 0.0453623 s/step
on time step 2242 (time=11.21), 0.0539659 s/step
on time step 2329 (time=11.645), 0.0462566 s/step
on time step 2416 (time=12.08), 0.0461216 s/step
on time step 2504 (time=12.52), 0.0455309 s/step
on time step 2592 (time=12.96), 0.0458613 s/step
on time step 2681 (time=13.405), 0.0453858 s/step
on time step 2777 (time=13.885), 0.0420632 s/step
on time step 2857 (time=14.285), 0.0505992 s/step
on time step 2943 (time=14.715), 0.0470858 s/step
field decay(t = 15.015): 0.5812671746961346 / 3.062025660092323 = 0.18983092867961432
on time step 3032 (time=15.16), 0.0451954 s/step
on time step 3121 (time=15.605), 0.0453811 s/step
on time step 3209 (time=16.045), 0.0455632 s/step
on time step 3298 (time=16.49), 0.0452984 s/step
on time step 3384 (time=16.92), 0.0467166 s/step
on time step 3472 (time=17.36), 0.045966 s/step
on time step 3561 (time=17.805), 0.0452022 s/step
on time step 3650 (time=18.25), 0.0451842 s/step
on time step 3738 (time=18.69), 0.0456259 s/step
on time step 3825 (time=19.125), 0.0461766 s/step
on time step 3914 (time=19.57), 0.0453768 s/step
field decay(t = 20.02): 0.030909442509944506 / 3.062025660092323 = 0.010094442679821488
on time step 4008 (time=20.04), 0.0429751 s/step
on time step 4097 (time=20.485), 0.0451916 s/step
on time step 4187 (time=20.935), 0.0446226 s/step
on time step 4276 (time=21.38), 0.0453823 s/step
on time step 4362 (time=21.81), 0.0468406 s/step
on time step 4421 (time=22.105), 0.0681203 s/step
on time step 4487 (time=22.435), 0.0608576 s/step
on time step 4569 (time=22.845), 0.0489755 s/step
on time step 4658 (time=23.29), 0.0454781 s/step
on time step 4744 (time=23.72), 0.0468758 s/step
on time step 4832 (time=24.16), 0.0456061 s/step
on time step 4919 (time=24.595), 0.0461453 s/step
field decay(t = 25.025000000000002): 0.0018484161573302936 / 3.062025660092323 = 0.0006036579580050163
on time step 5014 (time=25.07), 0.0424965 s/step
on time step 5103 (time=25.515), 0.0449972 s/step
on time step 5191 (time=25.955), 0.0454923 s/step
on time step 5279 (time=26.395), 0.0455537 s/step
on time step 5368 (time=26.84), 0.0452083 s/step
on time step 5440 (time=27.2), 0.0559728 s/step
on time step 5508 (time=27.54), 0.0589297 s/step
on time step 5592 (time=27.96), 0.0481835 s/step
on time step 5673 (time=28.365), 0.0497319 s/step
on time step 5749 (time=28.745), 0.0528985 s/step
on time step 5820 (time=29.1), 0.0563894 s/step
on time step 5902 (time=29.51), 0.0489448 s/step
on time step 5976 (time=29.88), 0.0545517 s/step
field decay(t = 30.03): 9.377103391812456e-05 / 3.062025660092323 = 3.062385633806128e-05
on time step 6039 (time=30.195), 0.0640194 s/step
on time step 6084 (time=30.42), 0.08948 s/step
on time step 6114 (time=30.57), 0.1345 s/step
on time step 6176 (time=30.88), 0.0647687 s/step
on time step 6248 (time=31.24), 0.0561123 s/step
on time step 6308 (time=31.54), 0.0666931 s/step
on time step 6374 (time=31.87), 0.0609086 s/step
on time step 6444 (time=32.22), 0.0574928 s/step
on time step 6513 (time=32.565), 0.0587905 s/step
on time step 6582 (time=32.91), 0.0581645 s/step
on time step 6652 (time=33.26), 0.057308 s/step
on time step 6738 (time=33.69), 0.0470335 s/step
on time step 6822 (time=34.11), 0.0479366 s/step
on time step 6910 (time=34.55), 0.0455333 s/step
on time step 6996 (time=34.98), 0.0468243 s/step
field decay(t = 35.035000000000004): 5.642191086366536e-06 / 3.062025660092323 = 1.8426335088898042e-06
on time step 7083 (time=35.415), 0.0462655 s/step
on time step 7171 (time=35.855), 0.045934 s/step
on time step 7237 (time=36.185), 0.0611696 s/step
on time step 7310 (time=36.55), 0.0554367 s/step
on time step 7383 (time=36.915), 0.0554273 s/step
on time step 7442 (time=37.21), 0.068218 s/step
on time step 7519 (time=37.595), 0.0522315 s/step
on time step 7600 (time=38), 0.0498865 s/step
on time step 7664 (time=38.32), 0.0628918 s/step
on time step 7743 (time=38.715), 0.0507709 s/step
on time step 7830 (time=39.15), 0.0462254 s/step
on time step 7901 (time=39.505), 0.0567675 s/step
on time step 7963 (time=39.815), 0.0652344 s/step
field decay(t = 40.04): 3.337210659986645e-07 / 3.062025660092323 = 1.0898702461840326e-07
run 0 finished at t = 40.04 (8008 timesteps)
Transmission at f = 1.6666666666666667 (lambda = 600 nm): 0.19052917122522633
l1 = 0.17147461663884855, l2 = 0.30701794786142783
Iteration: l1=0.171475, l2=0.307018, fom=-1.534656e-01
-----------
Initializing structure...
time for choose_chunkdivision = 1.81198e-05 s
Working in 3D dimensions.
Computational cell is 0.5 x 0.5 x 1.5 with resolution 100
time for set_epsilon = 1.81481 s
time for set_conductivity = 0.033632 s
time for set_conductivity = 0.0306709 s
time for set_conductivity = 0.044354 s
time for set_conductivity = 0.0404661 s
time for set_conductivity = 0.0335178 s
time for set_conductivity = 0.0364041 s
-----------
on time step 203 (time=1.015), 0.0197582 s/step
on time step 433 (time=2.165), 0.0173992 s/step
on time step 672 (time=3.36), 0.0167482 s/step
on time step 976 (time=4.88), 0.0131967 s/step
field decay(t = 5.005): 0.22967502551788954 / 0.22967502551788954 = 1.0
on time step 1317 (time=6.585), 0.0117377 s/step
on time step 1663 (time=8.315), 0.0115729 s/step
field decay(t = 10.01): 0.2504808233534304 / 0.2504808233534304 = 1.0
on time step 2020 (time=10.1), 0.0112412 s/step
on time step 2289 (time=11.445), 0.0149007 s/step
on time step 2587 (time=12.935), 0.0134603 s/step
on time step 2918 (time=14.59), 0.0120919 s/step
field decay(t = 15.015): 4.890956457152761e-11 / 0.2504808233534304 = 1.9526271080048243e-10
run 0 finished at t = 15.015 (3003 timesteps)
-----------
Initializing structure...
time for choose_chunkdivision = 2.28882e-05 s
Working in 3D dimensions.
Computational cell is 0.5 x 0.5 x 1.5 with resolution 100
     block, center = (0,0,0)
          size (1e+20,1e+20,0.2)
          axes (1,0,0), (0,1,0), (0,0,1)
          dielectric constant epsilon diagonal = (1,1,1)
     block, center = (0,0,0)
          size (0.0999506,0.155307,0.2)
          axes (1,0,0), (0,1,0), (0,0,1)
          dielectric constant epsilon diagonal = (1,1,1)
time for set_epsilon = 2.53993 s
time for set_conductivity = 0.0459809 s
time for set_conductivity = 0.0471609 s
time for set_conductivity = 0.052412 s
time for set_conductivity = 0.054045 s
time for set_conductivity = 0.0538311 s
time for set_conductivity = 0.044256 s
lorentzian susceptibility: frequency=16.365, gamma=1.95106
lorentzian susceptibility: frequency=7.32593, gamma=0.738804
lorentzian susceptibility: frequency=6.60165, gamma=0.052426
lorentzian susceptibility: frequency=3.61417, gamma=0.364563
lorentzian susceptibility: frequency=0.658148, gamma=3.13427
drude susceptibility: frequency=1e-10, gamma=0.0387146
-----------
on time step 65 (time=0.325), 0.0616311 s/step
on time step 142 (time=0.71), 0.0525639 s/step
on time step 202 (time=1.01), 0.0670271 s/step
on time step 266 (time=1.33), 0.0628176 s/step
on time step 333 (time=1.665), 0.0603033 s/step
on time step 408 (time=2.04), 0.05357 s/step
on time step 478 (time=2.39), 0.0575668 s/step
on time step 540 (time=2.7), 0.0650279 s/step
on time step 606 (time=3.03), 0.0608273 s/step
on time step 680 (time=3.4), 0.054463 s/step
on time step 759 (time=3.795), 0.0508825 s/step
on time step 851 (time=4.255), 0.0435626 s/step
on time step 942 (time=4.71), 0.0442622 s/step
field decay(t = 5.005): 0.5093476756896178 / 0.5093476756896178 = 1.0
on time step 1030 (time=5.15), 0.0459224 s/step
on time step 1116 (time=5.58), 0.0468708 s/step
on time step 1192 (time=5.96), 0.0533062 s/step
on time step 1257 (time=6.285), 0.0621836 s/step
on time step 1331 (time=6.655), 0.0541444 s/step
on time step 1417 (time=7.085), 0.0466478 s/step
on time step 1505 (time=7.525), 0.0459641 s/step
on time step 1591 (time=7.955), 0.0466386 s/step
on time step 1659 (time=8.295), 0.0596248 s/step
on time step 1727 (time=8.635), 0.058984 s/step
on time step 1783 (time=8.915), 0.0721748 s/step
on time step 1842 (time=9.21), 0.068729 s/step
on time step 1901 (time=9.505), 0.0678422 s/step
on time step 1961 (time=9.805), 0.066987 s/step
field decay(t = 10.01): 1.1852138168079924 / 1.1852138168079924 = 1.0
on time step 2031 (time=10.155), 0.0574142 s/step
on time step 2121 (time=10.605), 0.0448911 s/step
on time step 2208 (time=11.04), 0.0460085 s/step
on time step 2296 (time=11.48), 0.045927 s/step
on time step 2385 (time=11.925), 0.04546 s/step
on time step 2462 (time=12.31), 0.0522778 s/step
on time step 2550 (time=12.75), 0.0458538 s/step
on time step 2635 (time=13.175), 0.0472978 s/step
on time step 2702 (time=13.51), 0.0602949 s/step
on time step 2775 (time=13.875), 0.0551792 s/step
on time step 2856 (time=14.28), 0.0496048 s/step
on time step 2936 (time=14.68), 0.0501571 s/step
on time step 2999 (time=14.995), 0.0639326 s/step
field decay(t = 15.015): 0.15269990763274527 / 1.1852138168079924 = 0.12883743461917727
on time step 3075 (time=15.375), 0.0530849 s/step
on time step 3134 (time=15.67), 0.0683861 s/step
on time step 3189 (time=15.945), 0.0728923 s/step
on time step 3269 (time=16.345), 0.0501135 s/step
on time step 3347 (time=16.735), 0.0514216 s/step
on time step 3413 (time=17.065), 0.0606899 s/step
on time step 3486 (time=17.43), 0.0548151 s/step
on time step 3559 (time=17.795), 0.0549568 s/step
on time step 3627 (time=18.135), 0.0592186 s/step
on time step 3689 (time=18.445), 0.0654462 s/step
on time step 3750 (time=18.75), 0.0658552 s/step
on time step 3812 (time=19.06), 0.0651745 s/step
on time step 3888 (time=19.44), 0.0529784 s/step
on time step 3975 (time=19.875), 0.0460653 s/step
field decay(t = 20.02): 0.009245626618649805 / 1.1852138168079924 = 0.007800809008074211
on time step 4062 (time=20.31), 0.0462875 s/step
on time step 4151 (time=20.755), 0.0453423 s/step
on time step 4241 (time=21.205), 0.0448444 s/step
on time step 4330 (time=21.65), 0.045024 s/step
on time step 4421 (time=22.105), 0.0442649 s/step
on time step 4510 (time=22.55), 0.0450893 s/step
on time step 4598 (time=22.99), 0.0458153 s/step
on time step 4688 (time=23.44), 0.0447571 s/step
on time step 4777 (time=23.885), 0.0452948 s/step
on time step 4865 (time=24.325), 0.0454734 s/step
on time step 4950 (time=24.75), 0.0471317 s/step
field decay(t = 25.025000000000002): 0.00047684930408049006 / 1.1852138168079924 = 0.0004023318808117986
on time step 5037 (time=25.185), 0.0462073 s/step
on time step 5125 (time=25.625), 0.045751 s/step
on time step 5214 (time=26.07), 0.0453624 s/step
on time step 5301 (time=26.505), 0.0460983 s/step
on time step 5384 (time=26.92), 0.0486837 s/step
on time step 5471 (time=27.355), 0.0463488 s/step
on time step 5559 (time=27.795), 0.045625 s/step
on time step 5641 (time=28.205), 0.0490912 s/step
on time step 5728 (time=28.64), 0.0460722 s/step
on time step 5817 (time=29.085), 0.0451364 s/step
on time step 5906 (time=29.53), 0.0450964 s/step
on time step 5996 (time=29.98), 0.0446623 s/step
field decay(t = 30.03): 2.4327696954900364e-05 / 1.1852138168079924 = 2.0525998440027898e-05
on time step 6085 (time=30.425), 0.0453539 s/step
on time step 6173 (time=30.865), 0.0454933 s/step
on time step 6262 (time=31.31), 0.0453016 s/step
on time step 6350 (time=31.75), 0.0455016 s/step
on time step 6438 (time=32.19), 0.0455729 s/step
on time step 6528 (time=32.64), 0.0448406 s/step
on time step 6622 (time=33.11), 0.043106 s/step
on time step 6710 (time=33.55), 0.045638 s/step
on time step 6797 (time=33.985), 0.0462619 s/step
on time step 6883 (time=34.415), 0.0465576 s/step
on time step 6971 (time=34.855), 0.0456739 s/step
field decay(t = 35.035000000000004): 1.4584196961013777e-06 / 1.1852138168079924 = 1.2305118919632418e-06
on time step 7061 (time=35.305), 0.044555 s/step
on time step 7135 (time=35.675), 0.0542837 s/step
on time step 7204 (time=36.02), 0.0587466 s/step
on time step 7270 (time=36.35), 0.0606182 s/step
on time step 7335 (time=36.675), 0.0621671 s/step
on time step 7411 (time=37.055), 0.0527515 s/step
on time step 7479 (time=37.395), 0.059564 s/step
on time step 7557 (time=37.785), 0.0518143 s/step
on time step 7643 (time=38.215), 0.0469926 s/step
on time step 7714 (time=38.57), 0.0570141 s/step
on time step 7779 (time=38.895), 0.0620546 s/step
on time step 7845 (time=39.225), 0.0610512 s/step
on time step 7913 (time=39.565), 0.0589843 s/step
on time step 7969 (time=39.845), 0.0718528 s/step
field decay(t = 40.04): 7.439721011772818e-08 / 1.1852138168079924 = 6.277112961616842e-08
run 0 finished at t = 40.04 (8008 timesteps)
Transmission at f = 1.6666666666666667 (lambda = 600 nm): 0.012753654159043016
l1 = 0.1999012986250007, l2 = 0.3106136773109495
-----------
Initializing structure...
time for choose_chunkdivision = 1.69277e-05 s
Working in 3D dimensions.
Computational cell is 0.5 x 0.5 x 1.5 with resolution 100
time for set_epsilon = 1.76348 s
time for set_conductivity = 0.038285 s
time for set_conductivity = 0.0330448 s
time for set_conductivity = 0.052768 s
time for set_conductivity = 0.103628 s
time for set_conductivity = 0.0697651 s
time for set_conductivity = 0.103598 s
-----------
on time step 245 (time=1.225), 0.0163856 s/step
on time step 435 (time=2.175), 0.0210776 s/step
on time step 715 (time=3.575), 0.0143098 s/step
on time step 1000 (time=5), 0.0140544 s/step
field decay(t = 5.005): 0.22967502551788954 / 0.22967502551788954 = 1.0
on time step 1263 (time=6.315), 0.0152206 s/step
on time step 1524 (time=7.62), 0.0153294 s/step
on time step 1844 (time=9.22), 0.0125372 s/step
field decay(t = 10.01): 0.2504808233534304 / 0.2504808233534304 = 1.0
on time step 2167 (time=10.835), 0.0124039 s/step
on time step 2531 (time=12.655), 0.0109998 s/step
on time step 2871 (time=14.355), 0.0117669 s/step
field decay(t = 15.015): 4.890956457152761e-11 / 0.2504808233534304 = 1.9526271080048243e-10
run 0 finished at t = 15.015 (3003 timesteps)
-----------
Initializing structure...
time for choose_chunkdivision = 3.21865e-05 s
Working in 3D dimensions.
Computational cell is 0.5 x 0.5 x 1.5 with resolution 100
     block, center = (0,0,0)
          size (1e+20,1e+20,0.2)
          axes (1,0,0), (0,1,0), (0,0,1)
          dielectric constant epsilon diagonal = (1,1,1)
     block, center = (0,0,0)
          size (0.0777679,0.157217,0.2)
          axes (1,0,0), (0,1,0), (0,0,1)
          dielectric constant epsilon diagonal = (1,1,1)
time for set_epsilon = 2.67977 s
time for set_conductivity = 0.0483439 s
time for set_conductivity = 0.0519459 s
time for set_conductivity = 0.052407 s
time for set_conductivity = 0.061866 s
time for set_conductivity = 0.0481801 s
time for set_conductivity = 0.0568781 s
lorentzian susceptibility: frequency=16.365, gamma=1.95106
lorentzian susceptibility: frequency=7.32593, gamma=0.738804
lorentzian susceptibility: frequency=6.60165, gamma=0.052426
lorentzian susceptibility: frequency=3.61417, gamma=0.364563
lorentzian susceptibility: frequency=0.658148, gamma=3.13427
drude susceptibility: frequency=1e-10, gamma=0.0387146
-----------
on time step 16 (time=0.08), 0.250358 s/step
on time step 82 (time=0.41), 0.0609067 s/step
on time step 149 (time=0.745), 0.0607061 s/step
on time step 218 (time=1.09), 0.0582928 s/step
on time step 287 (time=1.435), 0.0584659 s/step
on time step 356 (time=1.78), 0.0583292 s/step
on time step 424 (time=2.12), 0.0592405 s/step
on time step 498 (time=2.49), 0.0547874 s/step
on time step 567 (time=2.835), 0.0587395 s/step
on time step 631 (time=3.155), 0.0632272 s/step
on time step 698 (time=3.49), 0.0604825 s/step
on time step 766 (time=3.83), 0.0590651 s/step
on time step 838 (time=4.19), 0.0557467 s/step
on time step 903 (time=4.515), 0.0619777 s/step
on time step 966 (time=4.83), 0.0640247 s/step
field decay(t = 5.005): 0.7112732048901149 / 0.7112732048901149 = 1.0
on time step 1031 (time=5.155), 0.0627994 s/step
on time step 1105 (time=5.525), 0.054327 s/step
on time step 1179 (time=5.895), 0.0544063 s/step
on time step 1240 (time=6.2), 0.0668218 s/step
on time step 1303 (time=6.515), 0.0645205 s/step
on time step 1378 (time=6.89), 0.0536309 s/step
on time step 1449 (time=7.245), 0.0564007 s/step
on time step 1502 (time=7.51), 0.0755019 s/step
on time step 1576 (time=7.88), 0.0540595 s/step
on time step 1656 (time=8.28), 0.0504964 s/step
on time step 1727 (time=8.635), 0.0567692 s/step
on time step 1807 (time=9.035), 0.0504772 s/step
on time step 1884 (time=9.42), 0.0523002 s/step
on time step 1961 (time=9.805), 0.0521006 s/step
field decay(t = 10.01): 1.773559437365141 / 1.773559437365141 = 1.0
on time step 2028 (time=10.14), 0.0601572 s/step
on time step 2090 (time=10.45), 0.0655233 s/step
on time step 2148 (time=10.74), 0.0691044 s/step
on time step 2220 (time=11.1), 0.0560037 s/step
on time step 2281 (time=11.405), 0.0658396 s/step
on time step 2349 (time=11.745), 0.0588819 s/step
on time step 2434 (time=12.17), 0.0472503 s/step
on time step 2510 (time=12.55), 0.0527218 s/step
on time step 2594 (time=12.97), 0.0476867 s/step
on time step 2678 (time=13.39), 0.0480736 s/step
on time step 2751 (time=13.755), 0.0548723 s/step
on time step 2820 (time=14.1), 0.0582509 s/step
on time step 2897 (time=14.485), 0.0525759 s/step
on time step 2966 (time=14.83), 0.0582906 s/step
field decay(t = 15.015): 0.2736613285595522 / 1.773559437365141 = 0.1543006243794753
on time step 3032 (time=15.16), 0.0609414 s/step
on time step 3101 (time=15.505), 0.0583204 s/step
on time step 3170 (time=15.85), 0.0583096 s/step
on time step 3250 (time=16.25), 0.0506189 s/step
on time step 3327 (time=16.635), 0.0527518 s/step
on time step 3400 (time=17), 0.0551296 s/step
on time step 3469 (time=17.345), 0.0587988 s/step
on time step 3534 (time=17.67), 0.0623627 s/step
on time step 3598 (time=17.99), 0.0630577 s/step
on time step 3644 (time=18.22), 0.0871828 s/step
on time step 3717 (time=18.585), 0.0554584 s/step
on time step 3781 (time=18.905), 0.0629492 s/step
on time step 3851 (time=19.255), 0.0573935 s/step
on time step 3916 (time=19.58), 0.0629087 s/step
on time step 3966 (time=19.83), 0.0802464 s/step
field decay(t = 20.02): 0.01703580056384274 / 1.773559437365141 = 0.009605429739164362
on time step 4049 (time=20.245), 0.0481956 s/step
on time step 4121 (time=20.605), 0.0556963 s/step
on time step 4214 (time=21.07), 0.0431421 s/step
on time step 4304 (time=21.52), 0.0445019 s/step
on time step 4384 (time=21.92), 0.0500699 s/step
on time step 4466 (time=22.33), 0.0488867 s/step
on time step 4547 (time=22.735), 0.0498055 s/step
on time step 4618 (time=23.09), 0.0563749 s/step
on time step 4701 (time=23.505), 0.0483316 s/step
on time step 4783 (time=23.915), 0.0492086 s/step
on time step 4860 (time=24.3), 0.0524191 s/step
on time step 4964 (time=24.82), 0.0386601 s/step
field decay(t = 25.025000000000002): 0.0009345083387083308 / 1.773559437365141 = 0.0005269112041131632
on time step 5053 (time=25.265), 0.0451386 s/step
on time step 5137 (time=25.685), 0.0479645 s/step
on time step 5217 (time=26.085), 0.050307 s/step
on time step 5316 (time=26.58), 0.0404271 s/step
on time step 5414 (time=27.07), 0.0410709 s/step
on time step 5505 (time=27.525), 0.0439654 s/step
on time step 5597 (time=27.985), 0.0436355 s/step
on time step 5684 (time=28.42), 0.046309 s/step
on time step 5772 (time=28.86), 0.0457951 s/step
on time step 5856 (time=29.28), 0.0479708 s/step
on time step 5946 (time=29.73), 0.0447979 s/step
field decay(t = 30.03): 5.8856447635206246e-05 / 1.773559437365141 = 3.318549488403126e-05
on time step 6040 (time=30.2), 0.0428626 s/step
on time step 6130 (time=30.65), 0.0447524 s/step
on time step 6217 (time=31.085), 0.0461391 s/step
on time step 6312 (time=31.56), 0.042305 s/step
on time step 6398 (time=31.99), 0.047059 s/step
on time step 6486 (time=32.43), 0.045845 s/step
on time step 6579 (time=32.895), 0.0430807 s/step
on time step 6677 (time=33.385), 0.0409138 s/step
on time step 6763 (time=33.815), 0.0465886 s/step
on time step 6847 (time=34.235), 0.0478122 s/step
on time step 6950 (time=34.75), 0.0391269 s/step
field decay(t = 35.035000000000004): 3.1939914153257995e-06 / 1.773559437365141 = 1.80089336056924e-06
on time step 7052 (time=35.26), 0.0394922 s/step
on time step 7163 (time=35.815), 0.0362485 s/step
on time step 7258 (time=36.29), 0.0421339 s/step
on time step 7339 (time=36.695), 0.0497976 s/step
on time step 7418 (time=37.09), 0.0512254 s/step
on time step 7491 (time=37.455), 0.0548012 s/step
on time step 7570 (time=37.85), 0.0507854 s/step
on time step 7667 (time=38.335), 0.0415887 s/step
on time step 7769 (time=38.845), 0.0394821 s/step
on time step 7870 (time=39.35), 0.0398298 s/step
on time step 7972 (time=39.86), 0.0395527 s/step
field decay(t = 40.04): 2.0441527903949357e-07 / 1.773559437365141 = 1.152570783549153e-07
run 0 finished at t = 40.04 (8008 timesteps)
Transmission at f = 1.6666666666666667 (lambda = 600 nm): 0.015626063522512144
l1 = 0.15553584095270861, l2 = 0.31443369221256323
-----------
Initializing structure...
time for choose_chunkdivision = 1.09673e-05 s
Working in 3D dimensions.
Computational cell is 0.5 x 0.5 x 1.5 with resolution 100
time for set_epsilon = 1.04313 s
time for set_conductivity = 0.0230062 s
time for set_conductivity = 0.0321689 s
time for set_conductivity = 0.0239658 s
time for set_conductivity = 0.0182629 s
time for set_conductivity = 0.018126 s
time for set_conductivity = 0.019505 s
-----------
on time step 404 (time=2.02), 0.00990394 s/step
on time step 848 (time=4.24), 0.00901223 s/step
field decay(t = 5.005): 0.22967502551788954 / 0.22967502551788954 = 1.0
on time step 1245 (time=6.225), 0.010105 s/step
on time step 1638 (time=8.19), 0.0102082 s/step
field decay(t = 10.01): 0.2504808233534304 / 0.2504808233534304 = 1.0
on time step 2068 (time=10.34), 0.00931978 s/step
on time step 2489 (time=12.445), 0.00950973 s/step
on time step 2918 (time=14.59), 0.00933598 s/step
field decay(t = 15.015): 4.890956457152761e-11 / 0.2504808233534304 = 1.9526271080048243e-10
run 0 finished at t = 15.015 (3003 timesteps)
-----------
Initializing structure...
time for choose_chunkdivision = 2.59876e-05 s
Working in 3D dimensions.
Computational cell is 0.5 x 0.5 x 1.5 with resolution 100
     block, center = (0,0,0)
          size (1e+20,1e+20,0.2)
          axes (1,0,0), (0,1,0), (0,0,1)
          dielectric constant epsilon diagonal = (1,1,1)
     block, center = (0,0,0)
          size (0.0851622,0.15658,0.2)
          axes (1,0,0), (0,1,0), (0,0,1)
          dielectric constant epsilon diagonal = (1,1,1)
time for set_epsilon = 1.92226 s
time for set_conductivity = 0.0512252 s
time for set_conductivity = 0.035289 s
time for set_conductivity = 0.0409632 s
time for set_conductivity = 0.0430789 s
time for set_conductivity = 0.039758 s
time for set_conductivity = 0.0370378 s
lorentzian susceptibility: frequency=16.365, gamma=1.95106
lorentzian susceptibility: frequency=7.32593, gamma=0.738804
lorentzian susceptibility: frequency=6.60165, gamma=0.052426
lorentzian susceptibility: frequency=3.61417, gamma=0.364563
lorentzian susceptibility: frequency=0.658148, gamma=3.13427
drude susceptibility: frequency=1e-10, gamma=0.0387146
-----------
on time step 92 (time=0.46), 0.0437253 s/step
on time step 194 (time=0.97), 0.0395931 s/step
on time step 290 (time=1.45), 0.0420562 s/step
on time step 393 (time=1.965), 0.0390562 s/step
on time step 500 (time=2.5), 0.0374012 s/step
on time step 597 (time=2.985), 0.0413263 s/step
on time step 696 (time=3.48), 0.0404695 s/step
on time step 797 (time=3.985), 0.0399016 s/step
on time step 896 (time=4.48), 0.0405551 s/step
on time step 994 (time=4.97), 0.0410614 s/step
field decay(t = 5.005): 1.111657252617529 / 1.111657252617529 = 1.0
on time step 1095 (time=5.475), 0.0396254 s/step
on time step 1188 (time=5.94), 0.0431123 s/step
on time step 1291 (time=6.455), 0.039068 s/step
on time step 1393 (time=6.965), 0.0393554 s/step
on time step 1495 (time=7.475), 0.0394742 s/step
on time step 1600 (time=8), 0.0382561 s/step
on time step 1704 (time=8.52), 0.0384709 s/step
on time step 1806 (time=9.03), 0.0392969 s/step
on time step 1908 (time=9.54), 0.039589 s/step
field decay(t = 10.01): 3.062025660092323 / 3.062025660092323 = 1.0
on time step 2011 (time=10.055), 0.0389196 s/step
on time step 2107 (time=10.535), 0.0420043 s/step
on time step 2208 (time=11.04), 0.0399032 s/step
on time step 2313 (time=11.565), 0.0381555 s/step
on time step 2418 (time=12.09), 0.0383233 s/step
on time step 2522 (time=12.61), 0.038522 s/step
on time step 2631 (time=13.155), 0.0369525 s/step
on time step 2733 (time=13.665), 0.0393204 s/step
on time step 2838 (time=14.19), 0.0383313 s/step
on time step 2941 (time=14.705), 0.038854 s/step
field decay(t = 15.015): 0.5812671746961346 / 3.062025660092323 = 0.18983092867961432
on time step 3038 (time=15.19), 0.0416488 s/step
on time step 3141 (time=15.705), 0.0390889 s/step
on time step 3245 (time=16.225), 0.0388706 s/step
on time step 3350 (time=16.75), 0.0384677 s/step
on time step 3452 (time=17.26), 0.0395175 s/step
on time step 3556 (time=17.78), 0.0388547 s/step
on time step 3662 (time=18.31), 0.0378511 s/step
on time step 3764 (time=18.82), 0.0394274 s/step
on time step 3868 (time=19.34), 0.0387221 s/step
on time step 3972 (time=19.86), 0.038606 s/step
field decay(t = 20.02): 0.030909442509944506 / 3.062025660092323 = 0.010094442679821488
on time step 4074 (time=20.37), 0.0394155 s/step
on time step 4178 (time=20.89), 0.0387458 s/step
on time step 4282 (time=21.41), 0.0386941 s/step
on time step 4384 (time=21.92), 0.0392543 s/step
on time step 4487 (time=22.435), 0.0390476 s/step
on time step 4590 (time=22.95), 0.0392569 s/step
on time step 4695 (time=23.475), 0.0382083 s/step
on time step 4801 (time=24.005), 0.0380508 s/step
on time step 4902 (time=24.51), 0.0398725 s/step
field decay(t = 25.025000000000002): 0.0018484161573302936 / 3.062025660092323 = 0.0006036579580050163
on time step 5006 (time=25.03), 0.0385364 s/step
on time step 5106 (time=25.53), 0.0401621 s/step
on time step 5206 (time=26.03), 0.0401916 s/step
on time step 5310 (time=26.55), 0.0387388 s/step
on time step 5415 (time=27.075), 0.0384183 s/step
on time step 5519 (time=27.595), 0.0386024 s/step
on time step 5622 (time=28.11), 0.0390599 s/step
on time step 5728 (time=28.64), 0.0380161 s/step
on time step 5829 (time=29.145), 0.0397932 s/step
on time step 5931 (time=29.655), 0.0392995 s/step
field decay(t = 30.03): 9.377103391812456e-05 / 3.062025660092323 = 3.062385633806128e-05
on time step 6032 (time=30.16), 0.0396281 s/step
on time step 6133 (time=30.665), 0.0398763 s/step
on time step 6236 (time=31.18), 0.0392308 s/step
on time step 6341 (time=31.705), 0.038238 s/step
on time step 6441 (time=32.205), 0.0401977 s/step
on time step 6544 (time=32.72), 0.0391184 s/step
on time step 6648 (time=33.24), 0.0386434 s/step
on time step 6758 (time=33.79), 0.036591 s/step
on time step 6861 (time=34.305), 0.039177 s/step
on time step 6957 (time=34.785), 0.0417278 s/step
field decay(t = 35.035000000000004): 5.642191086366536e-06 / 3.062025660092323 = 1.8426335088898042e-06
on time step 7061 (time=35.305), 0.0385432 s/step
on time step 7160 (time=35.8), 0.0404406 s/step
on time step 7249 (time=36.245), 0.0451346 s/step
on time step 7350 (time=36.75), 0.0396545 s/step
on time step 7455 (time=37.275), 0.0382714 s/step
on time step 7560 (time=37.8), 0.0382035 s/step
on time step 7661 (time=38.305), 0.0399217 s/step
on time step 7761 (time=38.805), 0.0401568 s/step
on time step 7870 (time=39.35), 0.0367166 s/step
on time step 7974 (time=39.87), 0.0386269 s/step
field decay(t = 40.04): 3.337210659986645e-07 / 3.062025660092323 = 1.0898702461840326e-07
run 0 finished at t = 40.04 (8008 timesteps)
Transmission at f = 1.6666666666666667 (lambda = 600 nm): 0.19052917122522633
l1 = 0.17032432684347265, l2 = 0.31316035391202535
-----------
Initializing structure...
time for choose_chunkdivision = 1.21593e-05 s
Working in 3D dimensions.
Computational cell is 0.5 x 0.5 x 1.5 with resolution 100
time for set_epsilon = 1.10627 s
time for set_conductivity = 0.0209322 s
time for set_conductivity = 0.0288742 s
time for set_conductivity = 0.0175998 s
time for set_conductivity = 0.0278261 s
time for set_conductivity = 0.041234 s
time for set_conductivity = 0.0299881 s
-----------
on time step 406 (time=2.03), 0.00985498 s/step
on time step 837 (time=4.185), 0.00929896 s/step
field decay(t = 5.005): 0.22967502551788954 / 0.22967502551788954 = 1.0
on time step 1213 (time=6.065), 0.0106629 s/step
on time step 1596 (time=7.98), 0.0104585 s/step
field decay(t = 10.01): 0.2504808233534304 / 0.2504808233534304 = 1.0
on time step 2011 (time=10.055), 0.00965326 s/step
on time step 2432 (time=12.16), 0.00951471 s/step
on time step 2845 (time=14.225), 0.00969472 s/step
field decay(t = 15.015): 4.890956457152761e-11 / 0.2504808233534304 = 1.9526271080048243e-10
run 0 finished at t = 15.015 (3003 timesteps)
-----------
Initializing structure...
time for choose_chunkdivision = 2.71797e-05 s
Working in 3D dimensions.
Computational cell is 0.5 x 0.5 x 1.5 with resolution 100
     block, center = (0,0,0)
          size (1e+20,1e+20,0.2)
          axes (1,0,0), (0,1,0), (0,0,1)
          dielectric constant epsilon diagonal = (1,1,1)
     block, center = (0,0,0)
          size (0.0780555,0.155681,0.2)
          axes (1,0,0), (0,1,0), (0,0,1)
          dielectric constant epsilon diagonal = (1,1,1)
time for set_epsilon = 1.84457 s
time for set_conductivity = 0.0430341 s
time for set_conductivity = 0.036731 s
time for set_conductivity = 0.04057 s
time for set_conductivity = 0.0344782 s
time for set_conductivity = 0.038332 s
time for set_conductivity = 0.0436518 s
lorentzian susceptibility: frequency=16.365, gamma=1.95106
lorentzian susceptibility: frequency=7.32593, gamma=0.738804
lorentzian susceptibility: frequency=6.60165, gamma=0.052426
lorentzian susceptibility: frequency=3.61417, gamma=0.364563
lorentzian susceptibility: frequency=0.658148, gamma=3.13427
drude susceptibility: frequency=1e-10, gamma=0.0387146
-----------
on time step 92 (time=0.46), 0.0437193 s/step
on time step 195 (time=0.975), 0.039129 s/step
on time step 297 (time=1.485), 0.0395264 s/step
on time step 400 (time=2), 0.0390519 s/step
on time step 502 (time=2.51), 0.0393872 s/step
on time step 598 (time=2.99), 0.0416697 s/step
on time step 700 (time=3.5), 0.0395287 s/step
on time step 800 (time=4), 0.0401951 s/step
on time step 899 (time=4.495), 0.0407027 s/step
on time step 1000 (time=5), 0.0399624 s/step
field decay(t = 5.005): 0.7112732048901149 / 0.7112732048901149 = 1.0
on time step 1101 (time=5.505), 0.0399432 s/step
on time step 1207 (time=6.035), 0.0377786 s/step
on time step 1311 (time=6.555), 0.0388485 s/step
on time step 1410 (time=7.05), 0.0404663 s/step
on time step 1511 (time=7.555), 0.0398349 s/step
on time step 1612 (time=8.06), 0.039658 s/step
on time step 1712 (time=8.56), 0.0401505 s/step
on time step 1809 (time=9.045), 0.0414047 s/step
on time step 1907 (time=9.535), 0.0409843 s/step
field decay(t = 10.01): 1.773559437365141 / 1.773559437365141 = 1.0
on time step 2006 (time=10.03), 0.0405887 s/step
on time step 2104 (time=10.52), 0.0411246 s/step
on time step 2200 (time=11), 0.0417971 s/step
on time step 2300 (time=11.5), 0.040425 s/step
on time step 2405 (time=12.025), 0.0383895 s/step
on time step 2507 (time=12.535), 0.0394149 s/step
on time step 2604 (time=13.02), 0.0413172 s/step
on time step 2707 (time=13.535), 0.0388382 s/step
on time step 2804 (time=14.02), 0.0414743 s/step
on time step 2904 (time=14.52), 0.0403575 s/step
on time step 3002 (time=15.01), 0.040897 s/step
field decay(t = 15.015): 0.2736613285595522 / 1.773559437365141 = 0.1543006243794753
on time step 3103 (time=15.515), 0.0396979 s/step
on time step 3203 (time=16.015), 0.0402976 s/step
on time step 3304 (time=16.52), 0.0397231 s/step
on time step 3409 (time=17.045), 0.0381088 s/step
on time step 3515 (time=17.575), 0.0380902 s/step
on time step 3614 (time=18.07), 0.0407925 s/step
on time step 3715 (time=18.575), 0.0399538 s/step
on time step 3816 (time=19.08), 0.0399513 s/step
on time step 3914 (time=19.57), 0.0412303 s/step
field decay(t = 20.02): 0.01703580056384274 / 1.773559437365141 = 0.009605429739164362
on time step 4015 (time=20.075), 0.0399359 s/step
on time step 4117 (time=20.585), 0.0392362 s/step
on time step 4217 (time=21.085), 0.0401905 s/step
on time step 4303 (time=21.515), 0.0468843 s/step
on time step 4391 (time=21.955), 0.0458872 s/step
on time step 4478 (time=22.39), 0.0464754 s/step
on time step 4563 (time=22.815), 0.0472304 s/step
on time step 4650 (time=23.25), 0.0460552 s/step
on time step 4735 (time=23.675), 0.0476147 s/step
on time step 4818 (time=24.09), 0.0483734 s/step
on time step 4899 (time=24.495), 0.0499395 s/step
on time step 4978 (time=24.89), 0.0508037 s/step
field decay(t = 25.025000000000002): 0.0009345083387083308 / 1.773559437365141 = 0.0005269112041131632
on time step 5059 (time=25.295), 0.0497993 s/step
on time step 5145 (time=25.725), 0.0469105 s/step
on time step 5247 (time=26.235), 0.0393418 s/step
on time step 5342 (time=26.71), 0.0423762 s/step
on time step 5423 (time=27.115), 0.049484 s/step
on time step 5502 (time=27.51), 0.0511848 s/step
on time step 5590 (time=27.95), 0.0459281 s/step
on time step 5667 (time=28.335), 0.0523988 s/step
on time step 5735 (time=28.675), 0.0590772 s/step
on time step 5816 (time=29.08), 0.0496089 s/step
on time step 5906 (time=29.53), 0.0448556 s/step
on time step 6005 (time=30.025), 0.0405656 s/step
field decay(t = 30.03): 5.8856447635206246e-05 / 1.773559437365141 = 3.318549488403126e-05
on time step 6107 (time=30.535), 0.0393382 s/step
on time step 6208 (time=31.04), 0.0396086 s/step
on time step 6310 (time=31.55), 0.0392598 s/step
on time step 6410 (time=32.05), 0.0404967 s/step
on time step 6506 (time=32.53), 0.0418648 s/step
on time step 6606 (time=33.03), 0.0403098 s/step
on time step 6709 (time=33.545), 0.0392773 s/step
on time step 6807 (time=34.035), 0.0408804 s/step
on time step 6911 (time=34.555), 0.0386401 s/step
field decay(t = 35.035000000000004): 3.1939914153257995e-06 / 1.773559437365141 = 1.80089336056924e-06
on time step 7019 (time=35.095), 0.037299 s/step
on time step 7120 (time=35.6), 0.0396584 s/step
on time step 7222 (time=36.11), 0.0392754 s/step
on time step 7324 (time=36.62), 0.0395079 s/step
on time step 7425 (time=37.125), 0.0396779 s/step
on time step 7523 (time=37.615), 0.0408942 s/step
on time step 7625 (time=38.125), 0.0395132 s/step
on time step 7715 (time=38.575), 0.0450404 s/step
on time step 7810 (time=39.05), 0.0422037 s/step
on time step 7911 (time=39.555), 0.0396706 s/step
field decay(t = 40.04): 2.0441527903949357e-07 / 1.773559437365141 = 1.152570783549153e-07
run 0 finished at t = 40.04 (8008 timesteps)
Transmission at f = 1.6666666666666667 (lambda = 600 nm): 0.015626063522512144
l1 = 0.15611098585039657, l2 = 0.3113624891872645
-----------
Initializing structure...
time for choose_chunkdivision = 1.19209e-05 s
Working in 3D dimensions.
Computational cell is 0.5 x 0.5 x 1.5 with resolution 100
time for set_epsilon = 1.01893 s
time for set_conductivity = 0.021754 s
time for set_conductivity = 0.024631 s
time for set_conductivity = 0.0262392 s
time for set_conductivity = 0.0273011 s
time for set_conductivity = 0.0359881 s
time for set_conductivity = 0.0211568 s
-----------
on time step 414 (time=2.07), 0.00968048 s/step
on time step 833 (time=4.165), 0.00956305 s/step
field decay(t = 5.005): 0.22967502551788954 / 0.22967502551788954 = 1.0
on time step 1269 (time=6.345), 0.00919018 s/step
on time step 1692 (time=8.46), 0.00947227 s/step
field decay(t = 10.01): 0.2504808233534304 / 0.2504808233534304 = 1.0
on time step 2121 (time=10.605), 0.00933636 s/step
on time step 2533 (time=12.665), 0.00971957 s/step
on time step 2957 (time=14.785), 0.00943497 s/step
field decay(t = 15.015): 4.890956457152761e-11 / 0.2504808233534304 = 1.9526271080048243e-10
run 0 finished at t = 15.015 (3003 timesteps)
-----------
Initializing structure...
time for choose_chunkdivision = 2.19345e-05 s
Working in 3D dimensions.
Computational cell is 0.5 x 0.5 x 1.5 with resolution 100
     block, center = (0,0,0)
          size (1e+20,1e+20,0.2)
          axes (1,0,0), (0,1,0), (0,0,1)
          dielectric constant epsilon diagonal = (1,1,1)
     block, center = (0,0,0)
          size (0.0857373,0.153509,0.2)
          axes (1,0,0), (0,1,0), (0,0,1)
          dielectric constant epsilon diagonal = (1,1,1)
time for set_epsilon = 1.93916 s
time for set_conductivity = 0.042532 s
time for set_conductivity = 0.0368729 s
time for set_conductivity = 0.0362909 s
time for set_conductivity = 0.035872 s
time for set_conductivity = 0.039047 s
time for set_conductivity = 0.03935 s
lorentzian susceptibility: frequency=16.365, gamma=1.95106
lorentzian susceptibility: frequency=7.32593, gamma=0.738804
lorentzian susceptibility: frequency=6.60165, gamma=0.052426
lorentzian susceptibility: frequency=3.61417, gamma=0.364563
lorentzian susceptibility: frequency=0.658148, gamma=3.13427
drude susceptibility: frequency=1e-10, gamma=0.0387146
-----------
on time step 93 (time=0.465), 0.0432714 s/step
on time step 199 (time=0.995), 0.0378496 s/step
on time step 302 (time=1.51), 0.0389531 s/step
on time step 400 (time=2), 0.0410857 s/step
on time step 503 (time=2.515), 0.0389177 s/step
on time step 603 (time=3.015), 0.0400901 s/step
on time step 702 (time=3.51), 0.0407251 s/step
on time step 805 (time=4.025), 0.038895 s/step
on time step 907 (time=4.535), 0.0393134 s/step
field decay(t = 5.005): 1.111657252617529 / 1.111657252617529 = 1.0
on time step 1006 (time=5.03), 0.0404197 s/step
on time step 1102 (time=5.51), 0.0418134 s/step
on time step 1204 (time=6.02), 0.0395121 s/step
on time step 1310 (time=6.55), 0.0380345 s/step
on time step 1417 (time=7.085), 0.0377613 s/step
on time step 1520 (time=7.6), 0.0390546 s/step
on time step 1623 (time=8.115), 0.0389762 s/step
on time step 1724 (time=8.62), 0.0397655 s/step
on time step 1824 (time=9.12), 0.0400109 s/step
on time step 1924 (time=9.62), 0.0400978 s/step
field decay(t = 10.01): 3.062025660092323 / 3.062025660092323 = 1.0
on time step 2025 (time=10.125), 0.0399396 s/step
on time step 2127 (time=10.635), 0.0394395 s/step
on time step 2225 (time=11.125), 0.0411755 s/step
on time step 2315 (time=11.575), 0.0449203 s/step
on time step 2395 (time=11.975), 0.0508929 s/step
on time step 2478 (time=12.39), 0.0482728 s/step
on time step 2562 (time=12.81), 0.0480038 s/step
on time step 2650 (time=13.25), 0.0457231 s/step
on time step 2744 (time=13.72), 0.042739 s/step
on time step 2826 (time=14.13), 0.0491298 s/step
on time step 2909 (time=14.545), 0.0482546 s/step
on time step 3001 (time=15.005), 0.0438774 s/step
field decay(t = 15.015): 0.5812671746961346 / 3.062025660092323 = 0.18983092867961432
on time step 3093 (time=15.465), 0.0434904 s/step
on time step 3178 (time=15.89), 0.0475229 s/step
on time step 3272 (time=16.36), 0.0426586 s/step
on time step 3368 (time=16.84), 0.0417071 s/step
on time step 3455 (time=17.275), 0.0463922 s/step
on time step 3564 (time=17.82), 0.0367045 s/step
on time step 3670 (time=18.35), 0.0379794 s/step
on time step 3768 (time=18.84), 0.0411067 s/step
on time step 3869 (time=19.345), 0.0398497 s/step
on time step 3956 (time=19.78), 0.0462724 s/step
field decay(t = 20.02): 0.030909442509944506 / 3.062025660092323 = 0.010094442679821488
on time step 4040 (time=20.2), 0.0477632 s/step
on time step 4128 (time=20.64), 0.04573 s/step
on time step 4219 (time=21.095), 0.0443778 s/step
on time step 4305 (time=21.525), 0.0467594 s/step
on time step 4388 (time=21.94), 0.0487294 s/step
on time step 4479 (time=22.395), 0.0443694 s/step
on time step 4553 (time=22.765), 0.0542007 s/step
on time step 4630 (time=23.15), 0.0519889 s/step
on time step 4718 (time=23.59), 0.0457451 s/step
on time step 4822 (time=24.11), 0.0387413 s/step
on time step 4913 (time=24.565), 0.0440399 s/step
field decay(t = 25.025000000000002): 0.0018484161573302936 / 3.062025660092323 = 0.0006036579580050163
on time step 5010 (time=25.05), 0.0415898 s/step
on time step 5108 (time=25.54), 0.041018 s/step
on time step 5201 (time=26.005), 0.0433721 s/step
on time step 5291 (time=26.455), 0.0448466 s/step
on time step 5379 (time=26.895), 0.0458731 s/step
on time step 5469 (time=27.345), 0.0444601 s/step
on time step 5565 (time=27.825), 0.0419068 s/step
on time step 5645 (time=28.225), 0.0501254 s/step
on time step 5732 (time=28.66), 0.0459976 s/step
on time step 5815 (time=29.075), 0.0483888 s/step
on time step 5919 (time=29.595), 0.0387985 s/step
field decay(t = 30.03): 9.377103391812456e-05 / 3.062025660092323 = 3.062385633806128e-05
on time step 6026 (time=30.13), 0.0375063 s/step
on time step 6130 (time=30.65), 0.0384844 s/step
on time step 6233 (time=31.165), 0.0391498 s/step
on time step 6337 (time=31.685), 0.0386046 s/step
on time step 6437 (time=32.185), 0.0402424 s/step
on time step 6537 (time=32.685), 0.0400342 s/step
on time step 6639 (time=33.195), 0.0396199 s/step
on time step 6741 (time=33.705), 0.0393933 s/step
on time step 6843 (time=34.215), 0.0393628 s/step
on time step 6945 (time=34.725), 0.0394134 s/step
field decay(t = 35.035000000000004): 5.642191086366536e-06 / 3.062025660092323 = 1.8426335088898042e-06
on time step 7051 (time=35.255), 0.0378034 s/step
on time step 7158 (time=35.79), 0.0378018 s/step
on time step 7262 (time=36.31), 0.0387247 s/step
on time step 7366 (time=36.83), 0.0388436 s/step
on time step 7469 (time=37.345), 0.0389764 s/step
on time step 7570 (time=37.85), 0.0400728 s/step
on time step 7672 (time=38.36), 0.0395898 s/step
on time step 7776 (time=38.88), 0.0388561 s/step
on time step 7878 (time=39.39), 0.0394443 s/step
on time step 7981 (time=39.905), 0.0390936 s/step
field decay(t = 40.04): 3.337210659986645e-07 / 3.062025660092323 = 1.0898702461840326e-07
run 0 finished at t = 40.04 (8008 timesteps)
Transmission at f = 1.6666666666666667 (lambda = 600 nm): 0.19052917122522633
l1 = 0.17147461663884855, l2 = 0.30701794786142783
Iteration: l1=0.171475, l2=0.307018, fom=-1.534656e-01
-----------
Initializing structure...
time for choose_chunkdivision = 1.69277e-05 s
Working in 3D dimensions.
Computational cell is 0.5 x 0.5 x 1.5 with resolution 100
time for set_epsilon = 1.07427 s
time for set_conductivity = 0.0184779 s
time for set_conductivity = 0.0176432 s
time for set_conductivity = 0.0180011 s
time for set_conductivity = 0.038553 s
time for set_conductivity = 0.031415 s
time for set_conductivity = 0.0215859 s
-----------
on time step 408 (time=2.04), 0.00982277 s/step
on time step 841 (time=4.205), 0.00924551 s/step
field decay(t = 5.005): 0.22967502551788954 / 0.22967502551788954 = 1.0
on time step 1266 (time=6.33), 0.00942659 s/step
on time step 1692 (time=8.46), 0.00940411 s/step
field decay(t = 10.01): 0.2504808233534304 / 0.2504808233534304 = 1.0
on time step 2101 (time=10.505), 0.0097939 s/step
on time step 2522 (time=12.61), 0.00951971 s/step
on time step 2939 (time=14.695), 0.00961428 s/step
field decay(t = 15.015): 4.890956457152761e-11 / 0.2504808233534304 = 1.9526271080048243e-10
run 0 finished at t = 15.015 (3003 timesteps)
-----------
Initializing structure...
time for choose_chunkdivision = 2.19345e-05 s
Working in 3D dimensions.
Computational cell is 0.5 x 0.5 x 1.5 with resolution 100
     block, center = (0,0,0)
          size (1e+20,1e+20,0.2)
          axes (1,0,0), (0,1,0), (0,0,1)
          dielectric constant epsilon diagonal = (1,1,1)
     block, center = (0,0,0)
          size (0.092844,0.154408,0.2)
          axes (1,0,0), (0,1,0), (0,0,1)
          dielectric constant epsilon diagonal = (1,1,1)
time for set_epsilon = 1.94058 s
time for set_conductivity = 0.0405052 s
time for set_conductivity = 0.040658 s
time for set_conductivity = 0.0356581 s
time for set_conductivity = 0.0418379 s
time for set_conductivity = 0.037292 s
time for set_conductivity = 0.038871 s
lorentzian susceptibility: frequency=16.365, gamma=1.95106
lorentzian susceptibility: frequency=7.32593, gamma=0.738804
lorentzian susceptibility: frequency=6.60165, gamma=0.052426
lorentzian susceptibility: frequency=3.61417, gamma=0.364563
lorentzian susceptibility: frequency=0.658148, gamma=3.13427
drude susceptibility: frequency=1e-10, gamma=0.0387146
-----------
on time step 37 (time=0.185), 0.108183 s/step
on time step 126 (time=0.63), 0.0450705 s/step
on time step 226 (time=1.13), 0.0403194 s/step
on time step 324 (time=1.62), 0.0410149 s/step
on time step 422 (time=2.11), 0.0412163 s/step
on time step 512 (time=2.56), 0.0445123 s/step
on time step 607 (time=3.035), 0.0422635 s/step
on time step 700 (time=3.5), 0.0431285 s/step
on time step 796 (time=3.98), 0.042059 s/step
on time step 890 (time=4.45), 0.0425628 s/step
on time step 984 (time=4.92), 0.042696 s/step
field decay(t = 5.005): 0.5093476756896178 / 0.5093476756896178 = 1.0
on time step 1081 (time=5.405), 0.0413709 s/step
on time step 1169 (time=5.845), 0.0458695 s/step
on time step 1267 (time=6.335), 0.0411036 s/step
on time step 1364 (time=6.82), 0.0415612 s/step
on time step 1460 (time=7.3), 0.0418245 s/step
on time step 1556 (time=7.78), 0.0418728 s/step
on time step 1651 (time=8.255), 0.0423072 s/step
on time step 1750 (time=8.75), 0.0406936 s/step
on time step 1846 (time=9.23), 0.0419634 s/step
on time step 1941 (time=9.705), 0.0423217 s/step
field decay(t = 10.01): 1.1852138168079924 / 1.1852138168079924 = 1.0
on time step 2036 (time=10.18), 0.0422194 s/step
on time step 2129 (time=10.645), 0.0435707 s/step
on time step 2224 (time=11.12), 0.0425476 s/step
on time step 2311 (time=11.555), 0.0462852 s/step
on time step 2406 (time=12.03), 0.0423197 s/step
on time step 2502 (time=12.51), 0.0419678 s/step
on time step 2599 (time=12.995), 0.0414577 s/step
on time step 2694 (time=13.47), 0.0425969 s/step
on time step 2792 (time=13.96), 0.0410525 s/step
on time step 2848 (time=14.24), 0.0719993 s/step
on time step 2900 (time=14.5), 0.0780412 s/step
on time step 2959 (time=14.795), 0.068331 s/step
field decay(t = 15.015): 0.15269990763274527 / 1.1852138168079924 = 0.12883743461917727
on time step 3033 (time=15.165), 0.0545073 s/step
on time step 3118 (time=15.59), 0.0474438 s/step
on time step 3201 (time=16.005), 0.0483128 s/step
on time step 3295 (time=16.475), 0.0428971 s/step
on time step 3376 (time=16.88), 0.0498646 s/step
on time step 3450 (time=17.25), 0.0542598 s/step
on time step 3521 (time=17.605), 0.0569397 s/step
on time step 3588 (time=17.94), 0.0603856 s/step
on time step 3660 (time=18.3), 0.0562107 s/step
on time step 3728 (time=18.64), 0.0591297 s/step
on time step 3805 (time=19.025), 0.0524207 s/step
on time step 3879 (time=19.395), 0.0547834 s/step
on time step 3944 (time=19.72), 0.0624184 s/step
field decay(t = 20.02): 0.009245626618649805 / 1.1852138168079924 = 0.007800809008074211
on time step 4013 (time=20.065), 0.058181 s/step
on time step 4063 (time=20.315), 0.0808764 s/step
on time step 4115 (time=20.575), 0.0775292 s/step
on time step 4173 (time=20.865), 0.069423 s/step
on time step 4242 (time=21.21), 0.0586461 s/step
on time step 4308 (time=21.54), 0.0609291 s/step
on time step 4366 (time=21.83), 0.0692046 s/step
on time step 4429 (time=22.145), 0.0641527 s/step
on time step 4494 (time=22.47), 0.0617965 s/step
on time step 4551 (time=22.755), 0.0706643 s/step
on time step 4613 (time=23.065), 0.0649681 s/step
on time step 4664 (time=23.32), 0.0786461 s/step
on time step 4723 (time=23.615), 0.0680944 s/step
on time step 4787 (time=23.935), 0.063496 s/step
on time step 4854 (time=24.27), 0.0598799 s/step
on time step 4936 (time=24.68), 0.0491679 s/step
field decay(t = 25.025000000000002): 0.00047684930408049006 / 1.1852138168079924 = 0.0004023318808117986
on time step 5015 (time=25.075), 0.0509728 s/step
on time step 5095 (time=25.475), 0.0501524 s/step
on time step 5179 (time=25.895), 0.0481651 s/step
on time step 5262 (time=26.31), 0.0486677 s/step
on time step 5347 (time=26.735), 0.0471514 s/step
on time step 5425 (time=27.125), 0.0517049 s/step
on time step 5508 (time=27.54), 0.0487117 s/step
on time step 5590 (time=27.95), 0.0491494 s/step
on time step 5674 (time=28.37), 0.0478271 s/step
on time step 5756 (time=28.78), 0.0488861 s/step
on time step 5838 (time=29.19), 0.0493685 s/step
on time step 5922 (time=29.61), 0.0479547 s/step
field decay(t = 30.03): 2.4327696954900364e-05 / 1.1852138168079924 = 2.0525998440027898e-05
on time step 6006 (time=30.03), 0.0481557 s/step
on time step 6089 (time=30.445), 0.0484723 s/step
on time step 6173 (time=30.865), 0.0480356 s/step
on time step 6256 (time=31.28), 0.048236 s/step
on time step 6338 (time=31.69), 0.0489484 s/step
on time step 6420 (time=32.1), 0.0490505 s/step
on time step 6503 (time=32.515), 0.048286 s/step
on time step 6585 (time=32.925), 0.0488613 s/step
on time step 6668 (time=33.34), 0.0487808 s/step
on time step 6752 (time=33.76), 0.0481144 s/step
on time step 6836 (time=34.18), 0.0479448 s/step
on time step 6918 (time=34.59), 0.0491959 s/step
on time step 7001 (time=35.005), 0.0487123 s/step
field decay(t = 35.035000000000004): 1.4584196961013777e-06 / 1.1852138168079924 = 1.2305118919632418e-06
on time step 7082 (time=35.41), 0.049592 s/step
on time step 7168 (time=35.84), 0.0465685 s/step
on time step 7257 (time=36.285), 0.0453539 s/step
on time step 7340 (time=36.7), 0.0485039 s/step
on time step 7424 (time=37.12), 0.0480106 s/step
on time step 7508 (time=37.54), 0.0481504 s/step
on time step 7591 (time=37.955), 0.0484568 s/step
on time step 7673 (time=38.365), 0.0490824 s/step
on time step 7749 (time=38.745), 0.0529499 s/step
on time step 7830 (time=39.15), 0.0494055 s/step
on time step 7914 (time=39.57), 0.0477334 s/step
on time step 8004 (time=40.02), 0.0449486 s/step
field decay(t = 40.04): 7.439721011772818e-08 / 1.1852138168079924 = 6.277112961616842e-08
run 0 finished at t = 40.04 (8008 timesteps)
Transmission at f = 1.6666666666666667 (lambda = 600 nm): 0.012753654159043016
l1 = 0.18568795763192464, l2 = 0.30881581258618873
-----------
Initializing structure...
time for choose_chunkdivision = 1.78814e-05 s
Working in 3D dimensions.
Computational cell is 0.5 x 0.5 x 1.5 with resolution 100
time for set_epsilon = 1.38666 s
time for set_conductivity = 0.0207109 s
time for set_conductivity = 0.0255091 s
time for set_conductivity = 0.0317409 s
time for set_conductivity = 0.076185 s
time for set_conductivity = 0.035289 s
time for set_conductivity = 0.0596631 s
-----------
on time step 353 (time=1.765), 0.0113338 s/step
on time step 756 (time=3.78), 0.00992739 s/step
field decay(t = 5.005): 0.22967502551788954 / 0.22967502551788954 = 1.0
on time step 1106 (time=5.53), 0.0114495 s/step
on time step 1486 (time=7.43), 0.0105418 s/step
on time step 1863 (time=9.315), 0.0106173 s/step
field decay(t = 10.01): 0.2504808233534304 / 0.2504808233534304 = 1.0
on time step 2240 (time=11.2), 0.0106288 s/step
on time step 2627 (time=13.135), 0.0103589 s/step
field decay(t = 15.015): 4.890956457152761e-11 / 0.2504808233534304 = 1.9526271080048243e-10
run 0 finished at t = 15.015 (3003 timesteps)
-----------
Initializing structure...
time for choose_chunkdivision = 2.19345e-05 s
Working in 3D dimensions.
Computational cell is 0.5 x 0.5 x 1.5 with resolution 100
     block, center = (0,0,0)
          size (1e+20,1e+20,0.2)
          axes (1,0,0), (0,1,0), (0,0,1)
          dielectric constant epsilon diagonal = (1,1,1)
     block, center = (0,0,0)
          size (0.0817526,0.155363,0.2)
          axes (1,0,0), (0,1,0), (0,0,1)
          dielectric constant epsilon diagonal = (1,1,1)
time for set_epsilon = 2.34048 s
time for set_conductivity = 0.0439019 s
time for set_conductivity = 0.063354 s
time for set_conductivity = 0.0550411 s
time for set_conductivity = 0.0863609 s
time for set_conductivity = 0.058996 s
time for set_conductivity = 0.0629089 s
lorentzian susceptibility: frequency=16.365, gamma=1.95106
lorentzian susceptibility: frequency=7.32593, gamma=0.738804
lorentzian susceptibility: frequency=6.60165, gamma=0.052426
lorentzian susceptibility: frequency=3.61417, gamma=0.364563
lorentzian susceptibility: frequency=0.658148, gamma=3.13427
drude susceptibility: frequency=1e-10, gamma=0.0387146
-----------
on time step 78 (time=0.39), 0.0517921 s/step
on time step 166 (time=0.83), 0.0456776 s/step
on time step 254 (time=1.27), 0.0456577 s/step
on time step 335 (time=1.675), 0.0497595 s/step
on time step 427 (time=2.135), 0.0434783 s/step
on time step 516 (time=2.58), 0.0451244 s/step
on time step 615 (time=3.075), 0.0406142 s/step
on time step 712 (time=3.56), 0.0415497 s/step
on time step 809 (time=4.045), 0.0416064 s/step
on time step 903 (time=4.515), 0.0425743 s/step
on time step 1000 (time=5), 0.0415482 s/step
field decay(t = 5.005): 1.111657252617529 / 1.111657252617529 = 1.0
on time step 1093 (time=5.465), 0.04338 s/step
on time step 1188 (time=5.94), 0.0424267 s/step
on time step 1284 (time=6.42), 0.0419642 s/step
on time step 1376 (time=6.88), 0.0437689 s/step
on time step 1471 (time=7.355), 0.0422106 s/step
on time step 1570 (time=7.85), 0.0405092 s/step
on time step 1670 (time=8.35), 0.0403096 s/step
on time step 1764 (time=8.82), 0.0430427 s/step
on time step 1857 (time=9.285), 0.0434589 s/step
on time step 1949 (time=9.745), 0.0439733 s/step
field decay(t = 10.01): 3.062025660092323 / 3.062025660092323 = 1.0
on time step 2042 (time=10.21), 0.0431886 s/step
on time step 2136 (time=10.68), 0.0427099 s/step
on time step 2230 (time=11.15), 0.0428664 s/step
on time step 2328 (time=11.64), 0.0410185 s/step
on time step 2423 (time=12.115), 0.0422481 s/step
on time step 2527 (time=12.635), 0.0387723 s/step
on time step 2624 (time=13.12), 0.0415146 s/step
on time step 2719 (time=13.595), 0.042322 s/step
on time step 2815 (time=14.075), 0.0416755 s/step
on time step 2910 (time=14.55), 0.0422831 s/step
field decay(t = 15.015): 0.5812671746961346 / 3.062025660092323 = 0.18983092867961432
on time step 3003 (time=15.015), 0.0432271 s/step
on time step 3094 (time=15.47), 0.0441439 s/step
on time step 3189 (time=15.945), 0.0424269 s/step
on time step 3284 (time=16.42), 0.0422089 s/step
on time step 3379 (time=16.895), 0.0422097 s/step
on time step 3472 (time=17.36), 0.043027 s/step
on time step 3572 (time=17.86), 0.040104 s/step
on time step 3671 (time=18.355), 0.0409064 s/step
on time step 3767 (time=18.835), 0.0421129 s/step
on time step 3858 (time=19.29), 0.043975 s/step
on time step 3953 (time=19.765), 0.0421989 s/step
field decay(t = 20.02): 0.030909442509944506 / 3.062025660092323 = 0.010094442679821488
on time step 4050 (time=20.25), 0.0416549 s/step
on time step 4144 (time=20.72), 0.0428779 s/step
on time step 4235 (time=21.175), 0.0443009 s/step
on time step 4329 (time=21.645), 0.0429643 s/step
on time step 4424 (time=22.12), 0.0424427 s/step
on time step 4521 (time=22.605), 0.0413775 s/step
on time step 4615 (time=23.075), 0.042909 s/step
on time step 4718 (time=23.59), 0.0389446 s/step
on time step 4812 (time=24.06), 0.0426141 s/step
on time step 4911 (time=24.555), 0.0407713 s/step
on time step 5002 (time=25.01), 0.0441957 s/step
field decay(t = 25.025000000000002): 0.0018484161573302936 / 3.062025660092323 = 0.0006036579580050163
on time step 5098 (time=25.49), 0.0421076 s/step
on time step 5192 (time=25.96), 0.042851 s/step
on time step 5283 (time=26.415), 0.0441629 s/step
on time step 5376 (time=26.88), 0.043036 s/step
on time step 5472 (time=27.36), 0.0420637 s/step
on time step 5566 (time=27.83), 0.0427986 s/step
on time step 5665 (time=28.325), 0.040454 s/step
on time step 5765 (time=28.825), 0.0402175 s/step
on time step 5862 (time=29.31), 0.0413825 s/step
on time step 5959 (time=29.795), 0.041346 s/step
field decay(t = 30.03): 9.377103391812456e-05 / 3.062025660092323 = 3.062385633806128e-05
on time step 6053 (time=30.265), 0.0425959 s/step
on time step 6149 (time=30.745), 0.041953 s/step
on time step 6242 (time=31.21), 0.043179 s/step
on time step 6335 (time=31.675), 0.0432577 s/step
on time step 6430 (time=32.15), 0.0425495 s/step
on time step 6521 (time=32.605), 0.0441037 s/step
on time step 6617 (time=33.085), 0.0417584 s/step
on time step 6720 (time=33.6), 0.0389955 s/step
on time step 6810 (time=34.05), 0.0445832 s/step
on time step 6906 (time=34.53), 0.0417115 s/step
on time step 7002 (time=35.01), 0.0417751 s/step
field decay(t = 35.035000000000004): 5.642191086366536e-06 / 3.062025660092323 = 1.8426335088898042e-06
on time step 7095 (time=35.475), 0.0430129 s/step
on time step 7191 (time=35.955), 0.0419884 s/step
on time step 7285 (time=36.425), 0.0429485 s/step
on time step 7381 (time=36.905), 0.0417762 s/step
on time step 7471 (time=37.355), 0.044501 s/step
on time step 7568 (time=37.84), 0.0416314 s/step
on time step 7663 (time=38.315), 0.0421732 s/step
on time step 7759 (time=38.795), 0.0417328 s/step
on time step 7859 (time=39.295), 0.0400952 s/step
on time step 7959 (time=39.795), 0.0403397 s/step
field decay(t = 40.04): 3.337210659986645e-07 / 3.062025660092323 = 1.0898702461840326e-07
run 0 finished at t = 40.04 (8008 timesteps)
Transmission at f = 1.6666666666666667 (lambda = 600 nm): 0.19052917122522633
l1 = 0.16350522879577858, l2 = 0.31072582003699556
-----------
Initializing structure...
time for choose_chunkdivision = 1.3113e-05 s
Working in 3D dimensions.
Computational cell is 0.5 x 0.5 x 1.5 with resolution 100
time for set_epsilon = 1.12414 s
time for set_conductivity = 0.0364451 s
time for set_conductivity = 0.0251112 s
time for set_conductivity = 0.0393958 s
time for set_conductivity = 0.0226619 s
time for set_conductivity = 0.02619 s
time for set_conductivity = 0.0200231 s
-----------
on time step 379 (time=1.895), 0.0105577 s/step
on time step 773 (time=3.865), 0.0101756 s/step
field decay(t = 5.005): 0.22967502551788954 / 0.22967502551788954 = 1.0
on time step 1171 (time=5.855), 0.0100638 s/step
on time step 1544 (time=7.72), 0.0107401 s/step
on time step 1932 (time=9.66), 0.0103145 s/step
field decay(t = 10.01): 0.2504808233534304 / 0.2504808233534304 = 1.0
on time step 2308 (time=11.54), 0.0106442 s/step
on time step 2702 (time=13.51), 0.0101792 s/step
field decay(t = 15.015): 4.890956457152761e-11 / 0.2504808233534304 = 1.9526271080048243e-10
run 0 finished at t = 15.015 (3003 timesteps)
-----------
Initializing structure...
time for choose_chunkdivision = 2.21729e-05 s
Working in 3D dimensions.
Computational cell is 0.5 x 0.5 x 1.5 with resolution 100
     block, center = (0,0,0)
          size (1e+20,1e+20,0.2)
          axes (1,0,0), (0,1,0), (0,0,1)
          dielectric constant epsilon diagonal = (1,1,1)
     block, center = (0,0,0)
          size (0.0817526,0.155363,0.2)
          axes (1,0,0), (0,1,0), (0,0,1)
          dielectric constant epsilon diagonal = (1,1,1)
time for set_epsilon = 2.07642 s
time for set_conductivity = 0.0473721 s
time for set_conductivity = 0.0397019 s
time for set_conductivity = 0.0402069 s
time for set_conductivity = 0.039567 s
time for set_conductivity = 0.0503061 s
time for set_conductivity = 0.043376 s
lorentzian susceptibility: frequency=16.365, gamma=1.95106
lorentzian susceptibility: frequency=7.32593, gamma=0.738804
lorentzian susceptibility: frequency=6.60165, gamma=0.052426
lorentzian susceptibility: frequency=3.61417, gamma=0.364563
lorentzian susceptibility: frequency=0.658148, gamma=3.13427
drude susceptibility: frequency=1e-10, gamma=0.0387146
-----------
on time step 91 (time=0.455), 0.044258 s/step
on time step 187 (time=0.935), 0.0420148 s/step
on time step 274 (time=1.37), 0.0462737 s/step
on time step 370 (time=1.85), 0.0417083 s/step
on time step 465 (time=2.325), 0.0421129 s/step
on time step 559 (time=2.795), 0.0428411 s/step
on time step 654 (time=3.27), 0.0423205 s/step
on time step 748 (time=3.74), 0.0427692 s/step
on time step 843 (time=4.215), 0.0424533 s/step
on time step 935 (time=4.675), 0.0438738 s/step
field decay(t = 5.005): 1.111657252617529 / 1.111657252617529 = 1.0
on time step 1029 (time=5.145), 0.0430197 s/step
on time step 1129 (time=5.645), 0.0400567 s/step
on time step 1225 (time=6.125), 0.0419033 s/step
on time step 1319 (time=6.595), 0.0426862 s/step
on time step 1412 (time=7.06), 0.0434635 s/step
on time step 1507 (time=7.535), 0.0422031 s/step
on time step 1603 (time=8.015), 0.0419779 s/step
on time step 1695 (time=8.475), 0.0436669 s/step
on time step 1791 (time=8.955), 0.0420739 s/step
on time step 1886 (time=9.43), 0.0422809 s/step
on time step 1980 (time=9.9), 0.042691 s/step
field decay(t = 10.01): 3.062025660092323 / 3.062025660092323 = 1.0
on time step 2076 (time=10.38), 0.0420253 s/step
on time step 2173 (time=10.865), 0.0413176 s/step
on time step 2267 (time=11.335), 0.0428104 s/step
on time step 2360 (time=11.8), 0.0431431 s/step
on time step 2456 (time=12.28), 0.0418443 s/step
on time step 2552 (time=12.76), 0.0417901 s/step
on time step 2643 (time=13.215), 0.0439571 s/step
on time step 2737 (time=13.685), 0.0427057 s/step
on time step 2830 (time=14.15), 0.0430258 s/step
on time step 2924 (time=14.62), 0.0427353 s/step
field decay(t = 15.015): 0.5812671746961346 / 3.062025660092323 = 0.18983092867961432
on time step 3019 (time=15.095), 0.0423738 s/step
on time step 3112 (time=15.56), 0.0433431 s/step
on time step 3213 (time=16.065), 0.0400059 s/step
on time step 3305 (time=16.525), 0.043525 s/step
on time step 3398 (time=16.99), 0.0433163 s/step
on time step 3494 (time=17.47), 0.0419043 s/step
on time step 3587 (time=17.935), 0.0430563 s/step
on time step 3683 (time=18.415), 0.0420193 s/step
on time step 3779 (time=18.895), 0.0419958 s/step
on time step 3876 (time=19.38), 0.041624 s/step
on time step 3973 (time=19.865), 0.0413828 s/step
field decay(t = 20.02): 0.030909442509944506 / 3.062025660092323 = 0.010094442679821488
on time step 4062 (time=20.31), 0.0450417 s/step
on time step 4157 (time=20.785), 0.0422306 s/step
on time step 4229 (time=21.145), 0.0556288 s/step
on time step 4325 (time=21.625), 0.0419606 s/step
on time step 4411 (time=22.055), 0.0471042 s/step
on time step 4477 (time=22.385), 0.060852 s/step
on time step 4583 (time=22.915), 0.0378858 s/step
on time step 4671 (time=23.355), 0.0454597 s/step
on time step 4790 (time=23.95), 0.0336705 s/step
on time step 4933 (time=24.665), 0.0280156 s/step
field decay(t = 25.025000000000002): 0.0018484161573302936 / 3.062025660092323 = 0.0006036579580050163
on time step 5080 (time=25.4), 0.0272202 s/step
on time step 5227 (time=26.135), 0.0274164 s/step
on time step 5377 (time=26.885), 0.0268705 s/step
on time step 5527 (time=27.635), 0.0267139 s/step
on time step 5675 (time=28.375), 0.0271021 s/step
on time step 5823 (time=29.115), 0.0270374 s/step
on time step 5972 (time=29.86), 0.0269238 s/step
field decay(t = 30.03): 9.377103391812456e-05 / 3.062025660092323 = 3.062385633806128e-05
on time step 6118 (time=30.59), 0.0274899 s/step
on time step 6267 (time=31.335), 0.0269792 s/step
on time step 6417 (time=32.085), 0.0267019 s/step
on time step 6547 (time=32.735), 0.0308085 s/step
on time step 6693 (time=33.465), 0.0274262 s/step
on time step 6826 (time=34.13), 0.0301744 s/step
on time step 6966 (time=34.83), 0.0286852 s/step
field decay(t = 35.035000000000004): 5.642191086366536e-06 / 3.062025660092323 = 1.8426335088898042e-06
on time step 7116 (time=35.58), 0.0268215 s/step
on time step 7257 (time=36.285), 0.0284652 s/step
on time step 7388 (time=36.94), 0.0306599 s/step
on time step 7535 (time=37.675), 0.0273502 s/step
on time step 7684 (time=38.42), 0.02685 s/step
on time step 7834 (time=39.17), 0.0266938 s/step
on time step 7980 (time=39.9), 0.0274746 s/step
field decay(t = 40.04): 3.337210659986645e-07 / 3.062025660092323 = 1.0898702461840326e-07
run 0 finished at t = 40.04 (8008 timesteps)
Transmission at f = 1.6666666666666667 (lambda = 600 nm): 0.19052917122522633
l1 = 0.16350522879577858, l2 = 0.31072582003699556
Iteration: l1=0.163505, l2=0.310726, fom=-1.546617e-01
-----------
Initializing structure...
time for choose_chunkdivision = 1.50204e-05 s
Working in 3D dimensions.
Computational cell is 0.5 x 0.5 x 1.5 with resolution 100
time for set_epsilon = 0.603691 s
time for set_conductivity = 0.0163419 s
time for set_conductivity = 0.014184 s
time for set_conductivity = 0.0106699 s
time for set_conductivity = 0.012634 s
time for set_conductivity = 0.011781 s
time for set_conductivity = 0.0116339 s
-----------
on time step 607 (time=3.035), 0.00659781 s/step
field decay(t = 5.005): 0.22967502551788954 / 0.22967502551788954 = 1.0
on time step 1230 (time=6.15), 0.00642658 s/step
on time step 1863 (time=9.315), 0.00632713 s/step
field decay(t = 10.01): 0.2504808233534304 / 0.2504808233534304 = 1.0
on time step 2489 (time=12.445), 0.00639416 s/step
field decay(t = 15.015): 4.890956457152761e-11 / 0.2504808233534304 = 1.9526271080048243e-10
run 0 finished at t = 15.015 (3003 timesteps)
-----------
Initializing structure...
time for choose_chunkdivision = 1.38283e-05 s
Working in 3D dimensions.
Computational cell is 0.5 x 0.5 x 1.5 with resolution 100
     block, center = (0,0,0)
          size (1e+20,1e+20,0.2)
          axes (1,0,0), (0,1,0), (0,0,1)
          dielectric constant epsilon diagonal = (1,1,1)
     block, center = (0,0,0)
          size (0.0823278,0.152292,0.2)
          axes (1,0,0), (0,1,0), (0,0,1)
          dielectric constant epsilon diagonal = (1,1,1)
time for set_epsilon = 1.15668 s
time for set_conductivity = 0.0225961 s
time for set_conductivity = 0.0226412 s
time for set_conductivity = 0.030318 s
time for set_conductivity = 0.025068 s
time for set_conductivity = 0.02969 s
time for set_conductivity = 0.0212739 s
lorentzian susceptibility: frequency=16.365, gamma=1.95106
lorentzian susceptibility: frequency=7.32593, gamma=0.738804
lorentzian susceptibility: frequency=6.60165, gamma=0.052426
lorentzian susceptibility: frequency=3.61417, gamma=0.364563
lorentzian susceptibility: frequency=0.658148, gamma=3.13427
drude susceptibility: frequency=1e-10, gamma=0.0387146
-----------
on time step 143 (time=0.715), 0.0280273 s/step
on time step 294 (time=1.47), 0.0266562 s/step
on time step 441 (time=2.205), 0.0273136 s/step
on time step 589 (time=2.945), 0.0270893 s/step
on time step 738 (time=3.69), 0.0269456 s/step
on time step 888 (time=4.44), 0.0267626 s/step
field decay(t = 5.005): 1.111657252617529 / 1.111657252617529 = 1.0
on time step 1039 (time=5.195), 0.0265121 s/step
on time step 1191 (time=5.955), 0.0264976 s/step
on time step 1340 (time=6.7), 0.0268843 s/step
on time step 1491 (time=7.455), 0.0265362 s/step
on time step 1641 (time=8.205), 0.026885 s/step
on time step 1792 (time=8.96), 0.0266054 s/step
on time step 1945 (time=9.725), 0.026228 s/step
field decay(t = 10.01): 3.062025660092323 / 3.062025660092323 = 1.0
on time step 2092 (time=10.46), 0.0272699 s/step
on time step 2241 (time=11.205), 0.0269544 s/step
on time step 2391 (time=11.955), 0.0268175 s/step
on time step 2542 (time=12.71), 0.0266439 s/step
on time step 2694 (time=13.47), 0.0263757 s/step
on time step 2844 (time=14.22), 0.026709 s/step
on time step 2995 (time=14.975), 0.026588 s/step
field decay(t = 15.015): 0.5812671746961346 / 3.062025660092323 = 0.18983092867961432
on time step 3146 (time=15.73), 0.0266585 s/step
on time step 3298 (time=16.49), 0.0264106 s/step
on time step 3450 (time=17.25), 0.0264674 s/step
on time step 3599 (time=17.995), 0.0268753 s/step
on time step 3751 (time=18.755), 0.0263817 s/step
on time step 3900 (time=19.5), 0.0268546 s/step
field decay(t = 20.02): 0.030909442509944506 / 3.062025660092323 = 0.010094442679821488
on time step 4050 (time=20.25), 0.026788 s/step
on time step 4203 (time=21.015), 0.0262802 s/step
on time step 4354 (time=21.77), 0.0266239 s/step
on time step 4505 (time=22.525), 0.0265251 s/step
on time step 4655 (time=23.275), 0.0267448 s/step
on time step 4805 (time=24.025), 0.0266702 s/step
on time step 4957 (time=24.785), 0.0263608 s/step
field decay(t = 25.025000000000002): 0.0018484161573302936 / 3.062025660092323 = 0.0006036579580050163
on time step 5106 (time=25.53), 0.0268491 s/step
on time step 5258 (time=26.29), 0.0264071 s/step
on time step 5408 (time=27.04), 0.0267613 s/step
on time step 5559 (time=27.795), 0.0265721 s/step
on time step 5711 (time=28.555), 0.0263798 s/step
on time step 5860 (time=29.3), 0.0268775 s/step
field decay(t = 30.03): 9.377103391812456e-05 / 3.062025660092323 = 3.062385633806128e-05
on time step 6010 (time=30.05), 0.0267879 s/step
on time step 6161 (time=30.805), 0.0266531 s/step
on time step 6311 (time=31.555), 0.0267325 s/step
on time step 6462 (time=32.31), 0.0264921 s/step
on time step 6607 (time=33.035), 0.0276902 s/step
on time step 6758 (time=33.79), 0.0266084 s/step
on time step 6908 (time=34.54), 0.0268208 s/step
field decay(t = 35.035000000000004): 5.642191086366536e-06 / 3.062025660092323 = 1.8426335088898042e-06
on time step 7058 (time=35.29), 0.0267076 s/step
on time step 7208 (time=36.04), 0.0267547 s/step
on time step 7357 (time=36.785), 0.0269608 s/step
on time step 7509 (time=37.545), 0.0264741 s/step
on time step 7656 (time=38.28), 0.0272568 s/step
on time step 7808 (time=39.04), 0.0264932 s/step
on time step 7959 (time=39.795), 0.0264957 s/step
field decay(t = 40.04): 3.337210659986645e-07 / 3.062025660092323 = 1.0898702461840326e-07
run 0 finished at t = 40.04 (8008 timesteps)
Transmission at f = 1.6666666666666667 (lambda = 600 nm): 0.19052917122522633
l1 = 0.16465551859115446, l2 = 0.3045834139863981
-----------
Initializing structure...
time for choose_chunkdivision = 1.00136e-05 s
Working in 3D dimensions.
Computational cell is 0.5 x 0.5 x 1.5 with resolution 100
time for set_epsilon = 0.637382 s
time for set_conductivity = 0.011605 s
time for set_conductivity = 0.011307 s
time for set_conductivity = 0.011935 s
time for set_conductivity = 0.0113809 s
time for set_conductivity = 0.0117061 s
time for set_conductivity = 0.0115998 s
-----------
on time step 613 (time=3.065), 0.00652756 s/step
field decay(t = 5.005): 0.22967502551788954 / 0.22967502551788954 = 1.0
on time step 1226 (time=6.13), 0.00653055 s/step
on time step 1845 (time=9.225), 0.00646968 s/step
field decay(t = 10.01): 0.2504808233534304 / 0.2504808233534304 = 1.0
on time step 2469 (time=12.345), 0.00641329 s/step
field decay(t = 15.015): 4.890956457152761e-11 / 0.2504808233534304 = 1.9526271080048243e-10
run 0 finished at t = 15.015 (3003 timesteps)
-----------
Initializing structure...
time for choose_chunkdivision = 1.40667e-05 s
Working in 3D dimensions.
Computational cell is 0.5 x 0.5 x 1.5 with resolution 100
     block, center = (0,0,0)
          size (1e+20,1e+20,0.2)
          axes (1,0,0), (0,1,0), (0,0,1)
          dielectric constant epsilon diagonal = (1,1,1)
     block, center = (0,0,0)
          size (0.0809106,0.150147,0.2)
          axes (1,0,0), (0,1,0), (0,0,1)
          dielectric constant epsilon diagonal = (1,1,1)
time for set_epsilon = 1.14097 s
time for set_conductivity = 0.0210781 s
time for set_conductivity = 0.025003 s
time for set_conductivity = 0.0292289 s
time for set_conductivity = 0.0211108 s
time for set_conductivity = 0.020999 s
time for set_conductivity = 0.022718 s
lorentzian susceptibility: frequency=16.365, gamma=1.95106
lorentzian susceptibility: frequency=7.32593, gamma=0.738804
lorentzian susceptibility: frequency=6.60165, gamma=0.052426
lorentzian susceptibility: frequency=3.61417, gamma=0.364563
lorentzian susceptibility: frequency=0.658148, gamma=3.13427
drude susceptibility: frequency=1e-10, gamma=0.0387146
-----------
on time step 144 (time=0.72), 0.0279258 s/step
on time step 292 (time=1.46), 0.0270278 s/step
on time step 441 (time=2.205), 0.0268928 s/step
on time step 590 (time=2.95), 0.026907 s/step
on time step 738 (time=3.69), 0.0271683 s/step
on time step 885 (time=4.425), 0.0272384 s/step
field decay(t = 5.005): 1.111657252617529 / 1.111657252617529 = 1.0
on time step 1033 (time=5.165), 0.0270659 s/step
on time step 1182 (time=5.91), 0.026891 s/step
on time step 1333 (time=6.665), 0.0265584 s/step
on time step 1479 (time=7.395), 0.0275099 s/step
on time step 1630 (time=8.15), 0.0266935 s/step
on time step 1779 (time=8.895), 0.0269499 s/step
on time step 1928 (time=9.64), 0.026974 s/step
field decay(t = 10.01): 3.062025660092323 / 3.062025660092323 = 1.0
on time step 2078 (time=10.39), 0.0267776 s/step
on time step 2224 (time=11.12), 0.0274287 s/step
on time step 2372 (time=11.86), 0.0270605 s/step
on time step 2520 (time=12.6), 0.0271348 s/step
on time step 2667 (time=13.335), 0.0272232 s/step
on time step 2815 (time=14.075), 0.0270626 s/step
on time step 2962 (time=14.81), 0.0272576 s/step
field decay(t = 15.015): 0.5812671746961346 / 3.062025660092323 = 0.18983092867961432
on time step 3111 (time=15.555), 0.0269569 s/step
on time step 3261 (time=16.305), 0.0267864 s/step
on time step 3411 (time=17.055), 0.0267924 s/step
on time step 3560 (time=17.8), 0.0269322 s/step
on time step 3708 (time=18.54), 0.0271096 s/step
on time step 3859 (time=19.295), 0.0266824 s/step
field decay(t = 20.02): 0.030909442509944506 / 3.062025660092323 = 0.010094442679821488
on time step 4008 (time=20.04), 0.0270121 s/step
on time step 4157 (time=20.785), 0.0268852 s/step
on time step 4306 (time=21.53), 0.0270185 s/step
on time step 4454 (time=22.27), 0.0270631 s/step
on time step 4603 (time=23.015), 0.026913 s/step
on time step 4753 (time=23.765), 0.0267302 s/step
on time step 4903 (time=24.515), 0.0266885 s/step
field decay(t = 25.025000000000002): 0.0018484161573302936 / 3.062025660092323 = 0.0006036579580050163
on time step 5053 (time=25.265), 0.0267665 s/step
on time step 5202 (time=26.01), 0.0269592 s/step
on time step 5348 (time=26.74), 0.0274353 s/step
on time step 5492 (time=27.46), 0.0278544 s/step
on time step 5642 (time=28.21), 0.0267402 s/step
on time step 5791 (time=28.955), 0.0269467 s/step
on time step 5939 (time=29.695), 0.0270669 s/step
field decay(t = 30.03): 9.377103391812456e-05 / 3.062025660092323 = 3.062385633806128e-05
on time step 6089 (time=30.445), 0.0267401 s/step
on time step 6239 (time=31.195), 0.0266835 s/step
on time step 6387 (time=31.935), 0.027067 s/step
on time step 6537 (time=32.685), 0.026776 s/step
on time step 6686 (time=33.43), 0.0269878 s/step
on time step 6835 (time=34.175), 0.0269848 s/step
on time step 6985 (time=34.925), 0.0268177 s/step
field decay(t = 35.035000000000004): 5.642191086366536e-06 / 3.062025660092323 = 1.8426335088898042e-06
on time step 7134 (time=35.67), 0.0268574 s/step
on time step 7284 (time=36.42), 0.0267391 s/step
on time step 7433 (time=37.165), 0.0269836 s/step
on time step 7584 (time=37.92), 0.0266432 s/step
on time step 7733 (time=38.665), 0.0269792 s/step
on time step 7883 (time=39.415), 0.0267216 s/step
field decay(t = 40.04): 3.337210659986645e-07 / 3.062025660092323 = 1.0898702461840326e-07
run 0 finished at t = 40.04 (8008 timesteps)
Transmission at f = 1.6666666666666667 (lambda = 600 nm): 0.19052917122522633
l1 = 0.16182111446499536, l2 = 0.3002949440235845
-----------
Initializing structure...
time for choose_chunkdivision = 1.12057e-05 s
Working in 3D dimensions.
Computational cell is 0.5 x 0.5 x 1.5 with resolution 100
time for set_epsilon = 0.598736 s
time for set_conductivity = 0.0126131 s
time for set_conductivity = 0.0123219 s
time for set_conductivity = 0.012377 s
time for set_conductivity = 0.0159309 s
time for set_conductivity = 0.014303 s
time for set_conductivity = 0.0149572 s
-----------
on time step 576 (time=2.88), 0.00694945 s/step
field decay(t = 5.005): 0.22967502551788954 / 0.22967502551788954 = 1.0
on time step 1198 (time=5.99), 0.00644073 s/step
on time step 1825 (time=9.125), 0.00638654 s/step
field decay(t = 10.01): 0.2504808233534304 / 0.2504808233534304 = 1.0
on time step 2449 (time=12.245), 0.00641802 s/step
field decay(t = 15.015): 4.890956457152761e-11 / 0.2504808233534304 = 1.9526271080048243e-10
run 0 finished at t = 15.015 (3003 timesteps)
-----------
Initializing structure...
time for choose_chunkdivision = 1.50204e-05 s
Working in 3D dimensions.
Computational cell is 0.5 x 0.5 x 1.5 with resolution 100
     block, center = (0,0,0)
          size (1e+20,1e+20,0.2)
          axes (1,0,0), (0,1,0), (0,0,1)
          dielectric constant epsilon diagonal = (1,1,1)
     block, center = (0,0,0)
          size (0.0809106,0.150147,0.2)
          axes (1,0,0), (0,1,0), (0,0,1)
          dielectric constant epsilon diagonal = (1,1,1)
time for set_epsilon = 1.18641 s
time for set_conductivity = 0.024673 s
time for set_conductivity = 0.0331199 s
time for set_conductivity = 0.037884 s
time for set_conductivity = 0.0210428 s
time for set_conductivity = 0.020859 s
time for set_conductivity = 0.021255 s
lorentzian susceptibility: frequency=16.365, gamma=1.95106
lorentzian susceptibility: frequency=7.32593, gamma=0.738804
lorentzian susceptibility: frequency=6.60165, gamma=0.052426
lorentzian susceptibility: frequency=3.61417, gamma=0.364563
lorentzian susceptibility: frequency=0.658148, gamma=3.13427
drude susceptibility: frequency=1e-10, gamma=0.0387146
-----------
on time step 141 (time=0.705), 0.0284497 s/step
on time step 292 (time=1.46), 0.0265517 s/step
on time step 442 (time=2.21), 0.0267536 s/step
on time step 593 (time=2.965), 0.0265166 s/step
on time step 744 (time=3.72), 0.0266375 s/step
on time step 893 (time=4.465), 0.0268749 s/step
field decay(t = 5.005): 1.111657252617529 / 1.111657252617529 = 1.0
on time step 1046 (time=5.23), 0.0263088 s/step
on time step 1196 (time=5.98), 0.026734 s/step
on time step 1349 (time=6.745), 0.0262321 s/step
on time step 1501 (time=7.505), 0.0264759 s/step
on time step 1651 (time=8.255), 0.026788 s/step
on time step 1804 (time=9.02), 0.0261751 s/step
on time step 1955 (time=9.775), 0.0265167 s/step
field decay(t = 10.01): 3.062025660092323 / 3.062025660092323 = 1.0
on time step 2105 (time=10.525), 0.0268059 s/step
on time step 2256 (time=11.28), 0.0265744 s/step
on time step 2401 (time=12.005), 0.0276937 s/step
on time step 2552 (time=12.76), 0.0265491 s/step
on time step 2704 (time=13.52), 0.0264779 s/step
on time step 2854 (time=14.27), 0.0267144 s/step
on time step 3002 (time=15.01), 0.0270768 s/step
field decay(t = 15.015): 0.5812671746961346 / 3.062025660092323 = 0.18983092867961432
on time step 3144 (time=15.72), 0.0282956 s/step
on time step 3296 (time=16.48), 0.0264691 s/step
on time step 3391 (time=16.955), 0.04224 s/step
on time step 3524 (time=17.62), 0.0301955 s/step
on time step 3665 (time=18.325), 0.0284655 s/step
on time step 3814 (time=19.07), 0.0270259 s/step
on time step 3942 (time=19.71), 0.0313911 s/step
field decay(t = 20.02): 0.030909442509944506 / 3.062025660092323 = 0.010094442679821488
on time step 4083 (time=20.415), 0.0284987 s/step
on time step 4203 (time=21.015), 0.0334163 s/step
on time step 4283 (time=21.415), 0.0500135 s/step
on time step 4391 (time=21.955), 0.0371893 s/step
on time step 4511 (time=22.555), 0.0336004 s/step
on time step 4622 (time=23.11), 0.0361582 s/step
on time step 4756 (time=23.78), 0.0298973 s/step
on time step 4852 (time=24.26), 0.0419122 s/step
on time step 4966 (time=24.83), 0.0352509 s/step
field decay(t = 25.025000000000002): 0.0018484161573302936 / 3.062025660092323 = 0.0006036579580050163
on time step 5083 (time=25.415), 0.0341888 s/step
on time step 5151 (time=25.755), 0.0592542 s/step
on time step 5267 (time=26.335), 0.0345376 s/step
on time step 5382 (time=26.91), 0.0350952 s/step
on time step 5475 (time=27.375), 0.0430598 s/step
on time step 5564 (time=27.82), 0.0451184 s/step
on time step 5630 (time=28.15), 0.0611697 s/step
on time step 5701 (time=28.505), 0.0572022 s/step
on time step 5779 (time=28.895), 0.051743 s/step
on time step 5852 (time=29.26), 0.0554179 s/step
on time step 5921 (time=29.605), 0.0588979 s/step
on time step 6001 (time=30.005), 0.0502982 s/step
field decay(t = 30.03): 9.377103391812456e-05 / 3.062025660092323 = 3.062385633806128e-05
on time step 6076 (time=30.38), 0.0536432 s/step
on time step 6149 (time=30.745), 0.0549727 s/step
on time step 6250 (time=31.25), 0.0398986 s/step
on time step 6341 (time=31.705), 0.0441281 s/step
on time step 6436 (time=32.18), 0.0422038 s/step
on time step 6532 (time=32.66), 0.0417684 s/step
on time step 6638 (time=33.19), 0.0379153 s/step
on time step 6749 (time=33.745), 0.0361094 s/step
on time step 6854 (time=34.27), 0.0384203 s/step
on time step 6963 (time=34.815), 0.0368718 s/step
field decay(t = 35.035000000000004): 5.642191086366536e-06 / 3.062025660092323 = 1.8426335088898042e-06
on time step 7077 (time=35.385), 0.0351854 s/step
on time step 7188 (time=35.94), 0.0360402 s/step
on time step 7295 (time=36.475), 0.0375587 s/step
on time step 7397 (time=36.985), 0.0394628 s/step
on time step 7503 (time=37.515), 0.037889 s/step
on time step 7625 (time=38.125), 0.0328376 s/step
on time step 7719 (time=38.595), 0.0429753 s/step
on time step 7837 (time=39.185), 0.033944 s/step
on time step 7938 (time=39.69), 0.0404194 s/step
on time step 7984 (time=39.92), 0.0879347 s/step
field decay(t = 40.04): 3.337210659986645e-07 / 3.062025660092323 = 1.0898702461840326e-07
run 0 finished at t = 40.04 (8008 timesteps)
Transmission at f = 1.6666666666666667 (lambda = 600 nm): 0.19052917122522633
l1 = 0.16182111446499536, l2 = 0.3002949440235845
Iteration: l1=0.161821, l2=0.300295, fom=-1.561079e-01
-----------
Initializing structure...
time for choose_chunkdivision = 1.12057e-05 s
Working in 3D dimensions.
Computational cell is 0.5 x 0.5 x 1.5 with resolution 100
time for set_epsilon = 0.714241 s
time for set_conductivity = 0.0130138 s
time for set_conductivity = 0.0130908 s
time for set_conductivity = 0.013072 s
time for set_conductivity = 0.0132761 s
time for set_conductivity = 0.014421 s
time for set_conductivity = 0.0136909 s
-----------
on time step 428 (time=2.14), 0.00936005 s/step
on time step 959 (time=4.795), 0.00754564 s/step
field decay(t = 5.005): 0.22967502551788954 / 0.22967502551788954 = 1.0
on time step 1494 (time=7.47), 0.00748186 s/step
field decay(t = 10.01): 0.2504808233534304 / 0.2504808233534304 = 1.0
on time step 2037 (time=10.185), 0.00736703 s/step
on time step 2570 (time=12.85), 0.00751468 s/step
field decay(t = 15.015): 4.890956457152761e-11 / 0.2504808233534304 = 1.9526271080048243e-10
run 0 finished at t = 15.015 (3003 timesteps)
-----------
Initializing structure...
time for choose_chunkdivision = 1.5974e-05 s
Working in 3D dimensions.
Computational cell is 0.5 x 0.5 x 1.5 with resolution 100
     block, center = (0,0,0)
          size (1e+20,1e+20,0.2)
          axes (1,0,0), (0,1,0), (0,0,1)
          dielectric constant epsilon diagonal = (1,1,1)
     block, center = (0,0,0)
          size (0.0769259,0.152001,0.2)
          axes (1,0,0), (0,1,0), (0,0,1)
          dielectric constant epsilon diagonal = (1,1,1)
time for set_epsilon = 1.37337 s
time for set_conductivity = 0.0275011 s
time for set_conductivity = 0.027941 s
time for set_conductivity = 0.0269518 s
time for set_conductivity = 0.026989 s
time for set_conductivity = 0.026629 s
time for set_conductivity = 0.0268009 s
lorentzian susceptibility: frequency=16.365, gamma=1.95106
lorentzian susceptibility: frequency=7.32593, gamma=0.738804
lorentzian susceptibility: frequency=6.60165, gamma=0.052426
lorentzian susceptibility: frequency=3.61417, gamma=0.364563
lorentzian susceptibility: frequency=0.658148, gamma=3.13427
drude susceptibility: frequency=1e-10, gamma=0.0387146
-----------
on time step 105 (time=0.525), 0.0383801 s/step
on time step 221 (time=1.105), 0.0345415 s/step
on time step 341 (time=1.705), 0.0333368 s/step
on time step 469 (time=2.345), 0.03125 s/step
on time step 567 (time=2.835), 0.0411024 s/step
on time step 702 (time=3.51), 0.0298258 s/step
on time step 829 (time=4.145), 0.031683 s/step
on time step 969 (time=4.845), 0.0286051 s/step
field decay(t = 5.005): 0.7112732048901149 / 0.7112732048901149 = 1.0
on time step 1117 (time=5.585), 0.0272024 s/step
on time step 1264 (time=6.32), 0.0273687 s/step
on time step 1404 (time=7.02), 0.0292937 s/step
on time step 1514 (time=7.57), 0.0364041 s/step
on time step 1639 (time=8.195), 0.0321097 s/step
on time step 1755 (time=8.775), 0.0347549 s/step
on time step 1856 (time=9.28), 0.0401119 s/step
on time step 1941 (time=9.705), 0.047325 s/step
field decay(t = 10.01): 1.773559437365141 / 1.773559437365141 = 1.0
on time step 2048 (time=10.24), 0.0376504 s/step
on time step 2175 (time=10.875), 0.0315302 s/step
on time step 2316 (time=11.58), 0.02848 s/step
on time step 2459 (time=12.295), 0.0280206 s/step
on time step 2601 (time=13.005), 0.0283551 s/step
on time step 2739 (time=13.695), 0.0291767 s/step
on time step 2882 (time=14.41), 0.0280156 s/step
field decay(t = 15.015): 0.2736613285595522 / 1.773559437365141 = 0.1543006243794753
on time step 3023 (time=15.115), 0.0284427 s/step
on time step 3161 (time=15.805), 0.0290507 s/step
on time step 3310 (time=16.55), 0.0269932 s/step
on time step 3443 (time=17.215), 0.0302427 s/step
on time step 3575 (time=17.875), 0.0303276 s/step
on time step 3703 (time=18.515), 0.0314984 s/step
on time step 3829 (time=19.145), 0.0319097 s/step
on time step 3970 (time=19.85), 0.028396 s/step
field decay(t = 20.02): 0.01703580056384274 / 1.773559437365141 = 0.009605429739164362
on time step 4107 (time=20.535), 0.0293648 s/step
on time step 4253 (time=21.265), 0.0275957 s/step
on time step 4395 (time=21.975), 0.0281876 s/step
on time step 4533 (time=22.665), 0.0291441 s/step
on time step 4682 (time=23.41), 0.0269887 s/step
on time step 4827 (time=24.135), 0.0276859 s/step
on time step 4971 (time=24.855), 0.0279378 s/step
field decay(t = 25.025000000000002): 0.0009345083387083308 / 1.773559437365141 = 0.0005269112041131632
on time step 5111 (time=25.555), 0.0287373 s/step
on time step 5251 (time=26.255), 0.0287634 s/step
on time step 5360 (time=26.8), 0.0369012 s/step
on time step 5454 (time=27.27), 0.0426205 s/step
on time step 5574 (time=27.87), 0.0333486 s/step
on time step 5668 (time=28.34), 0.0425887 s/step
on time step 5745 (time=28.725), 0.0520344 s/step
on time step 5851 (time=29.255), 0.0378252 s/step
on time step 5955 (time=29.775), 0.0386217 s/step
field decay(t = 30.03): 5.8856447635206246e-05 / 1.773559437365141 = 3.318549488403126e-05
on time step 6088 (time=30.44), 0.0302104 s/step
on time step 6215 (time=31.075), 0.0316701 s/step
on time step 6298 (time=31.49), 0.0484812 s/step
on time step 6415 (time=32.075), 0.0342558 s/step
on time step 6522 (time=32.61), 0.0374489 s/step
on time step 6625 (time=33.125), 0.0391035 s/step
on time step 6718 (time=33.59), 0.0434281 s/step
on time step 6812 (time=34.06), 0.0428052 s/step
on time step 6936 (time=34.68), 0.0323673 s/step
field decay(t = 35.035000000000004): 3.1939914153257995e-06 / 1.773559437365141 = 1.80089336056924e-06
on time step 7074 (time=35.37), 0.028999 s/step
on time step 7222 (time=36.11), 0.0270418 s/step
on time step 7337 (time=36.685), 0.0348826 s/step
on time step 7449 (time=37.245), 0.0360169 s/step
on time step 7525 (time=37.625), 0.0529515 s/step
on time step 7624 (time=38.12), 0.0406834 s/step
on time step 7762 (time=38.81), 0.0290184 s/step
on time step 7888 (time=39.44), 0.0317676 s/step
on time step 7993 (time=39.965), 0.039368 s/step
field decay(t = 40.04): 2.0441527903949357e-07 / 1.773559437365141 = 1.152570783549153e-07
run 0 finished at t = 40.04 (8008 timesteps)
Transmission at f = 1.6666666666666667 (lambda = 600 nm): 0.015626063522512144
l1 = 0.15385172662192537, l2 = 0.3040028161991522
-----------
Initializing structure...
time for choose_chunkdivision = 1.50204e-05 s
Working in 3D dimensions.
Computational cell is 0.5 x 0.5 x 1.5 with resolution 100
time for set_epsilon = 1.17043 s
time for set_conductivity = 0.02896 s
time for set_conductivity = 0.0314231 s
time for set_conductivity = 0.0249 s
time for set_conductivity = 0.023247 s
time for set_conductivity = 0.0208089 s
time for set_conductivity = 0.026906 s
-----------
on time step 364 (time=1.82), 0.0110089 s/step
on time step 731 (time=3.655), 0.0109094 s/step
field decay(t = 5.005): 0.22967502551788954 / 0.22967502551788954 = 1.0
on time step 1117 (time=5.585), 0.0103759 s/step
on time step 1464 (time=7.32), 0.011539 s/step
on time step 1872 (time=9.36), 0.00981287 s/step
field decay(t = 10.01): 0.2504808233534304 / 0.2504808233534304 = 1.0
on time step 2340 (time=11.7), 0.00855069 s/step
on time step 2795 (time=13.975), 0.00879778 s/step
field decay(t = 15.015): 4.890956457152761e-11 / 0.2504808233534304 = 1.9526271080048243e-10
run 0 finished at t = 15.015 (3003 timesteps)
-----------
Initializing structure...
time for choose_chunkdivision = 2.00272e-05 s
Working in 3D dimensions.
Computational cell is 0.5 x 0.5 x 1.5 with resolution 100
     block, center = (0,0,0)
          size (1e+20,1e+20,0.2)
          axes (1,0,0), (0,1,0), (0,0,1)
          dielectric constant epsilon diagonal = (1,1,1)
     block, center = (0,0,0)
          size (0.0835344,0.153132,0.2)
          axes (1,0,0), (0,1,0), (0,0,1)
          dielectric constant epsilon diagonal = (1,1,1)
time for set_epsilon = 1.6534 s
time for set_conductivity = 0.053915 s
time for set_conductivity = 0.0511711 s
time for set_conductivity = 0.053051 s
time for set_conductivity = 0.0633318 s
time for set_conductivity = 0.0537429 s
time for set_conductivity = 0.036675 s
lorentzian susceptibility: frequency=16.365, gamma=1.95106
lorentzian susceptibility: frequency=7.32593, gamma=0.738804
lorentzian susceptibility: frequency=6.60165, gamma=0.052426
lorentzian susceptibility: frequency=3.61417, gamma=0.364563
lorentzian susceptibility: frequency=0.658148, gamma=3.13427
drude susceptibility: frequency=1e-10, gamma=0.0387146
-----------
on time step 74 (time=0.37), 0.0543972 s/step
on time step 185 (time=0.925), 0.0360928 s/step
on time step 300 (time=1.5), 0.0349859 s/step
on time step 416 (time=2.08), 0.0346888 s/step
on time step 528 (time=2.64), 0.035986 s/step
on time step 639 (time=3.195), 0.0363138 s/step
on time step 726 (time=3.63), 0.0460061 s/step
on time step 838 (time=4.19), 0.0357486 s/step
on time step 945 (time=4.725), 0.0377644 s/step
field decay(t = 5.005): 1.111657252617529 / 1.111657252617529 = 1.0
on time step 1038 (time=5.19), 0.0433467 s/step
on time step 1144 (time=5.72), 0.0379857 s/step
on time step 1228 (time=6.14), 0.0478197 s/step
on time step 1318 (time=6.59), 0.0444686 s/step
on time step 1424 (time=7.12), 0.0379947 s/step
on time step 1529 (time=7.645), 0.0383807 s/step
on time step 1619 (time=8.095), 0.0448565 s/step
on time step 1714 (time=8.57), 0.0422352 s/step
on time step 1806 (time=9.03), 0.0439587 s/step
on time step 1897 (time=9.485), 0.0439939 s/step
on time step 1988 (time=9.94), 0.0444351 s/step
field decay(t = 10.01): 3.062025660092323 / 3.062025660092323 = 1.0
on time step 2085 (time=10.425), 0.0415634 s/step
on time step 2176 (time=10.88), 0.0440996 s/step
on time step 2266 (time=11.33), 0.0445272 s/step
on time step 2373 (time=11.865), 0.0374329 s/step
on time step 2454 (time=12.27), 0.0498168 s/step
on time step 2539 (time=12.695), 0.0471785 s/step
on time step 2625 (time=13.125), 0.0466622 s/step
on time step 2700 (time=13.5), 0.0535987 s/step
on time step 2788 (time=13.94), 0.0458818 s/step
on time step 2875 (time=14.375), 0.046248 s/step
on time step 2973 (time=14.865), 0.040827 s/step
field decay(t = 15.015): 0.5812671746961346 / 3.062025660092323 = 0.18983092867961432
on time step 3061 (time=15.305), 0.0458316 s/step
on time step 3158 (time=15.79), 0.0414893 s/step
on time step 3244 (time=16.22), 0.0465714 s/step
on time step 3344 (time=16.72), 0.0401273 s/step
on time step 3457 (time=17.285), 0.0357058 s/step
on time step 3577 (time=17.885), 0.0335043 s/step
on time step 3693 (time=18.465), 0.0347235 s/step
on time step 3801 (time=19.005), 0.0371607 s/step
on time step 3903 (time=19.515), 0.0392262 s/step
field decay(t = 20.02): 0.030909442509944506 / 3.062025660092323 = 0.010094442679821488
on time step 4020 (time=20.1), 0.034478 s/step
on time step 4130 (time=20.65), 0.0363988 s/step
on time step 4248 (time=21.24), 0.0342063 s/step
on time step 4351 (time=21.755), 0.0389499 s/step
on time step 4464 (time=22.32), 0.0355518 s/step
on time step 4580 (time=22.9), 0.0345172 s/step
on time step 4693 (time=23.465), 0.0356091 s/step
on time step 4806 (time=24.03), 0.0357749 s/step
on time step 4909 (time=24.545), 0.0393239 s/step
field decay(t = 25.025000000000002): 0.0018484161573302936 / 3.062025660092323 = 0.0006036579580050163
on time step 5015 (time=25.075), 0.0380074 s/step
on time step 5129 (time=25.645), 0.0353252 s/step
on time step 5234 (time=26.17), 0.0382866 s/step
on time step 5337 (time=26.685), 0.0389719 s/step
on time step 5439 (time=27.195), 0.0393162 s/step
on time step 5531 (time=27.655), 0.0436784 s/step
on time step 5618 (time=28.09), 0.0463746 s/step
on time step 5726 (time=28.63), 0.0371344 s/step
on time step 5830 (time=29.15), 0.0385408 s/step
on time step 5930 (time=29.65), 0.0402225 s/step
field decay(t = 30.03): 9.377103391812456e-05 / 3.062025660092323 = 3.062385633806128e-05
on time step 6044 (time=30.22), 0.0352973 s/step
on time step 6143 (time=30.715), 0.0408425 s/step
on time step 6220 (time=31.1), 0.0520241 s/step
on time step 6318 (time=31.59), 0.0410609 s/step
on time step 6428 (time=32.14), 0.0364077 s/step
on time step 6563 (time=32.815), 0.0298732 s/step
on time step 6693 (time=33.465), 0.0308355 s/step
on time step 6837 (time=34.185), 0.0278274 s/step
on time step 6983 (time=34.915), 0.027444 s/step
field decay(t = 35.035000000000004): 5.642191086366536e-06 / 3.062025660092323 = 1.8426335088898042e-06
on time step 7133 (time=35.665), 0.0268388 s/step
on time step 7267 (time=36.335), 0.0298697 s/step
on time step 7409 (time=37.045), 0.0282616 s/step
on time step 7543 (time=37.715), 0.0300399 s/step
on time step 7677 (time=38.385), 0.0299986 s/step
on time step 7819 (time=39.095), 0.0282303 s/step
on time step 7952 (time=39.76), 0.030242 s/step
field decay(t = 40.04): 3.337210659986645e-07 / 3.062025660092323 = 1.0898702461840326e-07
run 0 finished at t = 40.04 (8008 timesteps)
Transmission at f = 1.6666666666666667 (lambda = 600 nm): 0.19052917122522633
l1 = 0.16706889413461776, l2 = 0.30626416494585895
-----------
Initializing structure...
time for choose_chunkdivision = 1.00136e-05 s
Working in 3D dimensions.
Computational cell is 0.5 x 0.5 x 1.5 with resolution 100
time for set_epsilon = 0.618181 s
time for set_conductivity = 0.012465 s
time for set_conductivity = 0.012387 s
time for set_conductivity = 0.0129888 s
time for set_conductivity = 0.0134668 s
time for set_conductivity = 0.0132751 s
time for set_conductivity = 0.0127449 s
-----------
on time step 612 (time=3.06), 0.0065366 s/step
field decay(t = 5.005): 0.22967502551788954 / 0.22967502551788954 = 1.0
on time step 1189 (time=5.945), 0.00694412 s/step
on time step 1649 (time=8.245), 0.00870633 s/step
field decay(t = 10.01): 0.2504808233534304 / 0.2504808233534304 = 1.0
on time step 2115 (time=10.575), 0.00860316 s/step
on time step 2545 (time=12.725), 0.0093142 s/step
field decay(t = 15.015): 4.890956457152761e-11 / 0.2504808233534304 = 1.9526271080048243e-10
run 0 finished at t = 15.015 (3003 timesteps)
-----------
Initializing structure...
time for choose_chunkdivision = 1.40667e-05 s
Working in 3D dimensions.
Computational cell is 0.5 x 0.5 x 1.5 with resolution 100
     block, center = (0,0,0)
          size (1e+20,1e+20,0.2)
          axes (1,0,0), (0,1,0), (0,0,1)
          dielectric constant epsilon diagonal = (1,1,1)
     block, center = (0,0,0)
          size (0.0809106,0.150147,0.2)
          axes (1,0,0), (0,1,0), (0,0,1)
          dielectric constant epsilon diagonal = (1,1,1)
time for set_epsilon = 1.15589 s
time for set_conductivity = 0.024648 s
time for set_conductivity = 0.02495 s
time for set_conductivity = 0.0253129 s
time for set_conductivity = 0.0257499 s
time for set_conductivity = 0.0277011 s
time for set_conductivity = 0.0246429 s
lorentzian susceptibility: frequency=16.365, gamma=1.95106
lorentzian susceptibility: frequency=7.32593, gamma=0.738804
lorentzian susceptibility: frequency=6.60165, gamma=0.052426
lorentzian susceptibility: frequency=3.61417, gamma=0.364563
lorentzian susceptibility: frequency=0.658148, gamma=3.13427
drude susceptibility: frequency=1e-10, gamma=0.0387146
-----------
on time step 97 (time=0.485), 0.0413529 s/step
on time step 200 (time=1), 0.0390434 s/step
on time step 341 (time=1.705), 0.0285313 s/step
on time step 489 (time=2.445), 0.0272251 s/step
on time step 631 (time=3.155), 0.0283391 s/step
on time step 768 (time=3.84), 0.0292258 s/step
on time step 892 (time=4.46), 0.0322631 s/step
on time step 972 (time=4.86), 0.050317 s/step
field decay(t = 5.005): 1.111657252617529 / 1.111657252617529 = 1.0
on time step 1058 (time=5.29), 0.0469862 s/step
on time step 1139 (time=5.695), 0.049649 s/step
on time step 1230 (time=6.15), 0.0443115 s/step
on time step 1327 (time=6.635), 0.0414083 s/step
on time step 1414 (time=7.07), 0.046016 s/step
on time step 1515 (time=7.575), 0.0396413 s/step
on time step 1611 (time=8.055), 0.0418094 s/step
on time step 1727 (time=8.635), 0.0346293 s/step
on time step 1844 (time=9.22), 0.0343328 s/step
on time step 1955 (time=9.775), 0.0361151 s/step
field decay(t = 10.01): 3.062025660092323 / 3.062025660092323 = 1.0
on time step 2068 (time=10.34), 0.0356064 s/step
on time step 2189 (time=10.945), 0.033073 s/step
on time step 2307 (time=11.535), 0.0339077 s/step
on time step 2423 (time=12.115), 0.0346881 s/step
on time step 2538 (time=12.69), 0.0348668 s/step
on time step 2656 (time=13.28), 0.0340853 s/step
on time step 2774 (time=13.87), 0.0340688 s/step
on time step 2890 (time=14.45), 0.0344911 s/step
field decay(t = 15.015): 0.5812671746961346 / 3.062025660092323 = 0.18983092867961432
on time step 3003 (time=15.015), 0.0354282 s/step
on time step 3117 (time=15.585), 0.0351612 s/step
on time step 3234 (time=16.17), 0.0344092 s/step
on time step 3352 (time=16.76), 0.0341188 s/step
on time step 3474 (time=17.37), 0.0329171 s/step
on time step 3593 (time=17.965), 0.0336694 s/step
on time step 3707 (time=18.535), 0.0353136 s/step
on time step 3825 (time=19.125), 0.034157 s/step
on time step 3946 (time=19.73), 0.0330733 s/step
field decay(t = 20.02): 0.030909442509944506 / 3.062025660092323 = 0.010094442679821488
on time step 4062 (time=20.31), 0.034553 s/step
on time step 4176 (time=20.88), 0.0352766 s/step
on time step 4290 (time=21.45), 0.0353378 s/step
on time step 4397 (time=21.985), 0.0373869 s/step
on time step 4462 (time=22.31), 0.0623128 s/step
on time step 4522 (time=22.61), 0.0676797 s/step
on time step 4566 (time=22.83), 0.0935855 s/step
on time step 4622 (time=23.11), 0.0714683 s/step
on time step 4710 (time=23.55), 0.0455717 s/step
on time step 4802 (time=24.01), 0.0438213 s/step
on time step 4895 (time=24.475), 0.0434211 s/step
on time step 4987 (time=24.935), 0.0437796 s/step
field decay(t = 25.025000000000002): 0.0018484161573302936 / 3.062025660092323 = 0.0006036579580050163
on time step 5079 (time=25.395), 0.0436025 s/step
on time step 5172 (time=25.86), 0.0432274 s/step
on time step 5266 (time=26.33), 0.0428874 s/step
on time step 5360 (time=26.8), 0.0425811 s/step
on time step 5453 (time=27.265), 0.0433253 s/step
on time step 5548 (time=27.74), 0.0423733 s/step
on time step 5640 (time=28.2), 0.0436593 s/step
on time step 5722 (time=28.61), 0.0492478 s/step
on time step 5805 (time=29.025), 0.0482707 s/step
on time step 5889 (time=29.445), 0.0477217 s/step
on time step 5966 (time=29.83), 0.0519612 s/step
field decay(t = 30.03): 9.377103391812456e-05 / 3.062025660092323 = 3.062385633806128e-05
on time step 6072 (time=30.36), 0.0377687 s/step
on time step 6190 (time=30.95), 0.0340458 s/step
on time step 6307 (time=31.535), 0.0342344 s/step
on time step 6426 (time=32.13), 0.0338708 s/step
on time step 6524 (time=32.62), 0.0411559 s/step
on time step 6628 (time=33.14), 0.0387694 s/step
on time step 6729 (time=33.645), 0.0396217 s/step
on time step 6815 (time=34.075), 0.0465353 s/step
on time step 6930 (time=34.65), 0.034952 s/step
field decay(t = 35.035000000000004): 5.642191086366536e-06 / 3.062025660092323 = 1.8426335088898042e-06
on time step 7012 (time=35.06), 0.0493615 s/step
on time step 7121 (time=35.605), 0.0369944 s/step
on time step 7219 (time=36.095), 0.0408933 s/step
on time step 7312 (time=36.56), 0.0432193 s/step
on time step 7409 (time=37.045), 0.041571 s/step
on time step 7494 (time=37.47), 0.0470693 s/step
on time step 7600 (time=38), 0.037759 s/step
on time step 7707 (time=38.535), 0.0375832 s/step
on time step 7805 (time=39.025), 0.0408622 s/step
on time step 7890 (time=39.45), 0.0471593 s/step
on time step 7979 (time=39.895), 0.0453278 s/step
field decay(t = 40.04): 3.337210659986645e-07 / 3.062025660092323 = 1.0898702461840326e-07
run 0 finished at t = 40.04 (8008 timesteps)
Transmission at f = 1.6666666666666667 (lambda = 600 nm): 0.19052917122522633
l1 = 0.16182111446499536, l2 = 0.3002949440235845
Iteration: l1=0.161821, l2=0.300295, fom=-1.561079e-01
-----------
Initializing structure...
time for choose_chunkdivision = 1.5974e-05 s
Working in 3D dimensions.
Computational cell is 0.5 x 0.5 x 1.5 with resolution 100
time for set_epsilon = 1.01496 s
time for set_conductivity = 0.016021 s
time for set_conductivity = 0.016108 s
time for set_conductivity = 0.0163128 s
time for set_conductivity = 0.0174708 s
time for set_conductivity = 0.0210729 s
time for set_conductivity = 0.0181611 s
-----------
on time step 386 (time=1.93), 0.0103741 s/step
on time step 791 (time=3.955), 0.0098921 s/step
field decay(t = 5.005): 0.22967502551788954 / 0.22967502551788954 = 1.0
on time step 1183 (time=5.915), 0.010223 s/step
on time step 1566 (time=7.83), 0.0104645 s/step
on time step 1956 (time=9.78), 0.010277 s/step
field decay(t = 10.01): 0.2504808233534304 / 0.2504808233534304 = 1.0
on time step 2301 (time=11.505), 0.0116076 s/step
on time step 2668 (time=13.34), 0.0109117 s/step
field decay(t = 15.015): 4.890956457152761e-11 / 0.2504808233534304 = 1.9526271080048243e-10
run 0 finished at t = 15.015 (3003 timesteps)
-----------
Initializing structure...
time for choose_chunkdivision = 2.40803e-05 s
Working in 3D dimensions.
Computational cell is 0.5 x 0.5 x 1.5 with resolution 100
     block, center = (0,0,0)
          size (1e+20,1e+20,0.2)
          axes (1,0,0), (0,1,0), (0,0,1)
          dielectric constant epsilon diagonal = (1,1,1)
     block, center = (0,0,0)
          size (0.0791287,0.152378,0.2)
          axes (1,0,0), (0,1,0), (0,0,1)
          dielectric constant epsilon diagonal = (1,1,1)
time for set_epsilon = 2.48467 s
time for set_conductivity = 0.0501611 s
time for set_conductivity = 0.0461349 s
time for set_conductivity = 0.0427999 s
time for set_conductivity = 0.0458651 s
time for set_conductivity = 0.041194 s
time for set_conductivity = 0.04913 s
lorentzian susceptibility: frequency=16.365, gamma=1.95106
lorentzian susceptibility: frequency=7.32593, gamma=0.738804
lorentzian susceptibility: frequency=6.60165, gamma=0.052426
lorentzian susceptibility: frequency=3.61417, gamma=0.364563
lorentzian susceptibility: frequency=0.658148, gamma=3.13427
drude susceptibility: frequency=1e-10, gamma=0.0387146
-----------
on time step 69 (time=0.345), 0.0581041 s/step
on time step 154 (time=0.77), 0.0476227 s/step
on time step 236 (time=1.18), 0.0489884 s/step
on time step 328 (time=1.64), 0.0437713 s/step
on time step 434 (time=2.17), 0.0380867 s/step
on time step 538 (time=2.69), 0.0384668 s/step
on time step 658 (time=3.29), 0.0334303 s/step
on time step 771 (time=3.855), 0.0355581 s/step
on time step 856 (time=4.28), 0.0475682 s/step
on time step 972 (time=4.86), 0.0345704 s/step
field decay(t = 5.005): 0.7112732048901149 / 0.7112732048901149 = 1.0
on time step 1089 (time=5.445), 0.0343102 s/step
on time step 1210 (time=6.05), 0.0332882 s/step
on time step 1328 (time=6.64), 0.0339674 s/step
on time step 1441 (time=7.205), 0.0354736 s/step
on time step 1531 (time=7.655), 0.045098 s/step
on time step 1608 (time=8.04), 0.052126 s/step
on time step 1703 (time=8.515), 0.0421242 s/step
on time step 1814 (time=9.07), 0.0361076 s/step
on time step 1935 (time=9.675), 0.0331611 s/step
field decay(t = 10.01): 1.773559437365141 / 1.773559437365141 = 1.0
on time step 2032 (time=10.16), 0.0414354 s/step
on time step 2130 (time=10.65), 0.0412328 s/step
on time step 2214 (time=11.07), 0.0479984 s/step
on time step 2312 (time=11.56), 0.0408863 s/step
on time step 2412 (time=12.06), 0.0403227 s/step
on time step 2517 (time=12.585), 0.0382865 s/step
on time step 2597 (time=12.985), 0.050014 s/step
on time step 2680 (time=13.4), 0.0482393 s/step
on time step 2789 (time=13.945), 0.0370181 s/step
on time step 2897 (time=14.485), 0.0373578 s/step
on time step 2996 (time=14.98), 0.040497 s/step
field decay(t = 15.015): 0.2736613285595522 / 1.773559437365141 = 0.1543006243794753
on time step 3090 (time=15.45), 0.0426611 s/step
on time step 3190 (time=15.95), 0.0401925 s/step
on time step 3292 (time=16.46), 0.0392495 s/step
on time step 3385 (time=16.925), 0.0431338 s/step
on time step 3487 (time=17.435), 0.0395167 s/step
on time step 3577 (time=17.885), 0.0445999 s/step
on time step 3670 (time=18.35), 0.0431643 s/step
on time step 3759 (time=18.795), 0.0450831 s/step
on time step 3863 (time=19.315), 0.0386113 s/step
on time step 3970 (time=19.85), 0.0375795 s/step
field decay(t = 20.02): 0.01703580056384274 / 1.773559437365141 = 0.009605429739164362
on time step 4068 (time=20.34), 0.0408784 s/step
on time step 4172 (time=20.86), 0.0387947 s/step
on time step 4272 (time=21.36), 0.040313 s/step
on time step 4373 (time=21.865), 0.0398971 s/step
on time step 4441 (time=22.205), 0.0590205 s/step
on time step 4542 (time=22.71), 0.0397652 s/step
on time step 4644 (time=23.22), 0.0394159 s/step
on time step 4748 (time=23.74), 0.038627 s/step
on time step 4855 (time=24.275), 0.0375814 s/step
on time step 4956 (time=24.78), 0.039657 s/step
field decay(t = 25.025000000000002): 0.0009345083387083308 / 1.773559437365141 = 0.0005269112041131632
on time step 5032 (time=25.16), 0.0529935 s/step
on time step 5116 (time=25.58), 0.0478902 s/step
on time step 5197 (time=25.985), 0.0497358 s/step
on time step 5282 (time=26.41), 0.0472597 s/step
on time step 5370 (time=26.85), 0.0458803 s/step
on time step 5467 (time=27.335), 0.0413342 s/step
on time step 5560 (time=27.8), 0.0433323 s/step
on time step 5645 (time=28.225), 0.0473597 s/step
on time step 5747 (time=28.735), 0.0395905 s/step
on time step 5857 (time=29.285), 0.0366698 s/step
on time step 5943 (time=29.715), 0.0467773 s/step
field decay(t = 30.03): 5.8856447635206246e-05 / 1.773559437365141 = 3.318549488403126e-05
on time step 6040 (time=30.2), 0.0414289 s/step
on time step 6122 (time=30.61), 0.0489766 s/step
on time step 6222 (time=31.11), 0.0400801 s/step
on time step 6305 (time=31.525), 0.0484234 s/step
on time step 6410 (time=32.05), 0.0383226 s/step
on time step 6527 (time=32.635), 0.0344629 s/step
on time step 6639 (time=33.195), 0.035797 s/step
on time step 6733 (time=33.665), 0.0431072 s/step
on time step 6838 (time=34.19), 0.0381386 s/step
on time step 6949 (time=34.745), 0.0362978 s/step
field decay(t = 35.035000000000004): 3.1939914153257995e-06 / 1.773559437365141 = 1.80089336056924e-06
on time step 7055 (time=35.275), 0.0377817 s/step
on time step 7166 (time=35.83), 0.0362892 s/step
on time step 7280 (time=36.4), 0.0353578 s/step
on time step 7372 (time=36.86), 0.043692 s/step
on time step 7481 (time=37.405), 0.0369765 s/step
on time step 7589 (time=37.945), 0.0371427 s/step
on time step 7695 (time=38.475), 0.0381108 s/step
on time step 7801 (time=39.005), 0.0378753 s/step
on time step 7898 (time=39.49), 0.041376 s/step
on time step 8000 (time=40), 0.0394174 s/step
field decay(t = 40.04): 2.0441527903949357e-07 / 1.773559437365141 = 1.152570783549153e-07
run 0 finished at t = 40.04 (8008 timesteps)
Transmission at f = 1.6666666666666667 (lambda = 600 nm): 0.015626063522512144
l1 = 0.15825744912615616, l2 = 0.3047565991147211
-----------
Initializing structure...
time for choose_chunkdivision = 1.21593e-05 s
Working in 3D dimensions.
Computational cell is 0.5 x 0.5 x 1.5 with resolution 100
time for set_epsilon = 0.894887 s
time for set_conductivity = 0.016063 s
time for set_conductivity = 0.0221622 s
time for set_conductivity = 0.017678 s
time for set_conductivity = 0.0165889 s
time for set_conductivity = 0.016849 s
time for set_conductivity = 0.0172639 s
-----------
on time step 481 (time=2.405), 0.0083169 s/step
on time step 988 (time=4.94), 0.00789702 s/step
field decay(t = 5.005): 0.22967502551788954 / 0.22967502551788954 = 1.0
on time step 1485 (time=7.425), 0.00805938 s/step
on time step 1937 (time=9.685), 0.00886192 s/step
field decay(t = 10.01): 0.2504808233534304 / 0.2504808233534304 = 1.0
on time step 2393 (time=11.965), 0.00878395 s/step
on time step 2885 (time=14.425), 0.00813902 s/step
field decay(t = 15.015): 4.890956457152761e-11 / 0.2504808233534304 = 1.9526271080048243e-10
run 0 finished at t = 15.015 (3003 timesteps)
-----------
Initializing structure...
time for choose_chunkdivision = 1.90735e-05 s
Working in 3D dimensions.
Computational cell is 0.5 x 0.5 x 1.5 with resolution 100
     block, center = (0,0,0)
          size (1e+20,1e+20,0.2)
          axes (1,0,0), (0,1,0), (0,0,1)
          dielectric constant epsilon diagonal = (1,1,1)
     block, center = (0,0,0)
          size (0.082433,0.152944,0.2)
          axes (1,0,0), (0,1,0), (0,0,1)
          dielectric constant epsilon diagonal = (1,1,1)
time for set_epsilon = 1.64849 s
time for set_conductivity = 0.0454769 s
time for set_conductivity = 0.034097 s
time for set_conductivity = 0.039124 s
time for set_conductivity = 0.0322449 s
time for set_conductivity = 0.0316451 s
time for set_conductivity = 0.032088 s
lorentzian susceptibility: frequency=16.365, gamma=1.95106
lorentzian susceptibility: frequency=7.32593, gamma=0.738804
lorentzian susceptibility: frequency=6.60165, gamma=0.052426
lorentzian susceptibility: frequency=3.61417, gamma=0.364563
lorentzian susceptibility: frequency=0.658148, gamma=3.13427
drude susceptibility: frequency=1e-10, gamma=0.0387146
-----------
on time step 88 (time=0.44), 0.0457271 s/step
on time step 202 (time=1.01), 0.0352279 s/step
on time step 318 (time=1.59), 0.0345515 s/step
on time step 439 (time=2.195), 0.0332192 s/step
on time step 558 (time=2.79), 0.0337122 s/step
on time step 675 (time=3.375), 0.0342614 s/step
on time step 796 (time=3.98), 0.0330697 s/step
on time step 918 (time=4.59), 0.0328303 s/step
field decay(t = 5.005): 1.111657252617529 / 1.111657252617529 = 1.0
on time step 1043 (time=5.215), 0.032062 s/step
on time step 1163 (time=5.815), 0.0334304 s/step
on time step 1280 (time=6.4), 0.0342459 s/step
on time step 1402 (time=7.01), 0.0329951 s/step
on time step 1522 (time=7.61), 0.0333688 s/step
on time step 1644 (time=8.22), 0.0330441 s/step
on time step 1767 (time=8.835), 0.0325506 s/step
on time step 1889 (time=9.445), 0.0329444 s/step
field decay(t = 10.01): 3.062025660092323 / 3.062025660092323 = 1.0
on time step 2007 (time=10.035), 0.034067 s/step
on time step 2128 (time=10.64), 0.0332903 s/step
on time step 2245 (time=11.225), 0.0343838 s/step
on time step 2366 (time=11.83), 0.033179 s/step
on time step 2487 (time=12.435), 0.0332627 s/step
on time step 2592 (time=12.96), 0.038341 s/step
on time step 2715 (time=13.575), 0.0327093 s/step
on time step 2838 (time=14.19), 0.0327327 s/step
on time step 2958 (time=14.79), 0.0335669 s/step
field decay(t = 15.015): 0.5812671746961346 / 3.062025660092323 = 0.18983092867961432
on time step 3078 (time=15.39), 0.0333721 s/step
on time step 3197 (time=15.985), 0.0337809 s/step
on time step 3318 (time=16.59), 0.0330826 s/step
on time step 3438 (time=17.19), 0.0334889 s/step
on time step 3558 (time=17.79), 0.0334989 s/step
on time step 3679 (time=18.395), 0.0331196 s/step
on time step 3797 (time=18.985), 0.0339625 s/step
on time step 3920 (time=19.6), 0.0327272 s/step
field decay(t = 20.02): 0.030909442509944506 / 3.062025660092323 = 0.010094442679821488
on time step 4041 (time=20.205), 0.0332238 s/step
on time step 4163 (time=20.815), 0.0329904 s/step
on time step 4276 (time=21.38), 0.0354241 s/step
on time step 4394 (time=21.97), 0.0340373 s/step
on time step 4516 (time=22.58), 0.0330112 s/step
on time step 4641 (time=23.205), 0.0320019 s/step
on time step 4762 (time=23.81), 0.0331659 s/step
on time step 4879 (time=24.395), 0.0342253 s/step
on time step 4990 (time=24.95), 0.0361087 s/step
field decay(t = 25.025000000000002): 0.0018484161573302936 / 3.062025660092323 = 0.0006036579580050163
on time step 5112 (time=25.56), 0.0329806 s/step
on time step 5218 (time=26.09), 0.0380144 s/step
on time step 5308 (time=26.54), 0.0448211 s/step
on time step 5409 (time=27.045), 0.0398574 s/step
on time step 5499 (time=27.495), 0.0444757 s/step
on time step 5593 (time=27.965), 0.0427704 s/step
on time step 5683 (time=28.415), 0.0445745 s/step
on time step 5773 (time=28.865), 0.0447416 s/step
on time step 5864 (time=29.32), 0.0440965 s/step
on time step 5952 (time=29.76), 0.0457785 s/step
field decay(t = 30.03): 9.377103391812456e-05 / 3.062025660092323 = 3.062385633806128e-05
on time step 6039 (time=30.195), 0.0462765 s/step
on time step 6125 (time=30.625), 0.0466193 s/step
on time step 6210 (time=31.05), 0.0472044 s/step
on time step 6297 (time=31.485), 0.0463898 s/step
on time step 6368 (time=31.84), 0.0566927 s/step
on time step 6457 (time=32.285), 0.0452617 s/step
on time step 6545 (time=32.725), 0.0457869 s/step
on time step 6656 (time=33.28), 0.0363381 s/step
on time step 6765 (time=33.825), 0.0367908 s/step
on time step 6867 (time=34.335), 0.0395588 s/step
on time step 6977 (time=34.885), 0.0364296 s/step
field decay(t = 35.035000000000004): 5.642191086366536e-06 / 3.062025660092323 = 1.8426335088898042e-06
on time step 7099 (time=35.495), 0.0328078 s/step
on time step 7212 (time=36.06), 0.0355566 s/step
on time step 7328 (time=36.64), 0.0348369 s/step
on time step 7450 (time=37.25), 0.0329296 s/step
on time step 7573 (time=37.865), 0.032691 s/step
on time step 7695 (time=38.475), 0.0330297 s/step
on time step 7813 (time=39.065), 0.0340433 s/step
on time step 7935 (time=39.675), 0.0329226 s/step
field decay(t = 40.04): 3.337210659986645e-07 / 3.062025660092323 = 1.0898702461840326e-07
run 0 finished at t = 40.04 (8008 timesteps)
Transmission at f = 1.6666666666666667 (lambda = 600 nm): 0.19052917122522633
l1 = 0.16486603288250234, l2 = 0.3058872734880745
-----------
Initializing structure...
time for choose_chunkdivision = 1.21593e-05 s
Working in 3D dimensions.
Computational cell is 0.5 x 0.5 x 1.5 with resolution 100
time for set_epsilon = 0.877111 s
time for set_conductivity = 0.0153921 s
time for set_conductivity = 0.015682 s
time for set_conductivity = 0.015255 s
time for set_conductivity = 0.035974 s
time for set_conductivity = 0.0364962 s
time for set_conductivity = 0.023948 s
-----------
on time step 477 (time=2.385), 0.00839657 s/step
on time step 988 (time=4.94), 0.00782981 s/step
field decay(t = 5.005): 0.22967502551788954 / 0.22967502551788954 = 1.0
on time step 1462 (time=7.31), 0.00844127 s/step
on time step 1956 (time=9.78), 0.00810811 s/step
field decay(t = 10.01): 0.2504808233534304 / 0.2504808233534304 = 1.0
on time step 2437 (time=12.185), 0.0083295 s/step
on time step 2929 (time=14.645), 0.00813348 s/step
field decay(t = 15.015): 4.890956457152761e-11 / 0.2504808233534304 = 1.9526271080048243e-10
run 0 finished at t = 15.015 (3003 timesteps)
-----------
Initializing structure...
time for choose_chunkdivision = 2.5034e-05 s
Working in 3D dimensions.
Computational cell is 0.5 x 0.5 x 1.5 with resolution 100
     block, center = (0,0,0)
          size (1e+20,1e+20,0.2)
          axes (1,0,0), (0,1,0), (0,0,1)
          dielectric constant epsilon diagonal = (1,1,1)
     block, center = (0,0,0)
          size (0.0809106,0.150147,0.2)
          axes (1,0,0), (0,1,0), (0,0,1)
          dielectric constant epsilon diagonal = (1,1,1)
time for set_epsilon = 1.60105 s
time for set_conductivity = 0.0307431 s
time for set_conductivity = 0.0363371 s
time for set_conductivity = 0.045923 s
time for set_conductivity = 0.0364389 s
time for set_conductivity = 0.0359602 s
time for set_conductivity = 0.0304291 s
lorentzian susceptibility: frequency=16.365, gamma=1.95106
lorentzian susceptibility: frequency=7.32593, gamma=0.738804
lorentzian susceptibility: frequency=6.60165, gamma=0.052426
lorentzian susceptibility: frequency=3.61417, gamma=0.364563
lorentzian susceptibility: frequency=0.658148, gamma=3.13427
drude susceptibility: frequency=1e-10, gamma=0.0387146
-----------
on time step 100 (time=0.5), 0.0401397 s/step
on time step 191 (time=0.955), 0.0442189 s/step
on time step 307 (time=1.535), 0.0346052 s/step
on time step 426 (time=2.13), 0.0338812 s/step
on time step 541 (time=2.705), 0.0347857 s/step
on time step 655 (time=3.275), 0.0351149 s/step
on time step 765 (time=3.825), 0.0364106 s/step
on time step 886 (time=4.43), 0.0331617 s/step
field decay(t = 5.005): 1.111657252617529 / 1.111657252617529 = 1.0
on time step 1009 (time=5.045), 0.0326784 s/step
on time step 1130 (time=5.65), 0.0332744 s/step
on time step 1247 (time=6.235), 0.0344109 s/step
on time step 1369 (time=6.845), 0.0329131 s/step
on time step 1494 (time=7.47), 0.032272 s/step
on time step 1617 (time=8.085), 0.0327657 s/step
on time step 1735 (time=8.675), 0.0340117 s/step
on time step 1854 (time=9.27), 0.033759 s/step
on time step 1975 (time=9.875), 0.0332625 s/step
field decay(t = 10.01): 3.062025660092323 / 3.062025660092323 = 1.0
on time step 2096 (time=10.48), 0.0330607 s/step
on time step 2203 (time=11.015), 0.0377863 s/step
on time step 2317 (time=11.585), 0.0353578 s/step
on time step 2429 (time=12.145), 0.0358199 s/step
on time step 2550 (time=12.75), 0.0331628 s/step
on time step 2669 (time=13.345), 0.0336794 s/step
on time step 2789 (time=13.945), 0.0335933 s/step
on time step 2906 (time=14.53), 0.0343094 s/step
field decay(t = 15.015): 0.5812671746961346 / 3.062025660092323 = 0.18983092867961432
on time step 3024 (time=15.12), 0.0342247 s/step
on time step 3143 (time=15.715), 0.0337813 s/step
on time step 3264 (time=16.32), 0.033153 s/step
on time step 3382 (time=16.91), 0.0340955 s/step
on time step 3496 (time=17.48), 0.0351144 s/step
on time step 3614 (time=18.07), 0.0340289 s/step
on time step 3702 (time=18.51), 0.0454643 s/step
on time step 3806 (time=19.03), 0.0385237 s/step
on time step 3910 (time=19.55), 0.0385554 s/step
field decay(t = 20.02): 0.030909442509944506 / 3.062025660092323 = 0.010094442679821488
on time step 4023 (time=20.115), 0.0355932 s/step
on time step 4144 (time=20.72), 0.0331279 s/step
on time step 4268 (time=21.34), 0.032486 s/step
on time step 4380 (time=21.9), 0.0357305 s/step
on time step 4493 (time=22.465), 0.0355796 s/step
on time step 4612 (time=23.06), 0.0338035 s/step
on time step 4727 (time=23.635), 0.0349796 s/step
on time step 4845 (time=24.225), 0.0342844 s/step
on time step 4964 (time=24.82), 0.0338383 s/step
field decay(t = 25.025000000000002): 0.0018484161573302936 / 3.062025660092323 = 0.0006036579580050163
on time step 5080 (time=25.4), 0.0345784 s/step
on time step 5190 (time=25.95), 0.0364114 s/step
on time step 5292 (time=26.46), 0.0393831 s/step
on time step 5392 (time=26.96), 0.0400588 s/step
on time step 5466 (time=27.33), 0.0542665 s/step
on time step 5534 (time=27.67), 0.0588701 s/step
on time step 5617 (time=28.085), 0.0482159 s/step
on time step 5721 (time=28.605), 0.0385621 s/step
on time step 5804 (time=29.02), 0.0485441 s/step
on time step 5903 (time=29.515), 0.0405516 s/step
on time step 6005 (time=30.025), 0.0395833 s/step
field decay(t = 30.03): 9.377103391812456e-05 / 3.062025660092323 = 3.062385633806128e-05
on time step 6099 (time=30.495), 0.0425755 s/step
on time step 6175 (time=30.875), 0.0527809 s/step
on time step 6255 (time=31.275), 0.0500609 s/step
on time step 6351 (time=31.755), 0.0416691 s/step
on time step 6468 (time=32.34), 0.0344857 s/step
on time step 6583 (time=32.915), 0.0350619 s/step
on time step 6697 (time=33.485), 0.0353366 s/step
on time step 6799 (time=33.995), 0.0392892 s/step
on time step 6915 (time=34.575), 0.034727 s/step
field decay(t = 35.035000000000004): 5.642191086366536e-06 / 3.062025660092323 = 1.8426335088898042e-06
on time step 7030 (time=35.15), 0.0348849 s/step
on time step 7149 (time=35.745), 0.0336435 s/step
on time step 7270 (time=36.35), 0.0331719 s/step
on time step 7388 (time=36.94), 0.033952 s/step
on time step 7493 (time=37.465), 0.038135 s/step
on time step 7607 (time=38.035), 0.0352191 s/step
on time step 7720 (time=38.6), 0.0356445 s/step
on time step 7840 (time=39.2), 0.0334833 s/step
on time step 7958 (time=39.79), 0.0340368 s/step
field decay(t = 40.04): 3.337210659986645e-07 / 3.062025660092323 = 1.0898702461840326e-07
run 0 finished at t = 40.04 (8008 timesteps)
Transmission at f = 1.6666666666666667 (lambda = 600 nm): 0.19052917122522633
l1 = 0.16182111446499536, l2 = 0.3002949440235845
Iteration: l1=0.161821, l2=0.300295, fom=-1.561079e-01
-----------
Initializing structure...
time for choose_chunkdivision = 1.81198e-05 s
Working in 3D dimensions.
Computational cell is 0.5 x 0.5 x 1.5 with resolution 100
time for set_epsilon = 0.872446 s
time for set_conductivity = 0.0301301 s
time for set_conductivity = 0.0181789 s
time for set_conductivity = 0.029062 s
time for set_conductivity = 0.0161791 s
time for set_conductivity = 0.015734 s
time for set_conductivity = 0.0160351 s
-----------
on time step 478 (time=2.39), 0.00838442 s/step
on time step 981 (time=4.905), 0.00795504 s/step
field decay(t = 5.005): 0.22967502551788954 / 0.22967502551788954 = 1.0
on time step 1502 (time=7.51), 0.00769103 s/step
field decay(t = 10.01): 0.2504808233534304 / 0.2504808233534304 = 1.0
on time step 2008 (time=10.04), 0.00790607 s/step
on time step 2500 (time=12.5), 0.00814446 s/step
on time step 2964 (time=14.82), 0.00862735 s/step
field decay(t = 15.015): 4.890956457152761e-11 / 0.2504808233534304 = 1.9526271080048243e-10
run 0 finished at t = 15.015 (3003 timesteps)
-----------
Initializing structure...
time for choose_chunkdivision = 2.5034e-05 s
Working in 3D dimensions.
Computational cell is 0.5 x 0.5 x 1.5 with resolution 100
     block, center = (0,0,0)
          size (1e+20,1e+20,0.2)
          axes (1,0,0), (0,1,0), (0,0,1)
          dielectric constant epsilon diagonal = (1,1,1)
     block, center = (0,0,0)
          size (0.081591,0.147728,0.2)
          axes (1,0,0), (0,1,0), (0,0,1)
          dielectric constant epsilon diagonal = (1,1,1)
time for set_epsilon = 1.59545 s
time for set_conductivity = 0.0345621 s
time for set_conductivity = 0.0351269 s
time for set_conductivity = 0.0392292 s
time for set_conductivity = 0.031667 s
time for set_conductivity = 0.0379951 s
time for set_conductivity = 0.0342951 s
lorentzian susceptibility: frequency=16.365, gamma=1.95106
lorentzian susceptibility: frequency=7.32593, gamma=0.738804
lorentzian susceptibility: frequency=6.60165, gamma=0.052426
lorentzian susceptibility: frequency=3.61417, gamma=0.364563
lorentzian susceptibility: frequency=0.658148, gamma=3.13427
drude susceptibility: frequency=1e-10, gamma=0.0387146
-----------
on time step 114 (time=0.57), 0.0352319 s/step
on time step 231 (time=1.155), 0.0344475 s/step
on time step 351 (time=1.755), 0.0334581 s/step
on time step 470 (time=2.35), 0.0336467 s/step
on time step 594 (time=2.97), 0.0324287 s/step
on time step 717 (time=3.585), 0.0325435 s/step
on time step 839 (time=4.195), 0.03295 s/step
on time step 957 (time=4.785), 0.0339458 s/step
field decay(t = 5.005): 0.9882287207078263 / 0.9882287207078263 = 1.0
on time step 1079 (time=5.395), 0.0330103 s/step
on time step 1201 (time=6.005), 0.0330053 s/step
on time step 1325 (time=6.625), 0.0323181 s/step
on time step 1445 (time=7.225), 0.0333982 s/step
on time step 1564 (time=7.82), 0.0336944 s/step
on time step 1686 (time=8.43), 0.0329835 s/step
on time step 1811 (time=9.055), 0.0322128 s/step
on time step 1934 (time=9.67), 0.0325215 s/step
field decay(t = 10.01): 2.799090541139064 / 2.799090541139064 = 1.0
on time step 2053 (time=10.265), 0.033737 s/step
on time step 2175 (time=10.875), 0.0328056 s/step
on time step 2297 (time=11.485), 0.0328114 s/step
on time step 2411 (time=12.055), 0.0353594 s/step
on time step 2533 (time=12.665), 0.03287 s/step
on time step 2649 (time=13.245), 0.0345265 s/step
on time step 2763 (time=13.815), 0.035367 s/step
on time step 2876 (time=14.38), 0.0356528 s/step
on time step 2987 (time=14.935), 0.0361394 s/step
field decay(t = 15.015): 0.5049209073981583 / 2.799090541139064 = 0.1803874865700791
on time step 3090 (time=15.45), 0.0391192 s/step
on time step 3202 (time=16.01), 0.0358228 s/step
on time step 3317 (time=16.585), 0.0349413 s/step
on time step 3437 (time=17.185), 0.033461 s/step
on time step 3563 (time=17.815), 0.0319827 s/step
on time step 3685 (time=18.425), 0.0328563 s/step
on time step 3803 (time=19.015), 0.0340174 s/step
on time step 3923 (time=19.615), 0.0335202 s/step
field decay(t = 20.02): 0.030355831613553232 / 2.799090541139064 = 0.010844890927036683
on time step 4020 (time=20.1), 0.0413892 s/step
on time step 4145 (time=20.725), 0.0321145 s/step
on time step 4267 (time=21.335), 0.0330101 s/step
on time step 4385 (time=21.925), 0.0339499 s/step
on time step 4507 (time=22.535), 0.0329581 s/step
on time step 4630 (time=23.15), 0.0325962 s/step
on time step 4755 (time=23.775), 0.0322043 s/step
on time step 4878 (time=24.39), 0.0326902 s/step
on time step 4996 (time=24.98), 0.0339368 s/step
field decay(t = 25.025000000000002): 0.0017696897115929556 / 2.799090541139064 = 0.0006322373948192461
on time step 5119 (time=25.595), 0.0327451 s/step
on time step 5243 (time=26.215), 0.0324099 s/step
on time step 5368 (time=26.84), 0.0322201 s/step
on time step 5488 (time=27.44), 0.0333805 s/step
on time step 5609 (time=28.045), 0.0332957 s/step
on time step 5728 (time=28.64), 0.0336344 s/step
on time step 5847 (time=29.235), 0.0336365 s/step
on time step 5971 (time=29.855), 0.0323634 s/step
field decay(t = 30.03): 9.818030279106486e-05 / 2.799090541139064 = 3.507578670574596e-05
on time step 6091 (time=30.455), 0.0336289 s/step
on time step 6207 (time=31.035), 0.0345014 s/step
on time step 6329 (time=31.645), 0.0327881 s/step
on time step 6425 (time=32.125), 0.0418785 s/step
on time step 6538 (time=32.69), 0.0354025 s/step
on time step 6656 (time=33.28), 0.0339967 s/step
on time step 6773 (time=33.865), 0.0342512 s/step
on time step 6895 (time=34.475), 0.0328066 s/step
field decay(t = 35.035000000000004): 5.423870929060349e-06 / 2.799090541139064 = 1.9377261468838216e-06
on time step 7020 (time=35.1), 0.0322408 s/step
on time step 7143 (time=35.715), 0.0327522 s/step
on time step 7265 (time=36.325), 0.0329842 s/step
on time step 7382 (time=36.91), 0.0343939 s/step
on time step 7502 (time=37.51), 0.0336339 s/step
on time step 7627 (time=38.135), 0.0322439 s/step
on time step 7712 (time=38.56), 0.0472986 s/step
on time step 7834 (time=39.17), 0.032806 s/step
on time step 7951 (time=39.755), 0.0344005 s/step
field decay(t = 40.04): 3.5496715204305135e-07 / 2.799090541139064 = 1.2681517329503773e-07
run 0 finished at t = 40.04 (8008 timesteps)
Transmission at f = 1.6666666666666667 (lambda = 600 nm): 0.1549535879650249
l1 = 0.16318191855171912, l2 = 0.29545639747466335
-----------
Initializing structure...
time for choose_chunkdivision = 1.19209e-05 s
Working in 3D dimensions.
Computational cell is 0.5 x 0.5 x 1.5 with resolution 100
time for set_epsilon = 0.822889 s
time for set_conductivity = 0.016434 s
time for set_conductivity = 0.0152271 s
time for set_conductivity = 0.0152421 s
time for set_conductivity = 0.0164609 s
time for set_conductivity = 0.0162048 s
time for set_conductivity = 0.016933 s
-----------
on time step 515 (time=2.575), 0.00777778 s/step
field decay(t = 5.005): 0.22967502551788954 / 0.22967502551788954 = 1.0
on time step 1042 (time=5.21), 0.00759346 s/step
on time step 1569 (time=7.845), 0.00759936 s/step
field decay(t = 10.01): 0.2504808233534304 / 0.2504808233534304 = 1.0
on time step 2099 (time=10.495), 0.00754839 s/step
on time step 2626 (time=13.13), 0.00759114 s/step
field decay(t = 15.015): 4.890956457152761e-11 / 0.2504808233534304 = 1.9526271080048243e-10
run 0 finished at t = 15.015 (3003 timesteps)
-----------
Initializing structure...
time for choose_chunkdivision = 5.60284e-05 s
Working in 3D dimensions.
Computational cell is 0.5 x 0.5 x 1.5 with resolution 100
     block, center = (0,0,0)
          size (1e+20,1e+20,0.2)
          axes (1,0,0), (0,1,0), (0,0,1)
          dielectric constant epsilon diagonal = (1,1,1)
     block, center = (0,0,0)
          size (0.0817122,0.153454,0.2)
          axes (1,0,0), (0,1,0), (0,0,1)
          dielectric constant epsilon diagonal = (1,1,1)
time for set_epsilon = 1.50641 s
time for set_conductivity = 0.031302 s
time for set_conductivity = 0.042985 s
time for set_conductivity = 0.027822 s
time for set_conductivity = 0.0277319 s
time for set_conductivity = 0.028868 s
time for set_conductivity = 0.02917 s
lorentzian susceptibility: frequency=16.365, gamma=1.95106
lorentzian susceptibility: frequency=7.32593, gamma=0.738804
lorentzian susceptibility: frequency=6.60165, gamma=0.052426
lorentzian susceptibility: frequency=3.61417, gamma=0.364563
lorentzian susceptibility: frequency=0.658148, gamma=3.13427
drude susceptibility: frequency=1e-10, gamma=0.0387146
-----------
on time step 84 (time=0.42), 0.0479093 s/step
on time step 211 (time=1.055), 0.0316914 s/step
on time step 337 (time=1.685), 0.0318044 s/step
on time step 464 (time=2.32), 0.0315577 s/step
on time step 590 (time=2.95), 0.0318311 s/step
on time step 717 (time=3.585), 0.03163 s/step
on time step 845 (time=4.225), 0.0313693 s/step
on time step 970 (time=4.85), 0.0320066 s/step
field decay(t = 5.005): 1.111657252617529 / 1.111657252617529 = 1.0
on time step 1098 (time=5.49), 0.0313925 s/step
on time step 1225 (time=6.125), 0.0316837 s/step
on time step 1351 (time=6.755), 0.0318102 s/step
on time step 1477 (time=7.385), 0.0318267 s/step
on time step 1603 (time=8.015), 0.0317736 s/step
on time step 1730 (time=8.65), 0.0316928 s/step
on time step 1857 (time=9.285), 0.0316205 s/step
on time step 1963 (time=9.815), 0.0379685 s/step
field decay(t = 10.01): 3.062025660092323 / 3.062025660092323 = 1.0
on time step 2016 (time=10.08), 0.0765368 s/step
on time step 2121 (time=10.605), 0.0382562 s/step
on time step 2274 (time=11.37), 0.0262113 s/step
on time step 2426 (time=12.13), 0.0264542 s/step
on time step 2579 (time=12.895), 0.0261567 s/step
on time step 2732 (time=13.66), 0.0262766 s/step
on time step 2886 (time=14.43), 0.0260634 s/step
field decay(t = 15.015): 0.5812671746961346 / 3.062025660092323 = 0.18983092867961432
on time step 3039 (time=15.195), 0.0263262 s/step
on time step 3192 (time=15.96), 0.0262694 s/step
on time step 3344 (time=16.72), 0.0263218 s/step
on time step 3495 (time=17.475), 0.026657 s/step
on time step 3648 (time=18.24), 0.0262514 s/step
on time step 3786 (time=18.93), 0.0290938 s/step
on time step 3935 (time=19.675), 0.0269833 s/step
field decay(t = 20.02): 0.030909442509944506 / 3.062025660092323 = 0.010094442679821488
on time step 4088 (time=20.44), 0.0261947 s/step
on time step 4242 (time=21.21), 0.0261427 s/step
on time step 4394 (time=21.97), 0.026412 s/step
on time step 4543 (time=22.715), 0.0269758 s/step
on time step 4682 (time=23.41), 0.0288275 s/step
on time step 4835 (time=24.175), 0.0262986 s/step
on time step 4981 (time=24.905), 0.0274479 s/step
field decay(t = 25.025000000000002): 0.0018484161573302936 / 3.062025660092323 = 0.0006036579580050163
on time step 5131 (time=25.655), 0.0266911 s/step
on time step 5283 (time=26.415), 0.0263679 s/step
on time step 5436 (time=27.18), 0.0262483 s/step
on time step 5588 (time=27.94), 0.0264047 s/step
on time step 5739 (time=28.695), 0.0265507 s/step
on time step 5892 (time=29.46), 0.02632 s/step
field decay(t = 30.03): 9.377103391812456e-05 / 3.062025660092323 = 3.062385633806128e-05
on time step 6043 (time=30.215), 0.0265323 s/step
on time step 6195 (time=30.975), 0.0263463 s/step
on time step 6347 (time=31.735), 0.0263983 s/step
on time step 6500 (time=32.5), 0.0261773 s/step
on time step 6652 (time=33.26), 0.0263345 s/step
on time step 6804 (time=34.02), 0.0263843 s/step
on time step 6957 (time=34.785), 0.0262042 s/step
field decay(t = 35.035000000000004): 5.642191086366536e-06 / 3.062025660092323 = 1.8426335088898042e-06
on time step 7108 (time=35.54), 0.0266533 s/step
on time step 7259 (time=36.295), 0.0265073 s/step
on time step 7411 (time=37.055), 0.0264276 s/step
on time step 7563 (time=37.815), 0.0264188 s/step
on time step 7699 (time=38.495), 0.0295315 s/step
on time step 7846 (time=39.23), 0.0272667 s/step
on time step 7997 (time=39.985), 0.0266676 s/step
field decay(t = 40.04): 3.337210659986645e-07 / 3.062025660092323 = 1.0898702461840326e-07
run 0 finished at t = 40.04 (8008 timesteps)
Transmission at f = 1.6666666666666667 (lambda = 600 nm): 0.19052917122522633
l1 = 0.1634244012347637, l2 = 0.3069084643964125
-----------
Initializing structure...
time for choose_chunkdivision = 1.19209e-05 s
Working in 3D dimensions.
Computational cell is 0.5 x 0.5 x 1.5 with resolution 100
time for set_epsilon = 0.588698 s
time for set_conductivity = 0.013443 s
time for set_conductivity = 0.0115361 s
time for set_conductivity = 0.011595 s
time for set_conductivity = 0.0117099 s
time for set_conductivity = 0.011843 s
time for set_conductivity = 0.012718 s
-----------
on time step 629 (time=3.145), 0.00636382 s/step
field decay(t = 5.005): 0.22967502551788954 / 0.22967502551788954 = 1.0
on time step 1258 (time=6.29), 0.00636661 s/step
on time step 1899 (time=9.495), 0.00625241 s/step
field decay(t = 10.01): 0.2504808233534304 / 0.2504808233534304 = 1.0
on time step 2534 (time=12.67), 0.00630961 s/step
field decay(t = 15.015): 4.890956457152761e-11 / 0.2504808233534304 = 1.9526271080048243e-10
run 0 finished at t = 15.015 (3003 timesteps)
-----------
Initializing structure...
time for choose_chunkdivision = 1.5974e-05 s
Working in 3D dimensions.
Computational cell is 0.5 x 0.5 x 1.5 with resolution 100
     block, center = (0,0,0)
          size (1e+20,1e+20,0.2)
          axes (1,0,0), (0,1,0), (0,0,1)
          dielectric constant epsilon diagonal = (1,1,1)
     block, center = (0,0,0)
          size (0.0809106,0.150147,0.2)
          axes (1,0,0), (0,1,0), (0,0,1)
          dielectric constant epsilon diagonal = (1,1,1)
time for set_epsilon = 1.12303 s
time for set_conductivity = 0.023356 s
time for set_conductivity = 0.0227339 s
time for set_conductivity = 0.02245 s
time for set_conductivity = 0.0257151 s
time for set_conductivity = 0.0348349 s
time for set_conductivity = 0.022434 s
lorentzian susceptibility: frequency=16.365, gamma=1.95106
lorentzian susceptibility: frequency=7.32593, gamma=0.738804
lorentzian susceptibility: frequency=6.60165, gamma=0.052426
lorentzian susceptibility: frequency=3.61417, gamma=0.364563
lorentzian susceptibility: frequency=0.658148, gamma=3.13427
drude susceptibility: frequency=1e-10, gamma=0.0387146
-----------
on time step 140 (time=0.7), 0.0285886 s/step
on time step 286 (time=1.43), 0.0275169 s/step
on time step 436 (time=2.18), 0.0267188 s/step
on time step 587 (time=2.935), 0.026655 s/step
on time step 738 (time=3.69), 0.0265733 s/step
on time step 888 (time=4.44), 0.026705 s/step
field decay(t = 5.005): 1.111657252617529 / 1.111657252617529 = 1.0
on time step 1039 (time=5.195), 0.0265953 s/step
on time step 1191 (time=5.955), 0.0264078 s/step
on time step 1343 (time=6.715), 0.0263532 s/step
on time step 1495 (time=7.475), 0.0264389 s/step
on time step 1646 (time=8.23), 0.0265315 s/step
on time step 1798 (time=8.99), 0.0264275 s/step
on time step 1949 (time=9.745), 0.0265864 s/step
field decay(t = 10.01): 3.062025660092323 / 3.062025660092323 = 1.0
on time step 2101 (time=10.505), 0.0263234 s/step
on time step 2252 (time=11.26), 0.0266383 s/step
on time step 2404 (time=12.02), 0.026392 s/step
on time step 2555 (time=12.775), 0.0264983 s/step
on time step 2707 (time=13.535), 0.0264706 s/step
on time step 2857 (time=14.285), 0.0267926 s/step
field decay(t = 15.015): 0.5812671746961346 / 3.062025660092323 = 0.18983092867961432
on time step 3011 (time=15.055), 0.0261317 s/step
on time step 3161 (time=15.805), 0.0266897 s/step
on time step 3314 (time=16.57), 0.0262748 s/step
on time step 3465 (time=17.325), 0.0265046 s/step
on time step 3616 (time=18.08), 0.026619 s/step
on time step 3768 (time=18.84), 0.0263341 s/step
on time step 3920 (time=19.6), 0.0263623 s/step
field decay(t = 20.02): 0.030909442509944506 / 3.062025660092323 = 0.010094442679821488
on time step 4072 (time=20.36), 0.0264268 s/step
on time step 4222 (time=21.11), 0.0267589 s/step
on time step 4374 (time=21.87), 0.0263742 s/step
on time step 4526 (time=22.63), 0.0263455 s/step
on time step 4677 (time=23.385), 0.0264935 s/step
on time step 4828 (time=24.14), 0.0264925 s/step
on time step 4974 (time=24.87), 0.0274651 s/step
field decay(t = 25.025000000000002): 0.0018484161573302936 / 3.062025660092323 = 0.0006036579580050163
on time step 5125 (time=25.625), 0.026611 s/step
on time step 5277 (time=26.385), 0.0263491 s/step
on time step 5428 (time=27.14), 0.0265624 s/step
on time step 5580 (time=27.9), 0.0264031 s/step
on time step 5731 (time=28.655), 0.0265635 s/step
on time step 5882 (time=29.41), 0.0266175 s/step
field decay(t = 30.03): 9.377103391812456e-05 / 3.062025660092323 = 3.062385633806128e-05
on time step 6026 (time=30.13), 0.0278037 s/step
on time step 6170 (time=30.85), 0.0278347 s/step
on time step 6318 (time=31.59), 0.0271267 s/step
on time step 6470 (time=32.35), 0.0264319 s/step
on time step 6622 (time=33.11), 0.0263608 s/step
on time step 6774 (time=33.87), 0.0263571 s/step
on time step 6919 (time=34.595), 0.0276382 s/step
field decay(t = 35.035000000000004): 5.642191086366536e-06 / 3.062025660092323 = 1.8426335088898042e-06
on time step 7064 (time=35.32), 0.027617 s/step
on time step 7216 (time=36.08), 0.0264236 s/step
on time step 7367 (time=36.835), 0.0265853 s/step
on time step 7518 (time=37.59), 0.0266007 s/step
on time step 7668 (time=38.34), 0.0268005 s/step
on time step 7819 (time=39.095), 0.0265589 s/step
on time step 7968 (time=39.84), 0.0268892 s/step
field decay(t = 40.04): 3.337210659986645e-07 / 3.062025660092323 = 1.0898702461840326e-07
run 0 finished at t = 40.04 (8008 timesteps)
Transmission at f = 1.6666666666666667 (lambda = 600 nm): 0.19052917122522633
l1 = 0.16182111446499536, l2 = 0.3002949440235845
Iteration: l1=0.161821, l2=0.300295, fom=-1.561079e-01
-----------
Initializing structure...
time for choose_chunkdivision = 1.09673e-05 s
Working in 3D dimensions.
Computational cell is 0.5 x 0.5 x 1.5 with resolution 100
time for set_epsilon = 0.605442 s
time for set_conductivity = 0.0117249 s
time for set_conductivity = 0.0125279 s
time for set_conductivity = 0.012203 s
time for set_conductivity = 0.013195 s
time for set_conductivity = 0.0298121 s
time for set_conductivity = 0.025754 s
-----------
on time step 624 (time=3.12), 0.00641553 s/step
field decay(t = 5.005): 0.22967502551788954 / 0.22967502551788954 = 1.0
on time step 1270 (time=6.35), 0.00619659 s/step
on time step 1911 (time=9.555), 0.00624571 s/step
field decay(t = 10.01): 0.2504808233534304 / 0.2504808233534304 = 1.0
on time step 2555 (time=12.775), 0.00621863 s/step
field decay(t = 15.015): 4.890956457152761e-11 / 0.2504808233534304 = 1.9526271080048243e-10
run 0 finished at t = 15.015 (3003 timesteps)
-----------
Initializing structure...
time for choose_chunkdivision = 1.38283e-05 s
Working in 3D dimensions.
Computational cell is 0.5 x 0.5 x 1.5 with resolution 100
     block, center = (0,0,0)
          size (1e+20,1e+20,0.2)
          axes (1,0,0), (0,1,0), (0,0,1)
          dielectric constant epsilon diagonal = (1,1,1)
     block, center = (0,0,0)
          size (0.0801897,0.150658,0.2)
          axes (1,0,0), (0,1,0), (0,0,1)
          dielectric constant epsilon diagonal = (1,1,1)
time for set_epsilon = 1.14462 s
time for set_conductivity = 0.0258229 s
time for set_conductivity = 0.0269501 s
time for set_conductivity = 0.0227468 s
time for set_conductivity = 0.0240231 s
time for set_conductivity = 0.0218871 s
time for set_conductivity = 0.022433 s
lorentzian susceptibility: frequency=16.365, gamma=1.95106
lorentzian susceptibility: frequency=7.32593, gamma=0.738804
lorentzian susceptibility: frequency=6.60165, gamma=0.052426
lorentzian susceptibility: frequency=3.61417, gamma=0.364563
lorentzian susceptibility: frequency=0.658148, gamma=3.13427
drude susceptibility: frequency=1e-10, gamma=0.0387146
-----------
on time step 117 (time=0.585), 0.0342179 s/step
on time step 268 (time=1.34), 0.0265455 s/step
on time step 420 (time=2.1), 0.0263855 s/step
on time step 571 (time=2.855), 0.0265247 s/step
on time step 722 (time=3.61), 0.0265658 s/step
on time step 874 (time=4.37), 0.0263625 s/step
field decay(t = 5.005): 1.111657252617529 / 1.111657252617529 = 1.0
on time step 1025 (time=5.125), 0.0265366 s/step
on time step 1177 (time=5.885), 0.026331 s/step
on time step 1329 (time=6.645), 0.0263878 s/step
on time step 1480 (time=7.4), 0.0265957 s/step
on time step 1632 (time=8.16), 0.026322 s/step
on time step 1784 (time=8.92), 0.0264223 s/step
on time step 1936 (time=9.68), 0.0264292 s/step
field decay(t = 10.01): 3.062025660092323 / 3.062025660092323 = 1.0
on time step 2086 (time=10.43), 0.0266679 s/step
on time step 2238 (time=11.19), 0.0263519 s/step
on time step 2390 (time=11.95), 0.0263916 s/step
on time step 2541 (time=12.705), 0.0266321 s/step
on time step 2694 (time=13.47), 0.0262917 s/step
on time step 2846 (time=14.23), 0.0263301 s/step
on time step 2997 (time=14.985), 0.0265932 s/step
field decay(t = 15.015): 0.5812671746961346 / 3.062025660092323 = 0.18983092867961432
on time step 3148 (time=15.74), 0.0266991 s/step
on time step 3298 (time=16.49), 0.0267192 s/step
on time step 3451 (time=17.255), 0.0262177 s/step
on time step 3604 (time=18.02), 0.0262511 s/step
on time step 3756 (time=18.78), 0.0263434 s/step
on time step 3907 (time=19.535), 0.0264942 s/step
field decay(t = 20.02): 0.030909442509944506 / 3.062025660092323 = 0.010094442679821488
on time step 4058 (time=20.29), 0.0266032 s/step
on time step 4210 (time=21.05), 0.0263404 s/step
on time step 4347 (time=21.735), 0.0293315 s/step
on time step 4500 (time=22.5), 0.0262621 s/step
on time step 4650 (time=23.25), 0.0267635 s/step
on time step 4802 (time=24.01), 0.0263972 s/step
on time step 4953 (time=24.765), 0.026594 s/step
field decay(t = 25.025000000000002): 0.0018484161573302936 / 3.062025660092323 = 0.0006036579580050163
on time step 5105 (time=25.525), 0.0264857 s/step
on time step 5257 (time=26.285), 0.0263908 s/step
on time step 5409 (time=27.045), 0.0263503 s/step
on time step 5561 (time=27.805), 0.0263695 s/step
on time step 5712 (time=28.56), 0.0265919 s/step
on time step 5864 (time=29.32), 0.0264124 s/step
field decay(t = 30.03): 9.377103391812456e-05 / 3.062025660092323 = 3.062385633806128e-05
on time step 6016 (time=30.08), 0.0263318 s/step
on time step 6168 (time=30.84), 0.0263614 s/step
on time step 6320 (time=31.6), 0.0264121 s/step
on time step 6473 (time=32.365), 0.026278 s/step
on time step 6626 (time=33.13), 0.026199 s/step
on time step 6779 (time=33.895), 0.0263292 s/step
on time step 6931 (time=34.655), 0.0264209 s/step
field decay(t = 35.035000000000004): 5.642191086366536e-06 / 3.062025660092323 = 1.8426335088898042e-06
on time step 7082 (time=35.41), 0.0265996 s/step
on time step 7234 (time=36.17), 0.0264038 s/step
on time step 7387 (time=36.935), 0.0261812 s/step
on time step 7539 (time=37.695), 0.0263564 s/step
on time step 7692 (time=38.46), 0.026282 s/step
on time step 7844 (time=39.22), 0.026426 s/step
on time step 7997 (time=39.985), 0.0262398 s/step
field decay(t = 40.04): 3.337210659986645e-07 / 3.062025660092323 = 1.0898702461840326e-07
run 0 finished at t = 40.04 (8008 timesteps)
Transmission at f = 1.6666666666666667 (lambda = 600 nm): 0.19052917122522633
l1 = 0.16037948281725672, l2 = 0.3013161349319225
-----------
Initializing structure...
time for choose_chunkdivision = 1.09673e-05 s
Working in 3D dimensions.
Computational cell is 0.5 x 0.5 x 1.5 with resolution 100
time for set_epsilon = 0.623802 s
time for set_conductivity = 0.0132501 s
time for set_conductivity = 0.011451 s
time for set_conductivity = 0.011616 s
time for set_conductivity = 0.0116429 s
time for set_conductivity = 0.0137069 s
time for set_conductivity = 0.0122609 s
-----------
on time step 614 (time=3.07), 0.00651721 s/step
field decay(t = 5.005): 0.22967502551788954 / 0.22967502551788954 = 1.0
on time step 1241 (time=6.205), 0.00638695 s/step
on time step 1869 (time=9.345), 0.00637856 s/step
field decay(t = 10.01): 0.2504808233534304 / 0.2504808233534304 = 1.0
on time step 2497 (time=12.485), 0.00637799 s/step
field decay(t = 15.015): 4.890956457152761e-11 / 0.2504808233534304 = 1.9526271080048243e-10
run 0 finished at t = 15.015 (3003 timesteps)
-----------
Initializing structure...
time for choose_chunkdivision = 1.50204e-05 s
Working in 3D dimensions.
Computational cell is 0.5 x 0.5 x 1.5 with resolution 100
     block, center = (0,0,0)
          size (1e+20,1e+20,0.2)
          axes (1,0,0), (0,1,0), (0,0,1)
          dielectric constant epsilon diagonal = (1,1,1)
     block, center = (0,0,0)
          size (0.0790681,0.149515,0.2)
          axes (1,0,0), (0,1,0), (0,0,1)
          dielectric constant epsilon diagonal = (1,1,1)
time for set_epsilon = 1.15432 s
time for set_conductivity = 0.024724 s
time for set_conductivity = 0.0208449 s
time for set_conductivity = 0.0230172 s
time for set_conductivity = 0.0216229 s
time for set_conductivity = 0.033056 s
time for set_conductivity = 0.037415 s
lorentzian susceptibility: frequency=16.365, gamma=1.95106
lorentzian susceptibility: frequency=7.32593, gamma=0.738804
lorentzian susceptibility: frequency=6.60165, gamma=0.052426
lorentzian susceptibility: frequency=3.61417, gamma=0.364563
lorentzian susceptibility: frequency=0.658148, gamma=3.13427
drude susceptibility: frequency=1e-10, gamma=0.0387146
-----------
on time step 142 (time=0.71), 0.0282957 s/step
on time step 295 (time=1.475), 0.0261528 s/step
on time step 446 (time=2.23), 0.0266168 s/step
on time step 598 (time=2.99), 0.0264507 s/step
on time step 750 (time=3.75), 0.0264317 s/step
on time step 894 (time=4.47), 0.0279295 s/step
field decay(t = 5.005): 0.7117618117978635 / 0.7117618117978635 = 1.0
on time step 1048 (time=5.24), 0.0260731 s/step
on time step 1200 (time=6), 0.0264666 s/step
on time step 1352 (time=6.76), 0.0264479 s/step
on time step 1504 (time=7.52), 0.0264494 s/step
on time step 1657 (time=8.285), 0.0262239 s/step
on time step 1808 (time=9.04), 0.0265256 s/step
on time step 1960 (time=9.8), 0.0263916 s/step
field decay(t = 10.01): 1.8124451700626087 / 1.8124451700626087 = 1.0
on time step 2112 (time=10.56), 0.0263379 s/step
on time step 2264 (time=11.32), 0.0263797 s/step
on time step 2414 (time=12.07), 0.0267428 s/step
on time step 2566 (time=12.83), 0.026437 s/step
on time step 2718 (time=13.59), 0.0263391 s/step
on time step 2870 (time=14.35), 0.0263572 s/step
field decay(t = 15.015): 0.3016111444922751 / 1.8124451700626087 = 0.16641118279007375
on time step 3022 (time=15.11), 0.0264042 s/step
on time step 3174 (time=15.87), 0.026339 s/step
on time step 3327 (time=16.635), 0.0262374 s/step
on time step 3481 (time=17.405), 0.0260844 s/step
on time step 3634 (time=18.17), 0.0262948 s/step
on time step 3785 (time=18.925), 0.0266306 s/step
on time step 3937 (time=19.685), 0.026452 s/step
field decay(t = 20.02): 0.017158237955633034 / 1.8124451700626087 = 0.00946690042769146
on time step 4089 (time=20.445), 0.0264128 s/step
on time step 4242 (time=21.21), 0.0262742 s/step
on time step 4394 (time=21.97), 0.026444 s/step
on time step 4545 (time=22.725), 0.0265541 s/step
on time step 4697 (time=23.485), 0.0263668 s/step
on time step 4847 (time=24.235), 0.0267141 s/step
on time step 5000 (time=25), 0.0261448 s/step
field decay(t = 25.025000000000002): 0.0010729586622549902 / 1.8124451700626087 = 0.0005919951014120477
on time step 5149 (time=25.745), 0.0270051 s/step
on time step 5300 (time=26.5), 0.0265516 s/step
on time step 5447 (time=27.235), 0.0273395 s/step
on time step 5597 (time=27.985), 0.0268 s/step
on time step 5749 (time=28.745), 0.0263283 s/step
on time step 5901 (time=29.505), 0.0264013 s/step
field decay(t = 30.03): 5.617388728588723e-05 / 1.8124451700626087 = 3.099342711920316e-05
on time step 6052 (time=30.26), 0.026598 s/step
on time step 6204 (time=31.02), 0.026473 s/step
on time step 6356 (time=31.78), 0.0263437 s/step
on time step 6508 (time=32.54), 0.0263482 s/step
on time step 6660 (time=33.3), 0.026464 s/step
on time step 6812 (time=34.06), 0.0264177 s/step
on time step 6963 (time=34.815), 0.0266735 s/step
field decay(t = 35.035000000000004): 3.5274059394166067e-06 / 1.8124451700626087 = 1.9462138759732833e-06
on time step 7116 (time=35.58), 0.0262547 s/step
on time step 7268 (time=36.34), 0.02632 s/step
on time step 7420 (time=37.1), 0.0264337 s/step
on time step 7572 (time=37.86), 0.0264053 s/step
on time step 7722 (time=38.61), 0.0267161 s/step
on time step 7873 (time=39.365), 0.0266045 s/step
field decay(t = 40.04): 1.8704641768275509e-07 / 1.8124451700626087 = 1.0320114548695218e-07
run 0 finished at t = 40.04 (8008 timesteps)
Transmission at f = 1.6666666666666667 (lambda = 600 nm): 0.017646690020378348
l1 = 0.1581362077846339, l2 = 0.29903056565384645
-----------
Initializing structure...
time for choose_chunkdivision = 1.00136e-05 s
Working in 3D dimensions.
Computational cell is 0.5 x 0.5 x 1.5 with resolution 100
time for set_epsilon = 0.608331 s
time for set_conductivity = 0.0120759 s
time for set_conductivity = 0.0137451 s
time for set_conductivity = 0.0122519 s
time for set_conductivity = 0.0118959 s
time for set_conductivity = 0.011972 s
time for set_conductivity = 0.014272 s
-----------
on time step 606 (time=3.03), 0.00660705 s/step
field decay(t = 5.005): 0.22967502551788954 / 0.22967502551788954 = 1.0
on time step 1242 (time=6.21), 0.00629271 s/step
on time step 1874 (time=9.37), 0.00632985 s/step
field decay(t = 10.01): 0.2504808233534304 / 0.2504808233534304 = 1.0
on time step 2513 (time=12.565), 0.00626621 s/step
field decay(t = 15.015): 4.890956457152761e-11 / 0.2504808233534304 = 1.9526271080048243e-10
run 0 finished at t = 15.015 (3003 timesteps)
-----------
Initializing structure...
time for choose_chunkdivision = 1.50204e-05 s
Working in 3D dimensions.
Computational cell is 0.5 x 0.5 x 1.5 with resolution 100
     block, center = (0,0,0)
          size (1e+20,1e+20,0.2)
          axes (1,0,0), (0,1,0), (0,0,1)
          dielectric constant epsilon diagonal = (1,1,1)
     block, center = (0,0,0)
          size (0.0801897,0.150658,0.2)
          axes (1,0,0), (0,1,0), (0,0,1)
          dielectric constant epsilon diagonal = (1,1,1)
time for set_epsilon = 1.12576 s
time for set_conductivity = 0.0248811 s
time for set_conductivity = 0.023978 s
time for set_conductivity = 0.023432 s
time for set_conductivity = 0.0232661 s
time for set_conductivity = 0.0297761 s
time for set_conductivity = 0.024524 s
lorentzian susceptibility: frequency=16.365, gamma=1.95106
lorentzian susceptibility: frequency=7.32593, gamma=0.738804
lorentzian susceptibility: frequency=6.60165, gamma=0.052426
lorentzian susceptibility: frequency=3.61417, gamma=0.364563
lorentzian susceptibility: frequency=0.658148, gamma=3.13427
drude susceptibility: frequency=1e-10, gamma=0.0387146
-----------
on time step 124 (time=0.62), 0.0324083 s/step
on time step 276 (time=1.38), 0.0263647 s/step
on time step 429 (time=2.145), 0.0262436 s/step
on time step 582 (time=2.91), 0.0262595 s/step
on time step 734 (time=3.67), 0.0264129 s/step
on time step 887 (time=4.435), 0.0262207 s/step
field decay(t = 5.005): 1.111657252617529 / 1.111657252617529 = 1.0
on time step 1039 (time=5.195), 0.0263651 s/step
on time step 1190 (time=5.95), 0.026526 s/step
on time step 1342 (time=6.71), 0.0263767 s/step
on time step 1493 (time=7.465), 0.0265277 s/step
on time step 1646 (time=8.23), 0.0262545 s/step
on time step 1799 (time=8.995), 0.0261501 s/step
on time step 1947 (time=9.735), 0.0271976 s/step
field decay(t = 10.01): 3.062025660092323 / 3.062025660092323 = 1.0
on time step 2096 (time=10.48), 0.027007 s/step
on time step 2248 (time=11.24), 0.0264651 s/step
on time step 2401 (time=12.005), 0.0263093 s/step
on time step 2544 (time=12.72), 0.0281078 s/step
on time step 2696 (time=13.48), 0.0264489 s/step
on time step 2848 (time=14.24), 0.0263542 s/step
on time step 3000 (time=15), 0.0263491 s/step
field decay(t = 15.015): 0.5812671746961346 / 3.062025660092323 = 0.18983092867961432
on time step 3152 (time=15.76), 0.0264574 s/step
on time step 3304 (time=16.52), 0.0264269 s/step
on time step 3455 (time=17.275), 0.0265209 s/step
on time step 3610 (time=18.05), 0.0259782 s/step
on time step 3762 (time=18.81), 0.0263471 s/step
on time step 3915 (time=19.575), 0.0261741 s/step
field decay(t = 20.02): 0.030909442509944506 / 3.062025660092323 = 0.010094442679821488
on time step 4067 (time=20.335), 0.0263956 s/step
on time step 4220 (time=21.1), 0.0261899 s/step
on time step 4372 (time=21.86), 0.026346 s/step
on time step 4526 (time=22.63), 0.0261226 s/step
on time step 4679 (time=23.395), 0.0262858 s/step
on time step 4831 (time=24.155), 0.0263409 s/step
on time step 4984 (time=24.92), 0.0262538 s/step
field decay(t = 25.025000000000002): 0.0018484161573302936 / 3.062025660092323 = 0.0006036579580050163
on time step 5136 (time=25.68), 0.0263983 s/step
on time step 5289 (time=26.445), 0.026265 s/step
on time step 5441 (time=27.205), 0.0263181 s/step
on time step 5593 (time=27.965), 0.026493 s/step
on time step 5746 (time=28.73), 0.0262033 s/step
on time step 5899 (time=29.495), 0.0262745 s/step
field decay(t = 30.03): 9.377103391812456e-05 / 3.062025660092323 = 3.062385633806128e-05
on time step 6053 (time=30.265), 0.0260534 s/step
on time step 6205 (time=31.025), 0.026438 s/step
on time step 6343 (time=31.715), 0.029019 s/step
on time step 6486 (time=32.43), 0.0280518 s/step
on time step 6639 (time=33.195), 0.0262015 s/step
on time step 6793 (time=33.965), 0.0260656 s/step
on time step 6946 (time=34.73), 0.0261724 s/step
field decay(t = 35.035000000000004): 5.642191086366536e-06 / 3.062025660092323 = 1.8426335088898042e-06
on time step 7098 (time=35.49), 0.0264054 s/step
on time step 7245 (time=36.225), 0.027243 s/step
on time step 7397 (time=36.985), 0.0263442 s/step
on time step 7549 (time=37.745), 0.0263528 s/step
on time step 7700 (time=38.5), 0.0266121 s/step
on time step 7851 (time=39.255), 0.026495 s/step
on time step 8004 (time=40.02), 0.0261968 s/step
field decay(t = 40.04): 3.337210659986645e-07 / 3.062025660092323 = 1.0898702461840326e-07
run 0 finished at t = 40.04 (8008 timesteps)
Transmission at f = 1.6666666666666667 (lambda = 600 nm): 0.19052917122522633
l1 = 0.16037948281725672, l2 = 0.3013161349319225
Iteration: l1=0.160379, l2=0.301316, fom=-1.562846e-01
-----------
Initializing structure...
time for choose_chunkdivision = 1.12057e-05 s
Working in 3D dimensions.
Computational cell is 0.5 x 0.5 x 1.5 with resolution 100
time for set_epsilon = 0.661116 s
time for set_conductivity = 0.0125751 s
time for set_conductivity = 0.015352 s
time for set_conductivity = 0.0113339 s
time for set_conductivity = 0.0250511 s
time for set_conductivity = 0.0189459 s
time for set_conductivity = 0.0112929 s
-----------
on time step 337 (time=1.685), 0.0118827 s/step
on time step 485 (time=2.425), 0.0271887 s/step
on time step 760 (time=3.8), 0.0145729 s/step
field decay(t = 5.005): 0.22967502551788954 / 0.22967502551788954 = 1.0
on time step 1212 (time=6.06), 0.00885954 s/step
on time step 1730 (time=8.65), 0.00773221 s/step
field decay(t = 10.01): 0.2504808233534304 / 0.2504808233534304 = 1.0
on time step 2323 (time=11.615), 0.00675149 s/step
on time step 2924 (time=14.62), 0.00666337 s/step
field decay(t = 15.015): 4.890956457152761e-11 / 0.2504808233534304 = 1.9526271080048243e-10
run 0 finished at t = 15.015 (3003 timesteps)
-----------
Initializing structure...
time for choose_chunkdivision = 1.50204e-05 s
Working in 3D dimensions.
Computational cell is 0.5 x 0.5 x 1.5 with resolution 100
     block, center = (0,0,0)
          size (1e+20,1e+20,0.2)
          axes (1,0,0), (0,1,0), (0,0,1)
          dielectric constant epsilon diagonal = (1,1,1)
     block, center = (0,0,0)
          size (0.0793881,0.147351,0.2)
          axes (1,0,0), (0,1,0), (0,0,1)
          dielectric constant epsilon diagonal = (1,1,1)
time for set_epsilon = 1.21812 s
time for set_conductivity = 0.024024 s
time for set_conductivity = 0.023411 s
time for set_conductivity = 0.0233929 s
time for set_conductivity = 0.024724 s
time for set_conductivity = 0.0233111 s
time for set_conductivity = 0.0238669 s
lorentzian susceptibility: frequency=16.365, gamma=1.95106
lorentzian susceptibility: frequency=7.32593, gamma=0.738804
lorentzian susceptibility: frequency=6.60165, gamma=0.052426
lorentzian susceptibility: frequency=3.61417, gamma=0.364563
lorentzian susceptibility: frequency=0.658148, gamma=3.13427
drude susceptibility: frequency=1e-10, gamma=0.0387146
-----------
on time step 83 (time=0.415), 0.0483804 s/step
on time step 226 (time=1.13), 0.0279764 s/step
on time step 378 (time=1.89), 0.0264141 s/step
on time step 530 (time=2.65), 0.0264505 s/step
on time step 683 (time=3.415), 0.0262405 s/step
on time step 834 (time=4.17), 0.0265397 s/step
on time step 988 (time=4.94), 0.0260439 s/step
field decay(t = 5.005): 0.7117618117978635 / 0.7117618117978635 = 1.0
on time step 1140 (time=5.7), 0.0264558 s/step
on time step 1292 (time=6.46), 0.0264178 s/step
on time step 1443 (time=7.215), 0.0266243 s/step
on time step 1597 (time=7.985), 0.0260506 s/step
on time step 1751 (time=8.755), 0.0260959 s/step
on time step 1904 (time=9.52), 0.0262876 s/step
field decay(t = 10.01): 1.8124451700626087 / 1.8124451700626087 = 1.0
on time step 2058 (time=10.29), 0.026148 s/step
on time step 2211 (time=11.055), 0.0262025 s/step
on time step 2366 (time=11.83), 0.0258726 s/step
on time step 2519 (time=12.595), 0.0262738 s/step
on time step 2673 (time=13.365), 0.0260514 s/step
on time step 2826 (time=14.13), 0.0262336 s/step
on time step 2981 (time=14.905), 0.0259578 s/step
field decay(t = 15.015): 0.3016111444922751 / 1.8124451700626087 = 0.16641118279007375
on time step 3133 (time=15.665), 0.0263786 s/step
on time step 3287 (time=16.435), 0.0261496 s/step
on time step 3441 (time=17.205), 0.0261319 s/step
on time step 3578 (time=17.89), 0.0292341 s/step
on time step 3716 (time=18.58), 0.0290458 s/step
on time step 3863 (time=19.315), 0.0272623 s/step
field decay(t = 20.02): 0.017158237955633034 / 1.8124451700626087 = 0.00946690042769146
on time step 4013 (time=20.065), 0.0267472 s/step
on time step 4167 (time=20.835), 0.0259794 s/step
on time step 4318 (time=21.59), 0.0265463 s/step
on time step 4463 (time=22.315), 0.0276686 s/step
on time step 4613 (time=23.065), 0.0266743 s/step
on time step 4767 (time=23.835), 0.026092 s/step
on time step 4921 (time=24.605), 0.0260791 s/step
field decay(t = 25.025000000000002): 0.0010729586622549902 / 1.8124451700626087 = 0.0005919951014120477
on time step 5074 (time=25.37), 0.026282 s/step
on time step 5227 (time=26.135), 0.0262219 s/step
on time step 5381 (time=26.905), 0.026068 s/step
on time step 5535 (time=27.675), 0.0261156 s/step
on time step 5687 (time=28.435), 0.0263772 s/step
on time step 5840 (time=29.2), 0.0261794 s/step
on time step 5993 (time=29.965), 0.0262995 s/step
field decay(t = 30.03): 5.617388728588723e-05 / 1.8124451700626087 = 3.099342711920316e-05
on time step 6146 (time=30.73), 0.0261947 s/step
on time step 6298 (time=31.49), 0.0263262 s/step
on time step 6452 (time=32.26), 0.0261068 s/step
on time step 6606 (time=33.03), 0.0261422 s/step
on time step 6758 (time=33.79), 0.0263551 s/step
on time step 6913 (time=34.565), 0.0259108 s/step
field decay(t = 35.035000000000004): 3.5274059394166067e-06 / 1.8124451700626087 = 1.9462138759732833e-06
on time step 7067 (time=35.335), 0.0260984 s/step
on time step 7221 (time=36.105), 0.0260094 s/step
on time step 7374 (time=36.87), 0.0262676 s/step
on time step 7528 (time=37.64), 0.0260184 s/step
on time step 7680 (time=38.4), 0.0264557 s/step
on time step 7833 (time=39.165), 0.0261547 s/step
on time step 7986 (time=39.93), 0.0263116 s/step
field decay(t = 40.04): 1.8704641768275509e-07 / 1.8124451700626087 = 1.0320114548695218e-07
run 0 finished at t = 40.04 (8008 timesteps)
Transmission at f = 1.6666666666666667 (lambda = 600 nm): 0.017646690020378348
l1 = 0.15877619604748838, l2 = 0.2947026145590944
-----------
Initializing structure...
time for choose_chunkdivision = 1.09673e-05 s
Working in 3D dimensions.
Computational cell is 0.5 x 0.5 x 1.5 with resolution 100
time for set_epsilon = 0.612071 s
time for set_conductivity = 0.0120049 s
time for set_conductivity = 0.0117309 s
time for set_conductivity = 0.0118179 s
time for set_conductivity = 0.0117691 s
time for set_conductivity = 0.01191 s
time for set_conductivity = 0.011765 s
-----------
on time step 617 (time=3.085), 0.00648566 s/step
field decay(t = 5.005): 0.22967502551788954 / 0.22967502551788954 = 1.0
on time step 1265 (time=6.325), 0.00618067 s/step
on time step 1884 (time=9.42), 0.00646291 s/step
field decay(t = 10.01): 0.2504808233534304 / 0.2504808233534304 = 1.0
on time step 2519 (time=12.595), 0.00630726 s/step
field decay(t = 15.015): 4.890956457152761e-11 / 0.2504808233534304 = 1.9526271080048243e-10
run 0 finished at t = 15.015 (3003 timesteps)
-----------
Initializing structure...
time for choose_chunkdivision = 1.40667e-05 s
Working in 3D dimensions.
Computational cell is 0.5 x 0.5 x 1.5 with resolution 100
     block, center = (0,0,0)
          size (1e+20,1e+20,0.2)
          axes (1,0,0), (0,1,0), (0,0,1)
          dielectric constant epsilon diagonal = (1,1,1)
     block, center = (0,0,0)
          size (0.0811312,0.151929,0.2)
          axes (1,0,0), (0,1,0), (0,0,1)
          dielectric constant epsilon diagonal = (1,1,1)
time for set_epsilon = 1.1046 s
time for set_conductivity = 0.0349462 s
time for set_conductivity = 0.0276718 s
time for set_conductivity = 0.0221589 s
time for set_conductivity = 0.0264921 s
time for set_conductivity = 0.0257821 s
time for set_conductivity = 0.0216918 s
lorentzian susceptibility: frequency=16.365, gamma=1.95106
lorentzian susceptibility: frequency=7.32593, gamma=0.738804
lorentzian susceptibility: frequency=6.60165, gamma=0.052426
lorentzian susceptibility: frequency=3.61417, gamma=0.364563
lorentzian susceptibility: frequency=0.658148, gamma=3.13427
drude susceptibility: frequency=1e-10, gamma=0.0387146
-----------
on time step 128 (time=0.64), 0.0313456 s/step
on time step 280 (time=1.4), 0.0263644 s/step
on time step 365 (time=1.825), 0.0470624 s/step
on time step 510 (time=2.55), 0.0276833 s/step
on time step 664 (time=3.32), 0.0259757 s/step
on time step 813 (time=4.065), 0.0268622 s/step
on time step 964 (time=4.82), 0.0266201 s/step
field decay(t = 5.005): 1.111657252617529 / 1.111657252617529 = 1.0
on time step 1114 (time=5.57), 0.0266704 s/step
on time step 1266 (time=6.33), 0.0264362 s/step
on time step 1417 (time=7.085), 0.0265548 s/step
on time step 1569 (time=7.845), 0.0264566 s/step
on time step 1719 (time=8.595), 0.0267748 s/step
on time step 1872 (time=9.36), 0.026186 s/step
field decay(t = 10.01): 3.062025660092323 / 3.062025660092323 = 1.0
on time step 2024 (time=10.12), 0.0263416 s/step
on time step 2176 (time=10.88), 0.0263304 s/step
on time step 2328 (time=11.64), 0.0263879 s/step
on time step 2480 (time=12.4), 0.0263181 s/step
on time step 2632 (time=13.16), 0.0263382 s/step
on time step 2784 (time=13.92), 0.0263437 s/step
on time step 2936 (time=14.68), 0.026487 s/step
field decay(t = 15.015): 0.5812671746961346 / 3.062025660092323 = 0.18983092867961432
on time step 3089 (time=15.445), 0.0262747 s/step
on time step 3242 (time=16.21), 0.0262503 s/step
on time step 3395 (time=16.975), 0.0263142 s/step
on time step 3547 (time=17.735), 0.0263532 s/step
on time step 3699 (time=18.495), 0.0264078 s/step
on time step 3852 (time=19.26), 0.0262436 s/step
field decay(t = 20.02): 0.030909442509944506 / 3.062025660092323 = 0.010094442679821488
on time step 4004 (time=20.02), 0.0263666 s/step
on time step 4151 (time=20.755), 0.0273268 s/step
on time step 4305 (time=21.525), 0.0260152 s/step
on time step 4459 (time=22.295), 0.0260696 s/step
on time step 4612 (time=23.06), 0.0261621 s/step
on time step 4766 (time=23.83), 0.0260473 s/step
on time step 4919 (time=24.595), 0.0262304 s/step
field decay(t = 25.025000000000002): 0.0018484161573302936 / 3.062025660092323 = 0.0006036579580050163
on time step 5070 (time=25.35), 0.0265409 s/step
on time step 5223 (time=26.115), 0.0262253 s/step
on time step 5375 (time=26.875), 0.0263584 s/step
on time step 5527 (time=27.635), 0.0264777 s/step
on time step 5680 (time=28.4), 0.0262673 s/step
on time step 5833 (time=29.165), 0.0262316 s/step
on time step 5986 (time=29.93), 0.0262504 s/step
field decay(t = 30.03): 9.377103391812456e-05 / 3.062025660092323 = 3.062385633806128e-05
on time step 6139 (time=30.695), 0.0261438 s/step
on time step 6291 (time=31.455), 0.026352 s/step
on time step 6439 (time=32.195), 0.0271525 s/step
on time step 6589 (time=32.945), 0.0267923 s/step
on time step 6742 (time=33.71), 0.0261595 s/step
on time step 6896 (time=34.48), 0.0261092 s/step
field decay(t = 35.035000000000004): 5.642191086366536e-06 / 3.062025660092323 = 1.8426335088898042e-06
on time step 7050 (time=35.25), 0.0261288 s/step
on time step 7205 (time=36.025), 0.025964 s/step
on time step 7357 (time=36.785), 0.026421 s/step
on time step 7510 (time=37.55), 0.0262423 s/step
on time step 7651 (time=38.255), 0.0283757 s/step
on time step 7802 (time=39.01), 0.026539 s/step
on time step 7954 (time=39.77), 0.0263904 s/step
field decay(t = 40.04): 3.337210659986645e-07 / 3.062025660092323 = 1.0898702461840326e-07
run 0 finished at t = 40.04 (8008 timesteps)
Transmission at f = 1.6666666666666667 (lambda = 600 nm): 0.19052917122522633
l1 = 0.16226234993794486, l2 = 0.303857001937083
-----------
Initializing structure...
time for choose_chunkdivision = 5.19753e-05 s
Working in 3D dimensions.
Computational cell is 0.5 x 0.5 x 1.5 with resolution 100
time for set_epsilon = 0.613892 s
time for set_conductivity = 0.0126278 s
time for set_conductivity = 0.0117149 s
time for set_conductivity = 0.011322 s
time for set_conductivity = 0.012043 s
time for set_conductivity = 0.0164869 s
time for set_conductivity = 0.0124571 s
-----------
on time step 612 (time=3.06), 0.00654401 s/step
field decay(t = 5.005): 0.22967502551788954 / 0.22967502551788954 = 1.0
on time step 1248 (time=6.24), 0.00629452 s/step
on time step 1885 (time=9.425), 0.00628009 s/step
field decay(t = 10.01): 0.2504808233534304 / 0.2504808233534304 = 1.0
on time step 2518 (time=12.59), 0.00632967 s/step
field decay(t = 15.015): 4.890956457152761e-11 / 0.2504808233534304 = 1.9526271080048243e-10
run 0 finished at t = 15.015 (3003 timesteps)
-----------
Initializing structure...
time for choose_chunkdivision = 1.5974e-05 s
Working in 3D dimensions.
Computational cell is 0.5 x 0.5 x 1.5 with resolution 100
     block, center = (0,0,0)
          size (1e+20,1e+20,0.2)
          axes (1,0,0), (0,1,0), (0,0,1)
          dielectric constant epsilon diagonal = (1,1,1)
     block, center = (0,0,0)
          size (0.0801897,0.150658,0.2)
          axes (1,0,0), (0,1,0), (0,0,1)
          dielectric constant epsilon diagonal = (1,1,1)
time for set_epsilon = 1.074 s
time for set_conductivity = 0.0259261 s
time for set_conductivity = 0.025383 s
time for set_conductivity = 0.0308809 s
time for set_conductivity = 0.022758 s
time for set_conductivity = 0.0261991 s
time for set_conductivity = 0.022892 s
lorentzian susceptibility: frequency=16.365, gamma=1.95106
lorentzian susceptibility: frequency=7.32593, gamma=0.738804
lorentzian susceptibility: frequency=6.60165, gamma=0.052426
lorentzian susceptibility: frequency=3.61417, gamma=0.364563
lorentzian susceptibility: frequency=0.658148, gamma=3.13427
drude susceptibility: frequency=1e-10, gamma=0.0387146
-----------
on time step 108 (time=0.54), 0.0370384 s/step
on time step 261 (time=1.305), 0.0263038 s/step
on time step 413 (time=2.065), 0.0263512 s/step
on time step 566 (time=2.83), 0.0263045 s/step
on time step 719 (time=3.595), 0.0262387 s/step
on time step 869 (time=4.345), 0.0267914 s/step
field decay(t = 5.005): 1.111657252617529 / 1.111657252617529 = 1.0
on time step 1020 (time=5.1), 0.0265074 s/step
on time step 1172 (time=5.86), 0.0264317 s/step
on time step 1323 (time=6.615), 0.0265328 s/step
on time step 1475 (time=7.375), 0.0263312 s/step
on time step 1627 (time=8.135), 0.0264466 s/step
on time step 1779 (time=8.895), 0.0264832 s/step
on time step 1906 (time=9.53), 0.0316677 s/step
on time step 1997 (time=9.985), 0.0442731 s/step
field decay(t = 10.01): 3.062025660092323 / 3.062025660092323 = 1.0
on time step 2120 (time=10.6), 0.0325886 s/step
on time step 2268 (time=11.34), 0.0272459 s/step
on time step 2387 (time=11.935), 0.0336451 s/step
on time step 2537 (time=12.685), 0.0268057 s/step
on time step 2685 (time=13.425), 0.027049 s/step
on time step 2836 (time=14.18), 0.0265548 s/step
on time step 2985 (time=14.925), 0.026867 s/step
field decay(t = 15.015): 0.5812671746961346 / 3.062025660092323 = 0.18983092867961432
on time step 3134 (time=15.67), 0.0268766 s/step
on time step 3283 (time=16.415), 0.0269972 s/step
on time step 3427 (time=17.135), 0.0278011 s/step
on time step 3572 (time=17.86), 0.0276654 s/step
on time step 3720 (time=18.6), 0.0271473 s/step
on time step 3870 (time=19.35), 0.0267704 s/step
field decay(t = 20.02): 0.030909442509944506 / 3.062025660092323 = 0.010094442679821488
on time step 4018 (time=20.09), 0.0271433 s/step
on time step 4169 (time=20.845), 0.0265774 s/step
on time step 4320 (time=21.6), 0.0265915 s/step
on time step 4471 (time=22.355), 0.0266159 s/step
on time step 4620 (time=23.1), 0.0269221 s/step
on time step 4769 (time=23.845), 0.0269503 s/step
on time step 4915 (time=24.575), 0.0275353 s/step
field decay(t = 25.025000000000002): 0.0018484161573302936 / 3.062025660092323 = 0.0006036579580050163
on time step 5063 (time=25.315), 0.0271177 s/step
on time step 5211 (time=26.055), 0.0270553 s/step
on time step 5340 (time=26.7), 0.0310553 s/step
on time step 5460 (time=27.3), 0.0334159 s/step
on time step 5576 (time=27.88), 0.0345291 s/step
on time step 5697 (time=28.485), 0.033306 s/step
on time step 5810 (time=29.05), 0.0355747 s/step
on time step 5938 (time=29.69), 0.0314283 s/step
field decay(t = 30.03): 9.377103391812456e-05 / 3.062025660092323 = 3.062385633806128e-05
on time step 6074 (time=30.37), 0.0294509 s/step
on time step 6220 (time=31.1), 0.0275168 s/step
on time step 6363 (time=31.815), 0.0279931 s/step
on time step 6502 (time=32.51), 0.0288085 s/step
on time step 6642 (time=33.21), 0.0286776 s/step
on time step 6750 (time=33.75), 0.0371675 s/step
on time step 6879 (time=34.395), 0.0311762 s/step
on time step 6994 (time=34.97), 0.0348986 s/step
field decay(t = 35.035000000000004): 5.642191086366536e-06 / 3.062025660092323 = 1.8426335088898042e-06
on time step 7110 (time=35.55), 0.0345307 s/step
on time step 7243 (time=36.215), 0.0301998 s/step
on time step 7377 (time=36.885), 0.0299756 s/step
on time step 7513 (time=37.565), 0.0294644 s/step
on time step 7658 (time=38.29), 0.0276706 s/step
on time step 7801 (time=39.005), 0.0280859 s/step
on time step 7930 (time=39.65), 0.0312809 s/step
field decay(t = 40.04): 3.337210659986645e-07 / 3.062025660092323 = 1.0898702461840326e-07
run 0 finished at t = 40.04 (8008 timesteps)
Transmission at f = 1.6666666666666667 (lambda = 600 nm): 0.19052917122522633
l1 = 0.16037948281725672, l2 = 0.3013161349319225
Iteration: l1=0.160379, l2=0.301316, fom=-1.562846e-01
-----------
Initializing structure...
time for choose_chunkdivision = 1.09673e-05 s
Working in 3D dimensions.
Computational cell is 0.5 x 0.5 x 1.5 with resolution 100
time for set_epsilon = 0.751963 s
time for set_conductivity = 0.0137298 s
time for set_conductivity = 0.013602 s
time for set_conductivity = 0.0134511 s
time for set_conductivity = 0.0137839 s
time for set_conductivity = 0.0161922 s
time for set_conductivity = 0.0137429 s
-----------
on time step 501 (time=2.505), 0.00799997 s/step
on time step 965 (time=4.825), 0.00864597 s/step
field decay(t = 5.005): 0.22967502551788954 / 0.22967502551788954 = 1.0
on time step 1374 (time=6.87), 0.00979224 s/step
on time step 1870 (time=9.35), 0.00807213 s/step
field decay(t = 10.01): 0.2504808233534304 / 0.2504808233534304 = 1.0
on time step 2267 (time=11.335), 0.0101474 s/step
on time step 2669 (time=13.345), 0.00995608 s/step
field decay(t = 15.015): 4.890956457152761e-11 / 0.2504808233534304 = 1.9526271080048243e-10
run 0 finished at t = 15.015 (3003 timesteps)
-----------
Initializing structure...
time for choose_chunkdivision = 1.62125e-05 s
Working in 3D dimensions.
Computational cell is 0.5 x 0.5 x 1.5 with resolution 100
     block, center = (0,0,0)
          size (1e+20,1e+20,0.2)
          axes (1,0,0), (0,1,0), (0,0,1)
          dielectric constant epsilon diagonal = (1,1,1)
     block, center = (0,0,0)
          size (0.0799691,0.148877,0.2)
          axes (1,0,0), (0,1,0), (0,0,1)
          dielectric constant epsilon diagonal = (1,1,1)
time for set_epsilon = 1.39583 s
time for set_conductivity = 0.0358438 s
time for set_conductivity = 0.03637 s
time for set_conductivity = 0.0439112 s
time for set_conductivity = 0.0482531 s
time for set_conductivity = 0.0339639 s
time for set_conductivity = 0.0308299 s
lorentzian susceptibility: frequency=16.365, gamma=1.95106
lorentzian susceptibility: frequency=7.32593, gamma=0.738804
lorentzian susceptibility: frequency=6.60165, gamma=0.052426
lorentzian susceptibility: frequency=3.61417, gamma=0.364563
lorentzian susceptibility: frequency=0.658148, gamma=3.13427
drude susceptibility: frequency=1e-10, gamma=0.0387146
-----------
on time step 103 (time=0.515), 0.03911 s/step
on time step 183 (time=0.915), 0.0502533 s/step
on time step 274 (time=1.37), 0.0441791 s/step
on time step 410 (time=2.05), 0.0296146 s/step
on time step 546 (time=2.73), 0.029529 s/step
on time step 691 (time=3.455), 0.0276439 s/step
on time step 835 (time=4.175), 0.0278409 s/step
on time step 978 (time=4.89), 0.0279838 s/step
field decay(t = 5.005): 0.7117618117978635 / 0.7117618117978635 = 1.0
on time step 1120 (time=5.6), 0.0282607 s/step
on time step 1261 (time=6.305), 0.0284181 s/step
on time step 1404 (time=7.02), 0.0281323 s/step
on time step 1551 (time=7.755), 0.0273105 s/step
on time step 1700 (time=8.5), 0.0270207 s/step
on time step 1847 (time=9.235), 0.0272365 s/step
on time step 1992 (time=9.96), 0.0276955 s/step
field decay(t = 10.01): 1.8124451700626087 / 1.8124451700626087 = 1.0
on time step 2135 (time=10.675), 0.0279943 s/step
on time step 2282 (time=11.41), 0.0273793 s/step
on time step 2427 (time=12.135), 0.0277131 s/step
on time step 2569 (time=12.845), 0.0283069 s/step
on time step 2710 (time=13.55), 0.0285094 s/step
on time step 2831 (time=14.155), 0.0330718 s/step
on time step 2970 (time=14.85), 0.0287889 s/step
field decay(t = 15.015): 0.3016111444922751 / 1.8124451700626087 = 0.16641118279007375
on time step 3115 (time=15.575), 0.0276205 s/step
on time step 3262 (time=16.31), 0.0273089 s/step
on time step 3408 (time=17.04), 0.0275635 s/step
on time step 3555 (time=17.775), 0.0272778 s/step
on time step 3702 (time=18.51), 0.0273136 s/step
on time step 3850 (time=19.25), 0.027147 s/step
on time step 3997 (time=19.985), 0.0273193 s/step
field decay(t = 20.02): 0.017158237955633034 / 1.8124451700626087 = 0.00946690042769146
on time step 4143 (time=20.715), 0.0275649 s/step
on time step 4290 (time=21.45), 0.0273421 s/step
on time step 4435 (time=22.175), 0.0276336 s/step
on time step 4580 (time=22.9), 0.0276799 s/step
on time step 4732 (time=23.66), 0.0264566 s/step
on time step 4886 (time=24.43), 0.0260637 s/step
field decay(t = 25.025000000000002): 0.0010729586622549902 / 1.8124451700626087 = 0.0005919951014120477
on time step 5042 (time=25.21), 0.0257919 s/step
on time step 5197 (time=25.985), 0.0259619 s/step
on time step 5351 (time=26.755), 0.0260363 s/step
on time step 5506 (time=27.53), 0.0259562 s/step
on time step 5661 (time=28.305), 0.0259319 s/step
on time step 5816 (time=29.08), 0.0258689 s/step
on time step 5972 (time=29.86), 0.0257654 s/step
field decay(t = 30.03): 5.617388728588723e-05 / 1.8124451700626087 = 3.099342711920316e-05
on time step 6128 (time=30.64), 0.0256968 s/step
on time step 6281 (time=31.405), 0.0261627 s/step
on time step 6436 (time=32.18), 0.0259569 s/step
on time step 6591 (time=32.955), 0.0258475 s/step
on time step 6746 (time=33.73), 0.0258482 s/step
on time step 6900 (time=34.5), 0.0260384 s/step
field decay(t = 35.035000000000004): 3.5274059394166067e-06 / 1.8124451700626087 = 1.9462138759732833e-06
on time step 7054 (time=35.27), 0.026032 s/step
on time step 7209 (time=36.045), 0.025857 s/step
on time step 7363 (time=36.815), 0.025978 s/step
on time step 7515 (time=37.575), 0.026332 s/step
on time step 7666 (time=38.33), 0.0265992 s/step
on time step 7821 (time=39.105), 0.0258708 s/step
on time step 7976 (time=39.88), 0.0259538 s/step
field decay(t = 40.04): 1.8704641768275509e-07 / 1.8124451700626087 = 1.0320114548695218e-07
run 0 finished at t = 40.04 (8008 timesteps)
Transmission at f = 1.6666666666666667 (lambda = 600 nm): 0.017646690020378348
l1 = 0.15993824734430723, l2 = 0.29775407701842393
-----------
Initializing structure...
time for choose_chunkdivision = 1.00136e-05 s
Working in 3D dimensions.
Computational cell is 0.5 x 0.5 x 1.5 with resolution 100
time for set_epsilon = 0.560707 s
time for set_conductivity = 0.011421 s
time for set_conductivity = 0.0115309 s
time for set_conductivity = 0.011564 s
time for set_conductivity = 0.0116601 s
time for set_conductivity = 0.0121579 s
time for set_conductivity = 0.011981 s
-----------
on time step 627 (time=3.135), 0.00638809 s/step
field decay(t = 5.005): 0.22967502551788954 / 0.22967502551788954 = 1.0
on time step 1267 (time=6.335), 0.00625048 s/step
on time step 1921 (time=9.605), 0.00611851 s/step
field decay(t = 10.01): 0.2504808233534304 / 0.2504808233534304 = 1.0
on time step 2575 (time=12.875), 0.00611943 s/step
field decay(t = 15.015): 4.890956457152761e-11 / 0.2504808233534304 = 1.9526271080048243e-10
run 0 finished at t = 15.015 (3003 timesteps)
-----------
Initializing structure...
time for choose_chunkdivision = 1.50204e-05 s
Working in 3D dimensions.
Computational cell is 0.5 x 0.5 x 1.5 with resolution 100
     block, center = (0,0,0)
          size (1e+20,1e+20,0.2)
          axes (1,0,0), (0,1,0), (0,0,1)
          dielectric constant epsilon diagonal = (1,1,1)
     block, center = (0,0,0)
          size (0.0808407,0.151166,0.2)
          axes (1,0,0), (0,1,0), (0,0,1)
          dielectric constant epsilon diagonal = (1,1,1)
time for set_epsilon = 1.14553 s
time for set_conductivity = 0.0291269 s
time for set_conductivity = 0.0294359 s
time for set_conductivity = 0.024045 s
time for set_conductivity = 0.0239511 s
time for set_conductivity = 0.024013 s
time for set_conductivity = 0.0242341 s
lorentzian susceptibility: frequency=16.365, gamma=1.95106
lorentzian susceptibility: frequency=7.32593, gamma=0.738804
lorentzian susceptibility: frequency=6.60165, gamma=0.052426
lorentzian susceptibility: frequency=3.61417, gamma=0.364563
lorentzian susceptibility: frequency=0.658148, gamma=3.13427
drude susceptibility: frequency=1e-10, gamma=0.0387146
-----------
on time step 87 (time=0.435), 0.0460396 s/step
on time step 240 (time=1.2), 0.0261877 s/step
on time step 400 (time=2), 0.0251471 s/step
on time step 556 (time=2.78), 0.0257581 s/step
on time step 712 (time=3.56), 0.025736 s/step
on time step 857 (time=4.285), 0.0277475 s/step
on time step 965 (time=4.825), 0.0371208 s/step
field decay(t = 5.005): 1.111657252617529 / 1.111657252617529 = 1.0
on time step 1114 (time=5.57), 0.0269152 s/step
on time step 1271 (time=6.355), 0.025532 s/step
on time step 1428 (time=7.14), 0.0256237 s/step
on time step 1584 (time=7.92), 0.0257261 s/step
on time step 1740 (time=8.7), 0.0257329 s/step
on time step 1897 (time=9.485), 0.0255833 s/step
field decay(t = 10.01): 3.062025660092323 / 3.062025660092323 = 1.0
on time step 2052 (time=10.26), 0.0259422 s/step
on time step 2207 (time=11.035), 0.0258448 s/step
on time step 2335 (time=11.675), 0.031348 s/step
on time step 2489 (time=12.445), 0.0260563 s/step
on time step 2647 (time=13.235), 0.0253798 s/step
on time step 2803 (time=14.015), 0.0256577 s/step
on time step 2960 (time=14.8), 0.0256222 s/step
field decay(t = 15.015): 0.5812671746961346 / 3.062025660092323 = 0.18983092867961432
on time step 3099 (time=15.495), 0.0289065 s/step
on time step 3253 (time=16.265), 0.0260346 s/step
on time step 3393 (time=16.965), 0.0287659 s/step
on time step 3544 (time=17.72), 0.0266372 s/step
on time step 3701 (time=18.505), 0.0255842 s/step
on time step 3857 (time=19.285), 0.0257387 s/step
field decay(t = 20.02): 0.030909442509944506 / 3.062025660092323 = 0.010094442679821488
on time step 4015 (time=20.075), 0.0254209 s/step
on time step 4172 (time=20.86), 0.025567 s/step
on time step 4329 (time=21.645), 0.025595 s/step
on time step 4486 (time=22.43), 0.0255108 s/step
on time step 4642 (time=23.21), 0.02575 s/step
on time step 4799 (time=23.995), 0.0256289 s/step
on time step 4956 (time=24.78), 0.0255359 s/step
field decay(t = 25.025000000000002): 0.0018484161573302936 / 3.062025660092323 = 0.0006036579580050163
on time step 5113 (time=25.565), 0.0256326 s/step
on time step 5270 (time=26.35), 0.0255256 s/step
on time step 5425 (time=27.125), 0.0258292 s/step
on time step 5581 (time=27.905), 0.0256529 s/step
on time step 5738 (time=28.69), 0.0255378 s/step
on time step 5895 (time=29.475), 0.0256372 s/step
field decay(t = 30.03): 9.377103391812456e-05 / 3.062025660092323 = 3.062385633806128e-05
on time step 6051 (time=30.255), 0.0256683 s/step
on time step 6209 (time=31.045), 0.0254124 s/step
on time step 6359 (time=31.795), 0.0266694 s/step
on time step 6508 (time=32.54), 0.0269833 s/step
on time step 6665 (time=33.325), 0.0256047 s/step
on time step 6821 (time=34.105), 0.0257105 s/step
on time step 6976 (time=34.88), 0.0258873 s/step
field decay(t = 35.035000000000004): 5.642191086366536e-06 / 3.062025660092323 = 1.8426335088898042e-06
on time step 7129 (time=35.645), 0.0261787 s/step
on time step 7286 (time=36.43), 0.0255605 s/step
on time step 7442 (time=37.21), 0.0257861 s/step
on time step 7599 (time=37.995), 0.0256149 s/step
on time step 7755 (time=38.775), 0.0256632 s/step
on time step 7912 (time=39.56), 0.0256543 s/step
field decay(t = 40.04): 3.337210659986645e-07 / 3.062025660092323 = 1.0898702461840326e-07
run 0 finished at t = 40.04 (8008 timesteps)
Transmission at f = 1.6666666666666667 (lambda = 600 nm): 0.19052917122522633
l1 = 0.16168132428953547, l2 = 0.3023312707074182
-----------
Initializing structure...
time for choose_chunkdivision = 1.19209e-05 s
Working in 3D dimensions.
Computational cell is 0.5 x 0.5 x 1.5 with resolution 100
time for set_epsilon = 0.581329 s
time for set_conductivity = 0.0119631 s
time for set_conductivity = 0.0147772 s
time for set_conductivity = 0.0234702 s
time for set_conductivity = 0.013526 s
time for set_conductivity = 0.0116038 s
time for set_conductivity = 0.0117002 s
-----------
on time step 636 (time=3.18), 0.00629588 s/step
field decay(t = 5.005): 0.22967502551788954 / 0.22967502551788954 = 1.0
on time step 1283 (time=6.415), 0.00618323 s/step
on time step 1931 (time=9.655), 0.00617478 s/step
field decay(t = 10.01): 0.2504808233534304 / 0.2504808233534304 = 1.0
on time step 2583 (time=12.915), 0.00614102 s/step
field decay(t = 15.015): 4.890956457152761e-11 / 0.2504808233534304 = 1.9526271080048243e-10
run 0 finished at t = 15.015 (3003 timesteps)
-----------
Initializing structure...
time for choose_chunkdivision = 1.5974e-05 s
Working in 3D dimensions.
Computational cell is 0.5 x 0.5 x 1.5 with resolution 100
     block, center = (0,0,0)
          size (1e+20,1e+20,0.2)
          axes (1,0,0), (0,1,0), (0,0,1)
          dielectric constant epsilon diagonal = (1,1,1)
     block, center = (0,0,0)
          size (0.0801897,0.150658,0.2)
          axes (1,0,0), (0,1,0), (0,0,1)
          dielectric constant epsilon diagonal = (1,1,1)
time for set_epsilon = 1.11471 s
time for set_conductivity = 0.0213802 s
time for set_conductivity = 0.0214589 s
time for set_conductivity = 0.0241809 s
time for set_conductivity = 0.0220771 s
time for set_conductivity = 0.0215199 s
time for set_conductivity = 0.0215321 s
lorentzian susceptibility: frequency=16.365, gamma=1.95106
lorentzian susceptibility: frequency=7.32593, gamma=0.738804
lorentzian susceptibility: frequency=6.60165, gamma=0.052426
lorentzian susceptibility: frequency=3.61417, gamma=0.364563
lorentzian susceptibility: frequency=0.658148, gamma=3.13427
drude susceptibility: frequency=1e-10, gamma=0.0387146
-----------
on time step 147 (time=0.735), 0.0273901 s/step
on time step 302 (time=1.51), 0.0259108 s/step
on time step 458 (time=2.29), 0.0256944 s/step
on time step 614 (time=3.07), 0.0258111 s/step
on time step 771 (time=3.855), 0.0255447 s/step
on time step 927 (time=4.635), 0.0257035 s/step
field decay(t = 5.005): 1.111657252617529 / 1.111657252617529 = 1.0
on time step 1084 (time=5.42), 0.0255924 s/step
on time step 1241 (time=6.205), 0.025602 s/step
on time step 1397 (time=6.985), 0.0257363 s/step
on time step 1554 (time=7.77), 0.0255308 s/step
on time step 1710 (time=8.55), 0.0256895 s/step
on time step 1867 (time=9.335), 0.0254992 s/step
field decay(t = 10.01): 3.062025660092323 / 3.062025660092323 = 1.0
on time step 2023 (time=10.115), 0.0257355 s/step
on time step 2178 (time=10.89), 0.0258941 s/step
on time step 2335 (time=11.675), 0.0256349 s/step
on time step 2492 (time=12.46), 0.0255015 s/step
on time step 2648 (time=13.24), 0.0256936 s/step
on time step 2806 (time=14.03), 0.0254701 s/step
on time step 2963 (time=14.815), 0.0256094 s/step
field decay(t = 15.015): 0.5812671746961346 / 3.062025660092323 = 0.18983092867961432
on time step 3119 (time=15.595), 0.0256631 s/step
on time step 3276 (time=16.38), 0.0255109 s/step
on time step 3433 (time=17.165), 0.0254787 s/step
on time step 3590 (time=17.95), 0.025651 s/step
on time step 3745 (time=18.725), 0.0258847 s/step
on time step 3903 (time=19.515), 0.0254808 s/step
field decay(t = 20.02): 0.030909442509944506 / 3.062025660092323 = 0.010094442679821488
on time step 4059 (time=20.295), 0.0257885 s/step
on time step 4216 (time=21.08), 0.0256196 s/step
on time step 4373 (time=21.865), 0.0256307 s/step
on time step 4530 (time=22.65), 0.0254936 s/step
on time step 4687 (time=23.435), 0.0256307 s/step
on time step 4844 (time=24.22), 0.0255553 s/step
on time step 4999 (time=24.995), 0.0259761 s/step
field decay(t = 25.025000000000002): 0.0018484161573302936 / 3.062025660092323 = 0.0006036579580050163
on time step 5136 (time=25.68), 0.0292684 s/step
on time step 5291 (time=26.455), 0.0258237 s/step
on time step 5449 (time=27.245), 0.0254288 s/step
on time step 5606 (time=28.03), 0.025611 s/step
on time step 5764 (time=28.82), 0.0254391 s/step
on time step 5921 (time=29.605), 0.0255613 s/step
field decay(t = 30.03): 9.377103391812456e-05 / 3.062025660092323 = 3.062385633806128e-05
on time step 6077 (time=30.385), 0.0257865 s/step
on time step 6234 (time=31.17), 0.0256259 s/step
on time step 6391 (time=31.955), 0.0255678 s/step
on time step 6548 (time=32.74), 0.0256154 s/step
on time step 6706 (time=33.53), 0.025444 s/step
on time step 6863 (time=34.315), 0.0256009 s/step
field decay(t = 35.035000000000004): 5.642191086366536e-06 / 3.062025660092323 = 1.8426335088898042e-06
on time step 7019 (time=35.095), 0.0256489 s/step
on time step 7176 (time=35.88), 0.0255726 s/step
on time step 7332 (time=36.66), 0.0257777 s/step
on time step 7489 (time=37.445), 0.0256214 s/step
on time step 7644 (time=38.22), 0.0258286 s/step
on time step 7800 (time=39), 0.0256652 s/step
on time step 7958 (time=39.79), 0.0253944 s/step
field decay(t = 40.04): 3.337210659986645e-07 / 3.062025660092323 = 1.0898702461840326e-07
run 0 finished at t = 40.04 (8008 timesteps)
Transmission at f = 1.6666666666666667 (lambda = 600 nm): 0.19052917122522633
l1 = 0.16037948281725672, l2 = 0.3013161349319225
Iteration: l1=0.160379, l2=0.301316, fom=-1.562846e-01
-----------
Initializing structure...
time for choose_chunkdivision = 1.09673e-05 s
Working in 3D dimensions.
Computational cell is 0.5 x 0.5 x 1.5 with resolution 100
time for set_epsilon = 0.625674 s
time for set_conductivity = 0.0113761 s
time for set_conductivity = 0.0114539 s
time for set_conductivity = 0.011524 s
time for set_conductivity = 0.0357091 s
time for set_conductivity = 0.043978 s
time for set_conductivity = 0.0421021 s
-----------
on time step 632 (time=3.16), 0.00633556 s/step
field decay(t = 5.005): 0.22967502551788954 / 0.22967502551788954 = 1.0
on time step 1285 (time=6.425), 0.00613054 s/step
on time step 1935 (time=9.675), 0.00615957 s/step
field decay(t = 10.01): 0.2504808233534304 / 0.2504808233534304 = 1.0
on time step 2588 (time=12.94), 0.00613196 s/step
field decay(t = 15.015): 4.890956457152761e-11 / 0.2504808233534304 = 1.9526271080048243e-10
run 0 finished at t = 15.015 (3003 timesteps)
-----------
Initializing structure...
time for choose_chunkdivision = 1.90735e-05 s
Working in 3D dimensions.
Computational cell is 0.5 x 0.5 x 1.5 with resolution 100
     block, center = (0,0,0)
          size (1e+20,1e+20,0.2)
          axes (1,0,0), (0,1,0), (0,0,1)
          dielectric constant epsilon diagonal = (1,1,1)
     block, center = (0,0,0)
          size (0.0802596,0.14964,0.2)
          axes (1,0,0), (0,1,0), (0,0,1)
          dielectric constant epsilon diagonal = (1,1,1)
time for set_epsilon = 1.11495 s
time for set_conductivity = 0.021317 s
time for set_conductivity = 0.0218122 s
time for set_conductivity = 0.0221469 s
time for set_conductivity = 0.023469 s
time for set_conductivity = 0.022038 s
time for set_conductivity = 0.0220611 s
lorentzian susceptibility: frequency=16.365, gamma=1.95106
lorentzian susceptibility: frequency=7.32593, gamma=0.738804
lorentzian susceptibility: frequency=6.60165, gamma=0.052426
lorentzian susceptibility: frequency=3.61417, gamma=0.364563
lorentzian susceptibility: frequency=0.658148, gamma=3.13427
drude susceptibility: frequency=1e-10, gamma=0.0387146
-----------
on time step 118 (time=0.59), 0.0340851 s/step
on time step 274 (time=1.37), 0.0257201 s/step
on time step 430 (time=2.15), 0.0257797 s/step
on time step 588 (time=2.94), 0.0254861 s/step
on time step 743 (time=3.715), 0.0258158 s/step
on time step 899 (time=4.495), 0.0257265 s/step
field decay(t = 5.005): 0.9882287207078263 / 0.9882287207078263 = 1.0
on time step 1050 (time=5.25), 0.0265224 s/step
on time step 1207 (time=6.035), 0.0255178 s/step
on time step 1363 (time=6.815), 0.0257225 s/step
on time step 1519 (time=7.595), 0.0257315 s/step
on time step 1675 (time=8.375), 0.0256489 s/step
on time step 1830 (time=9.15), 0.0258915 s/step
on time step 1986 (time=9.93), 0.0256607 s/step
field decay(t = 10.01): 2.799090541139064 / 2.799090541139064 = 1.0
on time step 2142 (time=10.71), 0.025653 s/step
on time step 2298 (time=11.49), 0.0257652 s/step
on time step 2455 (time=12.275), 0.0255984 s/step
on time step 2611 (time=13.055), 0.0257397 s/step
on time step 2768 (time=13.84), 0.0256023 s/step
on time step 2925 (time=14.625), 0.0256347 s/step
field decay(t = 15.015): 0.5049209073981583 / 2.799090541139064 = 0.1803874865700791
on time step 3081 (time=15.405), 0.0256649 s/step
on time step 3238 (time=16.19), 0.0256308 s/step
on time step 3393 (time=16.965), 0.0258687 s/step
on time step 3550 (time=17.75), 0.0256264 s/step
on time step 3707 (time=18.535), 0.0256062 s/step
on time step 3864 (time=19.32), 0.0256595 s/step
field decay(t = 20.02): 0.030355831613553232 / 2.799090541139064 = 0.010844890927036683
on time step 4021 (time=20.105), 0.0255402 s/step
on time step 4176 (time=20.88), 0.0258128 s/step
on time step 4319 (time=21.595), 0.0280606 s/step
on time step 4474 (time=22.37), 0.0258407 s/step
on time step 4631 (time=23.155), 0.0255826 s/step
on time step 4787 (time=23.935), 0.0257618 s/step
on time step 4944 (time=24.72), 0.0255946 s/step
field decay(t = 25.025000000000002): 0.0017696897115929556 / 2.799090541139064 = 0.0006322373948192461
on time step 5100 (time=25.5), 0.0258263 s/step
on time step 5257 (time=26.285), 0.0255467 s/step
on time step 5412 (time=27.06), 0.0258834 s/step
on time step 5568 (time=27.84), 0.0256731 s/step
on time step 5725 (time=28.625), 0.0256181 s/step
on time step 5882 (time=29.41), 0.0256297 s/step
field decay(t = 30.03): 9.818030279106486e-05 / 2.799090541139064 = 3.507578670574596e-05
on time step 6039 (time=30.195), 0.0254928 s/step
on time step 6195 (time=30.975), 0.0256607 s/step
on time step 6351 (time=31.755), 0.0256453 s/step
on time step 6502 (time=32.51), 0.0266201 s/step
on time step 6655 (time=33.275), 0.0261497 s/step
on time step 6810 (time=34.05), 0.0258251 s/step
on time step 6966 (time=34.83), 0.0257305 s/step
field decay(t = 35.035000000000004): 5.423870929060349e-06 / 2.799090541139064 = 1.9377261468838216e-06
on time step 7123 (time=35.615), 0.0255954 s/step
on time step 7277 (time=36.385), 0.0260772 s/step
on time step 7432 (time=37.16), 0.025812 s/step
on time step 7588 (time=37.94), 0.0257237 s/step
on time step 7742 (time=38.71), 0.0259956 s/step
on time step 7898 (time=39.49), 0.0256937 s/step
field decay(t = 40.04): 3.5496715204305135e-07 / 2.799090541139064 = 1.2681517329503773e-07
run 0 finished at t = 40.04 (8008 timesteps)
Transmission at f = 1.6666666666666667 (lambda = 600 nm): 0.1549535879650249
l1 = 0.16051927299271662, l2 = 0.2992798082480887
-----------
Initializing structure...
time for choose_chunkdivision = 1.12057e-05 s
Working in 3D dimensions.
Computational cell is 0.5 x 0.5 x 1.5 with resolution 100
time for set_epsilon = 0.619474 s
time for set_conductivity = 0.0118039 s
time for set_conductivity = 0.0117879 s
time for set_conductivity = 0.0117431 s
time for set_conductivity = 0.0117929 s
time for set_conductivity = 0.011713 s
time for set_conductivity = 0.011806 s
-----------
on time step 639 (time=3.195), 0.00626775 s/step
field decay(t = 5.005): 0.22967502551788954 / 0.22967502551788954 = 1.0
on time step 1289 (time=6.445), 0.00615603 s/step
on time step 1937 (time=9.685), 0.00617557 s/step
field decay(t = 10.01): 0.2504808233534304 / 0.2504808233534304 = 1.0
on time step 2587 (time=12.935), 0.00616124 s/step
field decay(t = 15.015): 4.890956457152761e-11 / 0.2504808233534304 = 1.9526271080048243e-10
run 0 finished at t = 15.015 (3003 timesteps)
-----------
Initializing structure...
time for choose_chunkdivision = 1.50204e-05 s
Working in 3D dimensions.
Computational cell is 0.5 x 0.5 x 1.5 with resolution 100
     block, center = (0,0,0)
          size (1e+20,1e+20,0.2)
          axes (1,0,0), (0,1,0), (0,0,1)
          dielectric constant epsilon diagonal = (1,1,1)
     block, center = (0,0,0)
          size (0.0806954,0.150784,0.2)
          axes (1,0,0), (0,1,0), (0,0,1)
          dielectric constant epsilon diagonal = (1,1,1)
time for set_epsilon = 1.11335 s
time for set_conductivity = 0.0224929 s
time for set_conductivity = 0.0223069 s
time for set_conductivity = 0.0223269 s
time for set_conductivity = 0.0224409 s
time for set_conductivity = 0.023771 s
time for set_conductivity = 0.0225592 s
lorentzian susceptibility: frequency=16.365, gamma=1.95106
lorentzian susceptibility: frequency=7.32593, gamma=0.738804
lorentzian susceptibility: frequency=6.60165, gamma=0.052426
lorentzian susceptibility: frequency=3.61417, gamma=0.364563
lorentzian susceptibility: frequency=0.658148, gamma=3.13427
drude susceptibility: frequency=1e-10, gamma=0.0387146
-----------
on time step 151 (time=0.755), 0.0265728 s/step
on time step 307 (time=1.535), 0.0256919 s/step
on time step 461 (time=2.305), 0.0259874 s/step
on time step 618 (time=3.09), 0.0255068 s/step
on time step 774 (time=3.87), 0.0256764 s/step
on time step 930 (time=4.65), 0.0257385 s/step
field decay(t = 5.005): 1.111657252617529 / 1.111657252617529 = 1.0
on time step 1086 (time=5.43), 0.0256484 s/step
on time step 1242 (time=6.21), 0.0256426 s/step
on time step 1398 (time=6.99), 0.0257358 s/step
on time step 1551 (time=7.755), 0.0262899 s/step
on time step 1708 (time=8.54), 0.0255155 s/step
on time step 1862 (time=9.31), 0.0259866 s/step
field decay(t = 10.01): 3.062025660092323 / 3.062025660092323 = 1.0
on time step 2018 (time=10.09), 0.0257449 s/step
on time step 2174 (time=10.87), 0.0256496 s/step
on time step 2331 (time=11.655), 0.0256011 s/step
on time step 2487 (time=12.435), 0.0256523 s/step
on time step 2645 (time=13.225), 0.0254628 s/step
on time step 2801 (time=14.005), 0.0257966 s/step
on time step 2956 (time=14.78), 0.0258085 s/step
field decay(t = 15.015): 0.5812671746961346 / 3.062025660092323 = 0.18983092867961432
on time step 3112 (time=15.56), 0.0256619 s/step
on time step 3268 (time=16.34), 0.0256619 s/step
on time step 3425 (time=17.125), 0.0255526 s/step
on time step 3580 (time=17.9), 0.0258784 s/step
on time step 3736 (time=18.68), 0.0256844 s/step
on time step 3887 (time=19.435), 0.026566 s/step
field decay(t = 20.02): 0.030909442509944506 / 3.062025660092323 = 0.010094442679821488
on time step 4036 (time=20.18), 0.0270288 s/step
on time step 4194 (time=20.97), 0.0254053 s/step
on time step 4351 (time=21.755), 0.0254968 s/step
on time step 4507 (time=22.535), 0.02568 s/step
on time step 4664 (time=23.32), 0.0255771 s/step
on time step 4820 (time=24.1), 0.0256436 s/step
on time step 4974 (time=24.87), 0.0260232 s/step
field decay(t = 25.025000000000002): 0.0018484161573302936 / 3.062025660092323 = 0.0006036579580050163
on time step 5132 (time=25.66), 0.0254301 s/step
on time step 5288 (time=26.44), 0.0256665 s/step
on time step 5445 (time=27.225), 0.025543 s/step
on time step 5600 (time=28), 0.0258386 s/step
on time step 5756 (time=28.78), 0.0256865 s/step
on time step 5913 (time=29.565), 0.0256166 s/step
field decay(t = 30.03): 9.377103391812456e-05 / 3.062025660092323 = 3.062385633806128e-05
on time step 6070 (time=30.35), 0.0256381 s/step
on time step 6227 (time=31.135), 0.0256223 s/step
on time step 6384 (time=31.92), 0.0256338 s/step
on time step 6540 (time=32.7), 0.0257914 s/step
on time step 6697 (time=33.485), 0.0255754 s/step
on time step 6854 (time=34.27), 0.0256244 s/step
field decay(t = 35.035000000000004): 5.642191086366536e-06 / 3.062025660092323 = 1.8426335088898042e-06
on time step 7010 (time=35.05), 0.0256478 s/step
on time step 7167 (time=35.835), 0.0255943 s/step
on time step 7323 (time=36.615), 0.0257942 s/step
on time step 7481 (time=37.405), 0.0254516 s/step
on time step 7637 (time=38.185), 0.0256759 s/step
on time step 7793 (time=38.965), 0.0257538 s/step
on time step 7951 (time=39.755), 0.0255042 s/step
field decay(t = 40.04): 3.337210659986645e-07 / 3.062025660092323 = 1.0898702461840326e-07
run 0 finished at t = 40.04 (8008 timesteps)
Transmission at f = 1.6666666666666667 (lambda = 600 nm): 0.19052917122522633
l1 = 0.16139081146533074, l2 = 0.30156840509258587
-----------
Initializing structure...
time for choose_chunkdivision = 1.09673e-05 s
Working in 3D dimensions.
Computational cell is 0.5 x 0.5 x 1.5 with resolution 100
time for set_epsilon = 0.625132 s
time for set_conductivity = 0.0120461 s
time for set_conductivity = 0.01209 s
time for set_conductivity = 0.0120909 s
time for set_conductivity = 0.0295119 s
time for set_conductivity = 0.0334001 s
time for set_conductivity = 0.0391681 s
-----------
on time step 636 (time=3.18), 0.00629535 s/step
field decay(t = 5.005): 0.22967502551788954 / 0.22967502551788954 = 1.0
on time step 1285 (time=6.425), 0.00616558 s/step
on time step 1941 (time=9.705), 0.00610064 s/step
field decay(t = 10.01): 0.2504808233534304 / 0.2504808233534304 = 1.0
on time step 2599 (time=12.995), 0.00608707 s/step
field decay(t = 15.015): 4.890956457152761e-11 / 0.2504808233534304 = 1.9526271080048243e-10
run 0 finished at t = 15.015 (3003 timesteps)
-----------
Initializing structure...
time for choose_chunkdivision = 1.28746e-05 s
Working in 3D dimensions.
Computational cell is 0.5 x 0.5 x 1.5 with resolution 100
     block, center = (0,0,0)
          size (1e+20,1e+20,0.2)
          axes (1,0,0), (0,1,0), (0,0,1)
          dielectric constant epsilon diagonal = (1,1,1)
     block, center = (0,0,0)
          size (0.0801897,0.150658,0.2)
          axes (1,0,0), (0,1,0), (0,0,1)
          dielectric constant epsilon diagonal = (1,1,1)
time for set_epsilon = 1.11596 s
time for set_conductivity = 0.0220819 s
time for set_conductivity = 0.022223 s
time for set_conductivity = 0.0221159 s
time for set_conductivity = 0.0223041 s
time for set_conductivity = 0.0225329 s
time for set_conductivity = 0.024766 s
lorentzian susceptibility: frequency=16.365, gamma=1.95106
lorentzian susceptibility: frequency=7.32593, gamma=0.738804
lorentzian susceptibility: frequency=6.60165, gamma=0.052426
lorentzian susceptibility: frequency=3.61417, gamma=0.364563
lorentzian susceptibility: frequency=0.658148, gamma=3.13427
drude susceptibility: frequency=1e-10, gamma=0.0387146
-----------
on time step 120 (time=0.6), 0.033467 s/step
on time step 278 (time=1.39), 0.0254437 s/step
on time step 435 (time=2.175), 0.0255676 s/step
on time step 592 (time=2.96), 0.0255941 s/step
on time step 749 (time=3.745), 0.0255792 s/step
on time step 907 (time=4.535), 0.0254092 s/step
field decay(t = 5.005): 1.111657252617529 / 1.111657252617529 = 1.0
on time step 1063 (time=5.315), 0.0256813 s/step
on time step 1220 (time=6.1), 0.0255748 s/step
on time step 1378 (time=6.89), 0.025379 s/step
on time step 1535 (time=7.675), 0.025515 s/step
on time step 1693 (time=8.465), 0.0254665 s/step
on time step 1834 (time=9.17), 0.0284115 s/step
on time step 1967 (time=9.835), 0.0301075 s/step
field decay(t = 10.01): 3.062025660092323 / 3.062025660092323 = 1.0
on time step 2103 (time=10.515), 0.0294428 s/step
on time step 2260 (time=11.3), 0.0256087 s/step
on time step 2417 (time=12.085), 0.0255561 s/step
on time step 2571 (time=12.855), 0.0260717 s/step
on time step 2727 (time=13.635), 0.0257259 s/step
on time step 2877 (time=14.385), 0.0268091 s/step
field decay(t = 15.015): 0.5812671746961346 / 3.062025660092323 = 0.18983092867961432
on time step 3015 (time=15.075), 0.0290217 s/step
on time step 3167 (time=15.835), 0.0264275 s/step
on time step 3318 (time=16.59), 0.026652 s/step
on time step 3469 (time=17.345), 0.0266447 s/step
on time step 3626 (time=18.13), 0.0256909 s/step
on time step 3783 (time=18.915), 0.025613 s/step
on time step 3941 (time=19.705), 0.0253561 s/step
field decay(t = 20.02): 0.030909442509944506 / 3.062025660092323 = 0.010094442679821488
on time step 4098 (time=20.49), 0.0256305 s/step
on time step 4254 (time=21.27), 0.0257277 s/step
on time step 4411 (time=22.055), 0.0255888 s/step
on time step 4567 (time=22.835), 0.0256759 s/step
on time step 4724 (time=23.62), 0.025585 s/step
on time step 4881 (time=24.405), 0.0255322 s/step
field decay(t = 25.025000000000002): 0.0018484161573302936 / 3.062025660092323 = 0.0006036579580050163
on time step 5038 (time=25.19), 0.0256172 s/step
on time step 5195 (time=25.975), 0.0255474 s/step
on time step 5353 (time=26.765), 0.0254261 s/step
on time step 5510 (time=27.55), 0.0255159 s/step
on time step 5666 (time=28.33), 0.025762 s/step
on time step 5823 (time=29.115), 0.0254844 s/step
on time step 5976 (time=29.88), 0.0263212 s/step
field decay(t = 30.03): 9.377103391812456e-05 / 3.062025660092323 = 3.062385633806128e-05
on time step 6115 (time=30.575), 0.028932 s/step
on time step 6261 (time=31.305), 0.0275531 s/step
on time step 6406 (time=32.03), 0.0276507 s/step
on time step 6557 (time=32.785), 0.0266041 s/step
on time step 6708 (time=33.54), 0.0265846 s/step
on time step 6863 (time=34.315), 0.0258966 s/step
field decay(t = 35.035000000000004): 5.642191086366536e-06 / 3.062025660092323 = 1.8426335088898042e-06
on time step 7019 (time=35.095), 0.0256425 s/step
on time step 7172 (time=35.86), 0.0262958 s/step
on time step 7329 (time=36.645), 0.0256056 s/step
on time step 7485 (time=37.425), 0.0257593 s/step
on time step 7642 (time=38.21), 0.0256079 s/step
on time step 7800 (time=39), 0.0254227 s/step
on time step 7956 (time=39.78), 0.0257372 s/step
field decay(t = 40.04): 3.337210659986645e-07 / 3.062025660092323 = 1.0898702461840326e-07
run 0 finished at t = 40.04 (8008 timesteps)
Transmission at f = 1.6666666666666667 (lambda = 600 nm): 0.19052917122522633
l1 = 0.16037948281725672, l2 = 0.3013161349319225
Iteration: l1=0.160379, l2=0.301316, fom=-1.562846e-01
-----------
Initializing structure...
time for choose_chunkdivision = 1.09673e-05 s
Working in 3D dimensions.
Computational cell is 0.5 x 0.5 x 1.5 with resolution 100
time for set_epsilon = 0.58026 s
time for set_conductivity = 0.0118032 s
time for set_conductivity = 0.0118251 s
time for set_conductivity = 0.0120978 s
time for set_conductivity = 0.012018 s
time for set_conductivity = 0.0134439 s
time for set_conductivity = 0.012028 s
-----------
on time step 637 (time=3.185), 0.00628441 s/step
field decay(t = 5.005): 0.22967502551788954 / 0.22967502551788954 = 1.0
on time step 1283 (time=6.415), 0.00619311 s/step
on time step 1928 (time=9.64), 0.00620468 s/step
field decay(t = 10.01): 0.2504808233534304 / 0.2504808233534304 = 1.0
on time step 2565 (time=12.825), 0.00628448 s/step
field decay(t = 15.015): 4.890956457152761e-11 / 0.2504808233534304 = 1.9526271080048243e-10
run 0 finished at t = 15.015 (3003 timesteps)
-----------
Initializing structure...
time for choose_chunkdivision = 1.40667e-05 s
Working in 3D dimensions.
Computational cell is 0.5 x 0.5 x 1.5 with resolution 100
     block, center = (0,0,0)
          size (1e+20,1e+20,0.2)
          axes (1,0,0), (0,1,0), (0,0,1)
          dielectric constant epsilon diagonal = (1,1,1)
     block, center = (0,0,0)
          size (0.0804049,0.150021,0.2)
          axes (1,0,0), (0,1,0), (0,0,1)
          dielectric constant epsilon diagonal = (1,1,1)
time for set_epsilon = 1.11009 s
time for set_conductivity = 0.0222659 s
time for set_conductivity = 0.022027 s
time for set_conductivity = 0.0241091 s
time for set_conductivity = 0.0218391 s
time for set_conductivity = 0.022217 s
time for set_conductivity = 0.0253911 s
lorentzian susceptibility: frequency=16.365, gamma=1.95106
lorentzian susceptibility: frequency=7.32593, gamma=0.738804
lorentzian susceptibility: frequency=6.60165, gamma=0.052426
lorentzian susceptibility: frequency=3.61417, gamma=0.364563
lorentzian susceptibility: frequency=0.658148, gamma=3.13427
drude susceptibility: frequency=1e-10, gamma=0.0387146
-----------
on time step 150 (time=0.75), 0.0268231 s/step
on time step 306 (time=1.53), 0.0257225 s/step
on time step 463 (time=2.315), 0.0256203 s/step
on time step 620 (time=3.1), 0.0255012 s/step
on time step 777 (time=3.885), 0.0255015 s/step
on time step 931 (time=4.655), 0.026041 s/step
field decay(t = 5.005): 1.111657252617529 / 1.111657252617529 = 1.0
on time step 1089 (time=5.445), 0.0253605 s/step
on time step 1247 (time=6.235), 0.0253329 s/step
on time step 1404 (time=7.02), 0.0255145 s/step
on time step 1560 (time=7.8), 0.0256427 s/step
on time step 1718 (time=8.59), 0.0254357 s/step
on time step 1875 (time=9.375), 0.0254781 s/step
field decay(t = 10.01): 3.062025660092323 / 3.062025660092323 = 1.0
on time step 2032 (time=10.16), 0.0255432 s/step
on time step 2189 (time=10.945), 0.0254917 s/step
on time step 2346 (time=11.73), 0.0255608 s/step
on time step 2503 (time=12.515), 0.0255289 s/step
on time step 2660 (time=13.3), 0.0256317 s/step
on time step 2818 (time=14.09), 0.0254211 s/step
on time step 2975 (time=14.875), 0.0255758 s/step
field decay(t = 15.015): 0.5812671746961346 / 3.062025660092323 = 0.18983092867961432
on time step 3126 (time=15.63), 0.0266322 s/step
on time step 3281 (time=16.405), 0.0259084 s/step
on time step 3437 (time=17.185), 0.0257056 s/step
on time step 3594 (time=17.97), 0.0256031 s/step
on time step 3752 (time=18.76), 0.0254198 s/step
on time step 3909 (time=19.545), 0.0255345 s/step
field decay(t = 20.02): 0.030909442509944506 / 3.062025660092323 = 0.010094442679821488
on time step 4065 (time=20.325), 0.025744 s/step
on time step 4223 (time=21.115), 0.0254679 s/step
on time step 4380 (time=21.9), 0.0254964 s/step
on time step 4536 (time=22.68), 0.0257227 s/step
on time step 4693 (time=23.465), 0.0255371 s/step
on time step 4849 (time=24.245), 0.0256687 s/step
field decay(t = 25.025000000000002): 0.0018484161573302936 / 3.062025660092323 = 0.0006036579580050163
on time step 5007 (time=25.035), 0.0253805 s/step
on time step 5162 (time=25.81), 0.0258994 s/step
on time step 5286 (time=26.43), 0.0325104 s/step
on time step 5429 (time=27.145), 0.0280519 s/step
on time step 5586 (time=27.93), 0.0255951 s/step
on time step 5742 (time=28.71), 0.0257894 s/step
on time step 5901 (time=29.505), 0.0252544 s/step
field decay(t = 30.03): 9.377103391812456e-05 / 3.062025660092323 = 3.062385633806128e-05
on time step 6057 (time=30.285), 0.0257256 s/step
on time step 6214 (time=31.07), 0.0255577 s/step
on time step 6371 (time=31.855), 0.0255098 s/step
on time step 6528 (time=32.64), 0.0254967 s/step
on time step 6684 (time=33.42), 0.0256656 s/step
on time step 6841 (time=34.205), 0.0255986 s/step
on time step 6997 (time=34.985), 0.0256709 s/step
field decay(t = 35.035000000000004): 5.642191086366536e-06 / 3.062025660092323 = 1.8426335088898042e-06
on time step 7154 (time=35.77), 0.0254867 s/step
on time step 7311 (time=36.555), 0.0256191 s/step
on time step 7443 (time=37.215), 0.030486 s/step
on time step 7597 (time=37.985), 0.0259964 s/step
on time step 7755 (time=38.775), 0.0253185 s/step
on time step 7911 (time=39.555), 0.0257178 s/step
field decay(t = 40.04): 3.337210659986645e-07 / 3.062025660092323 = 1.0898702461840326e-07
run 0 finished at t = 40.04 (8008 timesteps)
Transmission at f = 1.6666666666666667 (lambda = 600 nm): 0.19052917122522633
l1 = 0.16080978581692135, l2 = 0.30004267386292105
-----------
Initializing structure...
time for choose_chunkdivision = 1.12057e-05 s
Working in 3D dimensions.
Computational cell is 0.5 x 0.5 x 1.5 with resolution 100
time for set_epsilon = 0.631914 s
time for set_conductivity = 0.0117109 s
time for set_conductivity = 0.011584 s
time for set_conductivity = 0.01333 s
time for set_conductivity = 0.0250082 s
time for set_conductivity = 0.024591 s
time for set_conductivity = 0.0247939 s
-----------
on time step 642 (time=3.21), 0.00623591 s/step
field decay(t = 5.005): 0.22967502551788954 / 0.22967502551788954 = 1.0
on time step 1296 (time=6.48), 0.00612218 s/step
on time step 1946 (time=9.73), 0.00615905 s/step
field decay(t = 10.01): 0.2504808233534304 / 0.2504808233534304 = 1.0
on time step 2603 (time=13.015), 0.00609406 s/step
field decay(t = 15.015): 4.890956457152761e-11 / 0.2504808233534304 = 1.9526271080048243e-10
run 0 finished at t = 15.015 (3003 timesteps)
-----------
Initializing structure...
time for choose_chunkdivision = 1.40667e-05 s
Working in 3D dimensions.
Computational cell is 0.5 x 0.5 x 1.5 with resolution 100
     block, center = (0,0,0)
          size (1e+20,1e+20,0.2)
          axes (1,0,0), (0,1,0), (0,0,1)
          dielectric constant epsilon diagonal = (1,1,1)
     block, center = (0,0,0)
          size (0.0802596,0.14964,0.2)
          axes (1,0,0), (0,1,0), (0,0,1)
          dielectric constant epsilon diagonal = (1,1,1)
time for set_epsilon = 1.12286 s
time for set_conductivity = 0.021431 s
time for set_conductivity = 0.021018 s
time for set_conductivity = 0.0289571 s
time for set_conductivity = 0.025238 s
time for set_conductivity = 0.0231459 s
time for set_conductivity = 0.0213761 s
lorentzian susceptibility: frequency=16.365, gamma=1.95106
lorentzian susceptibility: frequency=7.32593, gamma=0.738804
lorentzian susceptibility: frequency=6.60165, gamma=0.052426
lorentzian susceptibility: frequency=3.61417, gamma=0.364563
lorentzian susceptibility: frequency=0.658148, gamma=3.13427
drude susceptibility: frequency=1e-10, gamma=0.0387146
-----------
on time step 118 (time=0.59), 0.0339624 s/step
on time step 271 (time=1.355), 0.0262388 s/step
on time step 425 (time=2.125), 0.0261115 s/step
on time step 583 (time=2.915), 0.0254403 s/step
on time step 740 (time=3.7), 0.0256106 s/step
on time step 896 (time=4.48), 0.0256964 s/step
field decay(t = 5.005): 0.9882287207078263 / 0.9882287207078263 = 1.0
on time step 1054 (time=5.27), 0.0253636 s/step
on time step 1216 (time=6.08), 0.0247426 s/step
on time step 1380 (time=6.9), 0.0244313 s/step
on time step 1545 (time=7.725), 0.024322 s/step
on time step 1711 (time=8.555), 0.0241584 s/step
on time step 1880 (time=9.4), 0.023767 s/step
field decay(t = 10.01): 2.799090541139064 / 2.799090541139064 = 1.0
on time step 2049 (time=10.245), 0.0237167 s/step
on time step 2218 (time=11.09), 0.0236996 s/step
on time step 2388 (time=11.94), 0.023621 s/step
on time step 2557 (time=12.785), 0.0237982 s/step
on time step 2728 (time=13.64), 0.0235012 s/step
on time step 2896 (time=14.48), 0.0238323 s/step
field decay(t = 15.015): 0.5049209073981583 / 2.799090541139064 = 0.1803874865700791
on time step 3067 (time=15.335), 0.0234073 s/step
on time step 3239 (time=16.195), 0.0233774 s/step
on time step 3410 (time=17.05), 0.0234789 s/step
on time step 3579 (time=17.895), 0.0237151 s/step
on time step 3743 (time=18.715), 0.024454 s/step
on time step 3914 (time=19.57), 0.0234011 s/step
field decay(t = 20.02): 0.030355831613553232 / 2.799090541139064 = 0.010844890927036683
on time step 4086 (time=20.43), 0.0233686 s/step
on time step 4258 (time=21.29), 0.0233457 s/step
on time step 4429 (time=22.145), 0.0234502 s/step
on time step 4602 (time=23.01), 0.0232438 s/step
on time step 4773 (time=23.865), 0.0234174 s/step
on time step 4944 (time=24.72), 0.0234266 s/step
field decay(t = 25.025000000000002): 0.0017696897115929556 / 2.799090541139064 = 0.0006322373948192461
on time step 5115 (time=25.575), 0.0233985 s/step
on time step 5285 (time=26.425), 0.0235389 s/step
on time step 5452 (time=27.26), 0.0240256 s/step
on time step 5622 (time=28.11), 0.0236292 s/step
on time step 5794 (time=28.97), 0.0233095 s/step
on time step 5964 (time=29.82), 0.0236345 s/step
field decay(t = 30.03): 9.818030279106486e-05 / 2.799090541139064 = 3.507578670574596e-05
on time step 6136 (time=30.68), 0.0233759 s/step
on time step 6307 (time=31.535), 0.0234311 s/step
on time step 6478 (time=32.39), 0.0234702 s/step
on time step 6649 (time=33.245), 0.0234874 s/step
on time step 6821 (time=34.105), 0.0233719 s/step
on time step 6993 (time=34.965), 0.0233515 s/step
field decay(t = 35.035000000000004): 5.423870929060349e-06 / 2.799090541139064 = 1.9377261468838216e-06
on time step 7164 (time=35.82), 0.0233989 s/step
on time step 7336 (time=36.68), 0.023384 s/step
on time step 7505 (time=37.525), 0.0236794 s/step
on time step 7675 (time=38.375), 0.0235495 s/step
on time step 7847 (time=39.235), 0.0234224 s/step
field decay(t = 40.04): 3.5496715204305135e-07 / 2.799090541139064 = 1.2681517329503773e-07
run 0 finished at t = 40.04 (8008 timesteps)
Transmission at f = 1.6666666666666667 (lambda = 600 nm): 0.1549535879650249
l1 = 0.16051927299271662, l2 = 0.29927980824808864
-----------
Initializing structure...
time for choose_chunkdivision = 9.05991e-06 s
Working in 3D dimensions.
Computational cell is 0.5 x 0.5 x 1.5 with resolution 100
time for set_epsilon = 0.498411 s
time for set_conductivity = 0.010231 s
time for set_conductivity = 0.0105059 s
time for set_conductivity = 0.0103281 s
time for set_conductivity = 0.0103722 s
time for set_conductivity = 0.0103352 s
time for set_conductivity = 0.010505 s
-----------
on time step 692 (time=3.46), 0.00578583 s/step
field decay(t = 5.005): 0.22967502551788954 / 0.22967502551788954 = 1.0
on time step 1400 (time=7), 0.0056525 s/step
field decay(t = 10.01): 0.2504808233534304 / 0.2504808233534304 = 1.0
on time step 2111 (time=10.555), 0.00562695 s/step
on time step 2829 (time=14.145), 0.00557649 s/step
field decay(t = 15.015): 4.890956457152761e-11 / 0.2504808233534304 = 1.9526271080048243e-10
run 0 finished at t = 15.015 (3003 timesteps)
-----------
Initializing structure...
time for choose_chunkdivision = 1.3113e-05 s
Working in 3D dimensions.
Computational cell is 0.5 x 0.5 x 1.5 with resolution 100
     block, center = (0,0,0)
          size (1e+20,1e+20,0.2)
          axes (1,0,0), (0,1,0), (0,0,1)
          dielectric constant epsilon diagonal = (1,1,1)
     block, center = (0,0,0)
          size (0.0804049,0.150021,0.2)
          axes (1,0,0), (0,1,0), (0,0,1)
          dielectric constant epsilon diagonal = (1,1,1)
time for set_epsilon = 0.987608 s
time for set_conductivity = 0.01968 s
time for set_conductivity = 0.0198188 s
time for set_conductivity = 0.0215662 s
time for set_conductivity = 0.019773 s
time for set_conductivity = 0.0197821 s
time for set_conductivity = 0.0214989 s
lorentzian susceptibility: frequency=16.365, gamma=1.95106
lorentzian susceptibility: frequency=7.32593, gamma=0.738804
lorentzian susceptibility: frequency=6.60165, gamma=0.052426
lorentzian susceptibility: frequency=3.61417, gamma=0.364563
lorentzian susceptibility: frequency=0.658148, gamma=3.13427
drude susceptibility: frequency=1e-10, gamma=0.0387146
-----------
on time step 162 (time=0.81), 0.0248019 s/step
on time step 333 (time=1.665), 0.0234453 s/step
on time step 504 (time=2.52), 0.0235004 s/step
on time step 673 (time=3.365), 0.0237523 s/step
on time step 844 (time=4.22), 0.0234036 s/step
field decay(t = 5.005): 1.111657252617529 / 1.111657252617529 = 1.0
on time step 1015 (time=5.075), 0.0234216 s/step
on time step 1184 (time=5.92), 0.0237777 s/step
on time step 1355 (time=6.775), 0.0234778 s/step
on time step 1525 (time=7.625), 0.0235629 s/step
on time step 1695 (time=8.475), 0.0235923 s/step
on time step 1866 (time=9.33), 0.0234777 s/step
field decay(t = 10.01): 3.062025660092323 / 3.062025660092323 = 1.0
on time step 2036 (time=10.18), 0.0235717 s/step
on time step 2206 (time=11.03), 0.0236182 s/step
on time step 2375 (time=11.875), 0.023702 s/step
on time step 2547 (time=12.735), 0.0232856 s/step
on time step 2720 (time=13.6), 0.0232338 s/step
on time step 2888 (time=14.44), 0.0238464 s/step
field decay(t = 15.015): 0.5812671746961346 / 3.062025660092323 = 0.18983092867961432
on time step 3061 (time=15.305), 0.0231215 s/step
on time step 3232 (time=16.16), 0.0234164 s/step
on time step 3403 (time=17.015), 0.0234455 s/step
on time step 3576 (time=17.88), 0.0232056 s/step
on time step 3746 (time=18.73), 0.0235981 s/step
on time step 3918 (time=19.59), 0.0234392 s/step
field decay(t = 20.02): 0.030909442509944506 / 3.062025660092323 = 0.010094442679821488
on time step 4088 (time=20.44), 0.0236493 s/step
on time step 4258 (time=21.29), 0.0236056 s/step
on time step 4428 (time=22.14), 0.0235943 s/step
on time step 4598 (time=22.99), 0.0235695 s/step
on time step 4769 (time=23.845), 0.023418 s/step
on time step 4940 (time=24.7), 0.0235123 s/step
field decay(t = 25.025000000000002): 0.0018484161573302936 / 3.062025660092323 = 0.0006036579580050163
on time step 5111 (time=25.555), 0.0235064 s/step
on time step 5282 (time=26.41), 0.0234131 s/step
on time step 5452 (time=27.26), 0.0236655 s/step
on time step 5624 (time=28.12), 0.0233671 s/step
on time step 5796 (time=28.98), 0.0233333 s/step
on time step 5966 (time=29.83), 0.0236647 s/step
field decay(t = 30.03): 9.377103391812456e-05 / 3.062025660092323 = 3.062385633806128e-05
on time step 6136 (time=30.68), 0.0236111 s/step
on time step 6307 (time=31.535), 0.023486 s/step
on time step 6478 (time=32.39), 0.0234657 s/step
on time step 6647 (time=33.235), 0.0237005 s/step
on time step 6817 (time=34.085), 0.0236096 s/step
on time step 6985 (time=34.925), 0.0238348 s/step
field decay(t = 35.035000000000004): 5.642191086366536e-06 / 3.062025660092323 = 1.8426335088898042e-06
on time step 7157 (time=35.785), 0.0233817 s/step
on time step 7329 (time=36.645), 0.023387 s/step
on time step 7500 (time=37.5), 0.0234533 s/step
on time step 7668 (time=38.34), 0.023812 s/step
on time step 7827 (time=39.135), 0.0252022 s/step
on time step 7998 (time=39.99), 0.0234253 s/step
field decay(t = 40.04): 3.337210659986645e-07 / 3.062025660092323 = 1.0898702461840326e-07
run 0 finished at t = 40.04 (8008 timesteps)
Transmission at f = 1.6666666666666667 (lambda = 600 nm): 0.19052917122522633
l1 = 0.16080978581692135, l2 = 0.30004267386292105
Iteration: l1=0.160810, l2=0.300043, fom=-1.563340e-01
-----------
Initializing structure...
time for choose_chunkdivision = 8.10623e-06 s
Working in 3D dimensions.
Computational cell is 0.5 x 0.5 x 1.5 with resolution 100
time for set_epsilon = 0.54411 s
time for set_conductivity = 0.010427 s
time for set_conductivity = 0.010221 s
time for set_conductivity = 0.0102022 s
time for set_conductivity = 0.0226622 s
time for set_conductivity = 0.025177 s
time for set_conductivity = 0.023582 s
-----------
on time step 696 (time=3.48), 0.00575065 s/step
field decay(t = 5.005): 0.22967502551788954 / 0.22967502551788954 = 1.0
on time step 1415 (time=7.075), 0.00556377 s/step
field decay(t = 10.01): 0.2504808233534304 / 0.2504808233534304 = 1.0
on time step 2129 (time=10.645), 0.00560541 s/step
on time step 2841 (time=14.205), 0.00562568 s/step
field decay(t = 15.015): 4.890956457152761e-11 / 0.2504808233534304 = 1.9526271080048243e-10
run 0 finished at t = 15.015 (3003 timesteps)
-----------
Initializing structure...
time for choose_chunkdivision = 1.19209e-05 s
Working in 3D dimensions.
Computational cell is 0.5 x 0.5 x 1.5 with resolution 100
     block, center = (0,0,0)
          size (1e+20,1e+20,0.2)
          axes (1,0,0), (0,1,0), (0,0,1)
          dielectric constant epsilon diagonal = (1,1,1)
     block, center = (0,0,0)
          size (0.0796841,0.150532,0.2)
          axes (1,0,0), (0,1,0), (0,0,1)
          dielectric constant epsilon diagonal = (1,1,1)
time for set_epsilon = 0.945768 s
time for set_conductivity = 0.0203431 s
time for set_conductivity = 0.020088 s
time for set_conductivity = 0.02001 s
time for set_conductivity = 0.0217922 s
time for set_conductivity = 0.0306711 s
time for set_conductivity = 0.0200279 s
lorentzian susceptibility: frequency=16.365, gamma=1.95106
lorentzian susceptibility: frequency=7.32593, gamma=0.738804
lorentzian susceptibility: frequency=6.60165, gamma=0.052426
lorentzian susceptibility: frequency=3.61417, gamma=0.364563
lorentzian susceptibility: frequency=0.658148, gamma=3.13427
drude susceptibility: frequency=1e-10, gamma=0.0387146
-----------
on time step 133 (time=0.665), 0.0301703 s/step
on time step 301 (time=1.505), 0.0239525 s/step
on time step 471 (time=2.355), 0.0236093 s/step
on time step 642 (time=3.21), 0.0235145 s/step
on time step 811 (time=4.055), 0.0237036 s/step
on time step 979 (time=4.895), 0.0238495 s/step
field decay(t = 5.005): 0.7112732048901149 / 0.7112732048901149 = 1.0
on time step 1149 (time=5.745), 0.0236687 s/step
on time step 1313 (time=6.565), 0.0244262 s/step
on time step 1481 (time=7.405), 0.0238707 s/step
on time step 1651 (time=8.255), 0.0235423 s/step
on time step 1823 (time=9.115), 0.0232807 s/step
on time step 1993 (time=9.965), 0.0235837 s/step
field decay(t = 10.01): 1.773559437365141 / 1.773559437365141 = 1.0
on time step 2163 (time=10.815), 0.0236166 s/step
on time step 2331 (time=11.655), 0.0238385 s/step
on time step 2498 (time=12.49), 0.0239903 s/step
on time step 2669 (time=13.345), 0.0234657 s/step
on time step 2838 (time=14.19), 0.0237031 s/step
field decay(t = 15.015): 0.2736613285595522 / 1.773559437365141 = 0.1543006243794753
on time step 3008 (time=15.04), 0.0236269 s/step
on time step 3178 (time=15.89), 0.0235697 s/step
on time step 3348 (time=16.74), 0.02357 s/step
on time step 3517 (time=17.585), 0.0236735 s/step
on time step 3687 (time=18.435), 0.0236075 s/step
on time step 3856 (time=19.28), 0.0236888 s/step
field decay(t = 20.02): 0.01703580056384274 / 1.773559437365141 = 0.009605429739164362
on time step 4026 (time=20.13), 0.0236496 s/step
on time step 4196 (time=20.98), 0.0238062 s/step
on time step 4351 (time=21.755), 0.0258642 s/step
on time step 4519 (time=22.595), 0.0239297 s/step
on time step 4676 (time=23.38), 0.0255005 s/step
on time step 4846 (time=24.23), 0.0236143 s/step
field decay(t = 25.025000000000002): 0.0009345083387083308 / 1.773559437365141 = 0.0005269112041131632
on time step 5013 (time=25.065), 0.0239667 s/step
on time step 5184 (time=25.92), 0.0234641 s/step
on time step 5353 (time=26.765), 0.0236745 s/step
on time step 5522 (time=27.61), 0.0237406 s/step
on time step 5691 (time=28.455), 0.0237046 s/step
on time step 5861 (time=29.305), 0.0236135 s/step
field decay(t = 30.03): 5.8856447635206246e-05 / 1.773559437365141 = 3.318549488403126e-05
on time step 6031 (time=30.155), 0.0235405 s/step
on time step 6199 (time=30.995), 0.0238469 s/step
on time step 6368 (time=31.84), 0.0237914 s/step
on time step 6537 (time=32.685), 0.0237809 s/step
on time step 6707 (time=33.535), 0.0236288 s/step
on time step 6875 (time=34.375), 0.023812 s/step
field decay(t = 35.035000000000004): 3.1939914153257995e-06 / 1.773559437365141 = 1.80089336056924e-06
on time step 7044 (time=35.22), 0.0236922 s/step
on time step 7213 (time=36.065), 0.0237708 s/step
on time step 7382 (time=36.91), 0.0236829 s/step
on time step 7551 (time=37.755), 0.0237777 s/step
on time step 7717 (time=38.585), 0.0241291 s/step
on time step 7884 (time=39.42), 0.023972 s/step
field decay(t = 40.04): 2.0441527903949357e-07 / 1.773559437365141 = 1.152570783549153e-07
run 0 finished at t = 40.04 (8008 timesteps)
Transmission at f = 1.6666666666666667 (lambda = 600 nm): 0.015626063522512144
l1 = 0.1593681541691827, l2 = 0.3010638647712591
-----------
Initializing structure...
time for choose_chunkdivision = 1.00136e-05 s
Working in 3D dimensions.
Computational cell is 0.5 x 0.5 x 1.5 with resolution 100
time for set_epsilon = 0.502614 s
time for set_conductivity = 0.010546 s
time for set_conductivity = 0.010674 s
time for set_conductivity = 0.0103989 s
time for set_conductivity = 0.0112879 s
time for set_conductivity = 0.013005 s
time for set_conductivity = 0.012969 s
-----------
on time step 674 (time=3.37), 0.00593601 s/step
field decay(t = 5.005): 0.22967502551788954 / 0.22967502551788954 = 1.0
on time step 1364 (time=6.82), 0.00579955 s/step
field decay(t = 10.01): 0.2504808233534304 / 0.2504808233534304 = 1.0
on time step 2063 (time=10.315), 0.00572345 s/step
on time step 2760 (time=13.8), 0.00574183 s/step
field decay(t = 15.015): 4.890956457152761e-11 / 0.2504808233534304 = 1.9526271080048243e-10
run 0 finished at t = 15.015 (3003 timesteps)
-----------
Initializing structure...
time for choose_chunkdivision = 1.3113e-05 s
Working in 3D dimensions.
Computational cell is 0.5 x 0.5 x 1.5 with resolution 100
     block, center = (0,0,0)
          size (1e+20,1e+20,0.2)
          axes (1,0,0), (0,1,0), (0,0,1)
          dielectric constant epsilon diagonal = (1,1,1)
     block, center = (0,0,0)
          size (0.0806039,0.150244,0.2)
          axes (1,0,0), (0,1,0), (0,0,1)
          dielectric constant epsilon diagonal = (1,1,1)
time for set_epsilon = 1.03238 s
time for set_conductivity = 0.0250821 s
time for set_conductivity = 0.020864 s
time for set_conductivity = 0.020149 s
time for set_conductivity = 0.0200601 s
time for set_conductivity = 0.020664 s
time for set_conductivity = 0.0329731 s
lorentzian susceptibility: frequency=16.365, gamma=1.95106
lorentzian susceptibility: frequency=7.32593, gamma=0.738804
lorentzian susceptibility: frequency=6.60165, gamma=0.052426
lorentzian susceptibility: frequency=3.61417, gamma=0.364563
lorentzian susceptibility: frequency=0.658148, gamma=3.13427
drude susceptibility: frequency=1e-10, gamma=0.0387146
-----------
on time step 156 (time=0.78), 0.0257096 s/step
on time step 320 (time=1.6), 0.0244879 s/step
on time step 487 (time=2.435), 0.0239547 s/step
on time step 654 (time=3.27), 0.0240459 s/step
on time step 818 (time=4.09), 0.0244783 s/step
on time step 984 (time=4.92), 0.0241307 s/step
field decay(t = 5.005): 1.111657252617529 / 1.111657252617529 = 1.0
on time step 1150 (time=5.75), 0.024203 s/step
on time step 1317 (time=6.585), 0.0239687 s/step
on time step 1483 (time=7.415), 0.0241508 s/step
on time step 1650 (time=8.25), 0.0239817 s/step
on time step 1818 (time=9.09), 0.0238745 s/step
on time step 1985 (time=9.925), 0.02404 s/step
field decay(t = 10.01): 3.062025660092323 / 3.062025660092323 = 1.0
on time step 2151 (time=10.755), 0.024189 s/step
on time step 2318 (time=11.59), 0.0240365 s/step
on time step 2486 (time=12.43), 0.023901 s/step
on time step 2652 (time=13.26), 0.0241574 s/step
on time step 2818 (time=14.09), 0.0241583 s/step
on time step 2985 (time=14.925), 0.0239837 s/step
field decay(t = 15.015): 0.5812671746961346 / 3.062025660092323 = 0.18983092867961432
on time step 3152 (time=15.76), 0.0240272 s/step
on time step 3309 (time=16.545), 0.0255903 s/step
on time step 3476 (time=17.38), 0.023976 s/step
on time step 3643 (time=18.215), 0.0240134 s/step
on time step 3809 (time=19.045), 0.0241607 s/step
on time step 3975 (time=19.875), 0.0242263 s/step
field decay(t = 20.02): 0.030909442509944506 / 3.062025660092323 = 0.010094442679821488
on time step 4140 (time=20.7), 0.0243394 s/step
on time step 4308 (time=21.54), 0.0239207 s/step
on time step 4475 (time=22.375), 0.0240143 s/step
on time step 4641 (time=23.205), 0.0242021 s/step
on time step 4808 (time=24.04), 0.0239638 s/step
on time step 4973 (time=24.865), 0.0242692 s/step
field decay(t = 25.025000000000002): 0.0018484161573302936 / 3.062025660092323 = 0.0006036579580050163
on time step 5139 (time=25.695), 0.024166 s/step
on time step 5307 (time=26.535), 0.0238961 s/step
on time step 5473 (time=27.365), 0.0241134 s/step
on time step 5639 (time=28.195), 0.0241574 s/step
on time step 5805 (time=29.025), 0.0241591 s/step
on time step 5970 (time=29.85), 0.0242655 s/step
field decay(t = 30.03): 9.377103391812456e-05 / 3.062025660092323 = 3.062385633806128e-05
on time step 6138 (time=30.69), 0.0239028 s/step
on time step 6305 (time=31.525), 0.0239722 s/step
on time step 6472 (time=32.36), 0.0240285 s/step
on time step 6640 (time=33.2), 0.0239141 s/step
on time step 6808 (time=34.04), 0.0238531 s/step
on time step 6975 (time=34.875), 0.0240859 s/step
field decay(t = 35.035000000000004): 5.642191086366536e-06 / 3.062025660092323 = 1.8426335088898042e-06
on time step 7143 (time=35.715), 0.0238597 s/step
on time step 7309 (time=36.545), 0.024099 s/step
on time step 7478 (time=37.39), 0.0236913 s/step
on time step 7644 (time=38.22), 0.0242128 s/step
on time step 7812 (time=39.06), 0.0239054 s/step
on time step 7979 (time=39.895), 0.0240187 s/step
field decay(t = 40.04): 3.337210659986645e-07 / 3.062025660092323 = 1.0898702461840326e-07
run 0 finished at t = 40.04 (8008 timesteps)
Transmission at f = 1.6666666666666667 (lambda = 600 nm): 0.19052917122522633
l1 = 0.1612078743910422, l2 = 0.30048717421050314
-----------
Initializing structure...
time for choose_chunkdivision = 8.82149e-06 s
Working in 3D dimensions.
Computational cell is 0.5 x 0.5 x 1.5 with resolution 100
time for set_epsilon = 0.521368 s
time for set_conductivity = 0.011353 s
time for set_conductivity = 0.011317 s
time for set_conductivity = 0.0115011 s
time for set_conductivity = 0.011462 s
time for set_conductivity = 0.0119421 s
time for set_conductivity = 0.0125332 s
-----------
on time step 678 (time=3.39), 0.00590106 s/step
field decay(t = 5.005): 0.22967502551788954 / 0.22967502551788954 = 1.0
on time step 1371 (time=6.855), 0.0057762 s/step
field decay(t = 10.01): 0.2504808233534304 / 0.2504808233534304 = 1.0
on time step 2063 (time=10.315), 0.00578492 s/step
on time step 2757 (time=13.785), 0.00576575 s/step
field decay(t = 15.015): 4.890956457152761e-11 / 0.2504808233534304 = 1.9526271080048243e-10
run 0 finished at t = 15.015 (3003 timesteps)
-----------
Initializing structure...
time for choose_chunkdivision = 1.3113e-05 s
Working in 3D dimensions.
Computational cell is 0.5 x 0.5 x 1.5 with resolution 100
     block, center = (0,0,0)
          size (1e+20,1e+20,0.2)
          axes (1,0,0), (0,1,0), (0,0,1)
          dielectric constant epsilon diagonal = (1,1,1)
     block, center = (0,0,0)
          size (0.0804049,0.150021,0.2)
          axes (1,0,0), (0,1,0), (0,0,1)
          dielectric constant epsilon diagonal = (1,1,1)
time for set_epsilon = 1.00379 s
time for set_conductivity = 0.028723 s
time for set_conductivity = 0.0311451 s
time for set_conductivity = 0.02071 s
time for set_conductivity = 0.0208788 s
time for set_conductivity = 0.020736 s
time for set_conductivity = 0.0206249 s
lorentzian susceptibility: frequency=16.365, gamma=1.95106
lorentzian susceptibility: frequency=7.32593, gamma=0.738804
lorentzian susceptibility: frequency=6.60165, gamma=0.052426
lorentzian susceptibility: frequency=3.61417, gamma=0.364563
lorentzian susceptibility: frequency=0.658148, gamma=3.13427
drude susceptibility: frequency=1e-10, gamma=0.0387146
-----------
on time step 155 (time=0.775), 0.0259362 s/step
on time step 322 (time=1.61), 0.0240838 s/step
on time step 489 (time=2.445), 0.023976 s/step
on time step 655 (time=3.275), 0.0241532 s/step
on time step 821 (time=4.105), 0.0241788 s/step
on time step 987 (time=4.935), 0.0241618 s/step
field decay(t = 5.005): 1.111657252617529 / 1.111657252617529 = 1.0
on time step 1154 (time=5.77), 0.0240327 s/step
on time step 1321 (time=6.605), 0.0240243 s/step
on time step 1488 (time=7.44), 0.0240274 s/step
on time step 1655 (time=8.275), 0.0240365 s/step
on time step 1820 (time=9.1), 0.0243213 s/step
on time step 1986 (time=9.93), 0.0241004 s/step
field decay(t = 10.01): 3.062025660092323 / 3.062025660092323 = 1.0
on time step 2151 (time=10.755), 0.0243109 s/step
on time step 2317 (time=11.585), 0.0242349 s/step
on time step 2483 (time=12.415), 0.0242528 s/step
on time step 2645 (time=13.225), 0.0247409 s/step
on time step 2809 (time=14.045), 0.0244084 s/step
on time step 2973 (time=14.865), 0.024437 s/step
field decay(t = 15.015): 0.5812671746961346 / 3.062025660092323 = 0.18983092867961432
on time step 3139 (time=15.695), 0.0241219 s/step
on time step 3306 (time=16.53), 0.0240705 s/step
on time step 3472 (time=17.36), 0.0242055 s/step
on time step 3638 (time=18.19), 0.0241272 s/step
on time step 3803 (time=19.015), 0.0243254 s/step
on time step 3969 (time=19.845), 0.0241689 s/step
field decay(t = 20.02): 0.030909442509944506 / 3.062025660092323 = 0.010094442679821488
on time step 4136 (time=20.68), 0.0240399 s/step
on time step 4303 (time=21.515), 0.0239695 s/step
on time step 4469 (time=22.345), 0.0241713 s/step
on time step 4636 (time=23.18), 0.0240109 s/step
on time step 4801 (time=24.005), 0.0242929 s/step
on time step 4967 (time=24.835), 0.0242704 s/step
field decay(t = 25.025000000000002): 0.0018484161573302936 / 3.062025660092323 = 0.0006036579580050163
on time step 5131 (time=25.655), 0.0244503 s/step
on time step 5299 (time=26.495), 0.0239154 s/step
on time step 5466 (time=27.33), 0.0240065 s/step
on time step 5632 (time=28.16), 0.0241881 s/step
on time step 5800 (time=29), 0.0239233 s/step
on time step 5966 (time=29.83), 0.0241474 s/step
field decay(t = 30.03): 9.377103391812456e-05 / 3.062025660092323 = 3.062385633806128e-05
on time step 6131 (time=30.655), 0.0243718 s/step
on time step 6296 (time=31.48), 0.0243598 s/step
on time step 6463 (time=32.315), 0.024027 s/step
on time step 6628 (time=33.14), 0.0243222 s/step
on time step 6795 (time=33.975), 0.0239796 s/step
on time step 6961 (time=34.805), 0.0241997 s/step
field decay(t = 35.035000000000004): 5.642191086366536e-06 / 3.062025660092323 = 1.8426335088898042e-06
on time step 7126 (time=35.63), 0.0243425 s/step
on time step 7293 (time=36.465), 0.0240188 s/step
on time step 7459 (time=37.295), 0.0242038 s/step
on time step 7624 (time=38.12), 0.0243784 s/step
on time step 7791 (time=38.955), 0.0240523 s/step
on time step 7957 (time=39.785), 0.0241031 s/step
field decay(t = 40.04): 3.337210659986645e-07 / 3.062025660092323 = 1.0898702461840326e-07
run 0 finished at t = 40.04 (8008 timesteps)
Transmission at f = 1.6666666666666667 (lambda = 600 nm): 0.19052917122522633
l1 = 0.16080978581692135, l2 = 0.30004267386292105
Iteration: l1=0.160810, l2=0.300043, fom=-1.563340e-01
-----------
Initializing structure...
time for choose_chunkdivision = 1.00136e-05 s
Working in 3D dimensions.
Computational cell is 0.5 x 0.5 x 1.5 with resolution 100
time for set_epsilon = 0.518697 s
time for set_conductivity = 0.0108361 s
time for set_conductivity = 0.0109289 s
time for set_conductivity = 0.0106919 s
time for set_conductivity = 0.0108511 s
time for set_conductivity = 0.010834 s
time for set_conductivity = 0.01072 s
-----------
on time step 676 (time=3.38), 0.00591831 s/step
field decay(t = 5.005): 0.22967502551788954 / 0.22967502551788954 = 1.0
on time step 1375 (time=6.875), 0.00572688 s/step
field decay(t = 10.01): 0.2504808233534304 / 0.2504808233534304 = 1.0
on time step 2041 (time=10.205), 0.00601116 s/step
on time step 2730 (time=13.65), 0.00581425 s/step
field decay(t = 15.015): 4.890956457152761e-11 / 0.2504808233534304 = 1.9526271080048243e-10
run 0 finished at t = 15.015 (3003 timesteps)
-----------
Initializing structure...
time for choose_chunkdivision = 1.40667e-05 s
Working in 3D dimensions.
Computational cell is 0.5 x 0.5 x 1.5 with resolution 100
     block, center = (0,0,0)
          size (1e+20,1e+20,0.2)
          axes (1,0,0), (0,1,0), (0,0,1)
          dielectric constant epsilon diagonal = (1,1,1)
     block, center = (0,0,0)
          size (0.0799907,0.150436,0.2)
          axes (1,0,0), (0,1,0), (0,0,1)
          dielectric constant epsilon diagonal = (1,1,1)
time for set_epsilon = 1.00377 s
time for set_conductivity = 0.0206811 s
time for set_conductivity = 0.020695 s
time for set_conductivity = 0.020571 s
time for set_conductivity = 0.0206859 s
time for set_conductivity = 0.020896 s
time for set_conductivity = 0.0220242 s
lorentzian susceptibility: frequency=16.365, gamma=1.95106
lorentzian susceptibility: frequency=7.32593, gamma=0.738804
lorentzian susceptibility: frequency=6.60165, gamma=0.052426
lorentzian susceptibility: frequency=3.61417, gamma=0.364563
lorentzian susceptibility: frequency=0.658148, gamma=3.13427
drude susceptibility: frequency=1e-10, gamma=0.0387146
-----------
on time step 157 (time=0.785), 0.0255923 s/step
on time step 324 (time=1.62), 0.0239543 s/step
on time step 490 (time=2.45), 0.02415 s/step
on time step 656 (time=3.28), 0.0241471 s/step
on time step 824 (time=4.12), 0.0238375 s/step
on time step 990 (time=4.95), 0.0241483 s/step
field decay(t = 5.005): 0.7112732048901149 / 0.7112732048901149 = 1.0
on time step 1156 (time=5.78), 0.0241417 s/step
on time step 1317 (time=6.585), 0.0249359 s/step
on time step 1484 (time=7.42), 0.0239598 s/step
on time step 1649 (time=8.245), 0.0243081 s/step
on time step 1814 (time=9.07), 0.024248 s/step
on time step 1982 (time=9.91), 0.0239242 s/step
field decay(t = 10.01): 1.773559437365141 / 1.773559437365141 = 1.0
on time step 2148 (time=10.74), 0.0242226 s/step
on time step 2315 (time=11.575), 0.0239741 s/step
on time step 2481 (time=12.405), 0.024114 s/step
on time step 2647 (time=13.235), 0.0241317 s/step
on time step 2815 (time=14.075), 0.0239054 s/step
on time step 2982 (time=14.91), 0.0240796 s/step
field decay(t = 15.015): 0.2736613285595522 / 1.773559437365141 = 0.1543006243794753
on time step 3148 (time=15.74), 0.024157 s/step
on time step 3314 (time=16.57), 0.0241258 s/step
on time step 3479 (time=17.395), 0.0243572 s/step
on time step 3646 (time=18.23), 0.024059 s/step
on time step 3810 (time=19.05), 0.0244527 s/step
on time step 3977 (time=19.885), 0.024031 s/step
field decay(t = 20.02): 0.01703580056384274 / 1.773559437365141 = 0.009605429739164362
on time step 4139 (time=20.695), 0.0248125 s/step
on time step 4276 (time=21.38), 0.0294927 s/step
on time step 4399 (time=21.995), 0.0326154 s/step
on time step 4555 (time=22.775), 0.0257388 s/step
on time step 4722 (time=23.61), 0.0240016 s/step
on time step 4890 (time=24.45), 0.0238593 s/step
field decay(t = 25.025000000000002): 0.0009345083387083308 / 1.773559437365141 = 0.0005269112041131632
on time step 5057 (time=25.285), 0.0240314 s/step
on time step 5225 (time=26.125), 0.0238983 s/step
on time step 5390 (time=26.95), 0.0243686 s/step
on time step 5555 (time=27.775), 0.0242747 s/step
on time step 5723 (time=28.615), 0.0239204 s/step
on time step 5889 (time=29.445), 0.0241802 s/step
field decay(t = 30.03): 5.8856447635206246e-05 / 1.773559437365141 = 3.318549488403126e-05
on time step 6053 (time=30.265), 0.024404 s/step
on time step 6220 (time=31.1), 0.024002 s/step
on time step 6388 (time=31.94), 0.0239321 s/step
on time step 6553 (time=32.765), 0.0243718 s/step
on time step 6720 (time=33.6), 0.0241076 s/step
on time step 6888 (time=34.44), 0.0239536 s/step
field decay(t = 35.035000000000004): 3.1939914153257995e-06 / 1.773559437365141 = 1.80089336056924e-06
on time step 7053 (time=35.265), 0.0243361 s/step
on time step 7222 (time=36.11), 0.0237949 s/step
on time step 7386 (time=36.93), 0.0244019 s/step
on time step 7555 (time=37.775), 0.0237472 s/step
on time step 7720 (time=38.6), 0.024348 s/step
on time step 7885 (time=39.425), 0.0243361 s/step
field decay(t = 40.04): 2.0441527903949357e-07 / 1.773559437365141 = 1.152570783549153e-07
run 0 finished at t = 40.04 (8008 timesteps)
Transmission at f = 1.6666666666666667 (lambda = 600 nm): 0.015626063522512144
l1 = 0.15998139424313587, l2 = 0.30087163458434046
-----------
Initializing structure...
time for choose_chunkdivision = 8.10623e-06 s
Working in 3D dimensions.
Computational cell is 0.5 x 0.5 x 1.5 with resolution 100
time for set_epsilon = 0.535924 s
time for set_conductivity = 0.0107849 s
time for set_conductivity = 0.0109191 s
time for set_conductivity = 0.010747 s
time for set_conductivity = 0.012984 s
time for set_conductivity = 0.01335 s
time for set_conductivity = 0.0128639 s
-----------
on time step 687 (time=3.435), 0.00582443 s/step
field decay(t = 5.005): 0.22967502551788954 / 0.22967502551788954 = 1.0
on time step 1388 (time=6.94), 0.00571054 s/step
field decay(t = 10.01): 0.2504808233534304 / 0.2504808233534304 = 1.0
on time step 2069 (time=10.345), 0.00587684 s/step
on time step 2763 (time=13.815), 0.00576557 s/step
field decay(t = 15.015): 4.890956457152761e-11 / 0.2504808233534304 = 1.9526271080048243e-10
run 0 finished at t = 15.015 (3003 timesteps)
-----------
Initializing structure...
time for choose_chunkdivision = 1.50204e-05 s
Working in 3D dimensions.
Computational cell is 0.5 x 0.5 x 1.5 with resolution 100
     block, center = (0,0,0)
          size (1e+20,1e+20,0.2)
          axes (1,0,0), (0,1,0), (0,0,1)
          dielectric constant epsilon diagonal = (1,1,1)
     block, center = (0,0,0)
          size (0.0804506,0.150292,0.2)
          axes (1,0,0), (0,1,0), (0,0,1)
          dielectric constant epsilon diagonal = (1,1,1)
time for set_epsilon = 1.02205 s
time for set_conductivity = 0.02073 s
time for set_conductivity = 0.0205419 s
time for set_conductivity = 0.0285091 s
time for set_conductivity = 0.020555 s
time for set_conductivity = 0.0215459 s
time for set_conductivity = 0.023325 s
lorentzian susceptibility: frequency=16.365, gamma=1.95106
lorentzian susceptibility: frequency=7.32593, gamma=0.738804
lorentzian susceptibility: frequency=6.60165, gamma=0.052426
lorentzian susceptibility: frequency=3.61417, gamma=0.364563
lorentzian susceptibility: frequency=0.658148, gamma=3.13427
drude susceptibility: frequency=1e-10, gamma=0.0387146
-----------
on time step 152 (time=0.76), 0.0264578 s/step
on time step 312 (time=1.56), 0.0250239 s/step
on time step 469 (time=2.345), 0.0255481 s/step
on time step 628 (time=3.14), 0.0252049 s/step
on time step 784 (time=3.92), 0.0257227 s/step
on time step 938 (time=4.69), 0.0260226 s/step
field decay(t = 5.005): 1.111657252617529 / 1.111657252617529 = 1.0
on time step 1094 (time=5.47), 0.0257103 s/step
on time step 1251 (time=6.255), 0.0254902 s/step
on time step 1404 (time=7.02), 0.026169 s/step
on time step 1560 (time=7.8), 0.025738 s/step
on time step 1714 (time=8.57), 0.0259939 s/step
on time step 1867 (time=9.335), 0.0262512 s/step
field decay(t = 10.01): 3.062025660092323 / 3.062025660092323 = 1.0
on time step 2023 (time=10.115), 0.025689 s/step
on time step 2172 (time=10.86), 0.0268494 s/step
on time step 2318 (time=11.59), 0.0275076 s/step
on time step 2471 (time=12.355), 0.0262795 s/step
on time step 2625 (time=13.125), 0.0261348 s/step
on time step 2775 (time=13.875), 0.0268717 s/step
on time step 2927 (time=14.635), 0.0264297 s/step
field decay(t = 15.015): 0.5812671746961346 / 3.062025660092323 = 0.18983092867961432
on time step 3078 (time=15.39), 0.026542 s/step
on time step 3231 (time=16.155), 0.0262449 s/step
on time step 3383 (time=16.915), 0.0264585 s/step
on time step 3537 (time=17.685), 0.0260859 s/step
on time step 3688 (time=18.44), 0.026531 s/step
on time step 3842 (time=19.21), 0.026018 s/step
on time step 3991 (time=19.955), 0.026914 s/step
field decay(t = 20.02): 0.030909442509944506 / 3.062025660092323 = 0.010094442679821488
on time step 4143 (time=20.715), 0.0263515 s/step
on time step 4294 (time=21.47), 0.0265964 s/step
on time step 4448 (time=22.24), 0.0260572 s/step
on time step 4599 (time=22.995), 0.0266184 s/step
on time step 4754 (time=23.77), 0.0258428 s/step
on time step 4907 (time=24.535), 0.0262406 s/step
field decay(t = 25.025000000000002): 0.0018484161573302936 / 3.062025660092323 = 0.0006036579580050163
on time step 5059 (time=25.295), 0.0264372 s/step
on time step 5212 (time=26.06), 0.0261627 s/step
on time step 5366 (time=26.83), 0.0261513 s/step
on time step 5517 (time=27.585), 0.0266488 s/step
on time step 5672 (time=28.36), 0.0259754 s/step
on time step 5806 (time=29.03), 0.0299516 s/step
on time step 5932 (time=29.66), 0.0317767 s/step
field decay(t = 30.03): 9.377103391812456e-05 / 3.062025660092323 = 3.062385633806128e-05
on time step 6081 (time=30.405), 0.0269286 s/step
on time step 6218 (time=31.09), 0.0293815 s/step
on time step 6365 (time=31.825), 0.0273737 s/step
on time step 6510 (time=32.55), 0.0277479 s/step
on time step 6656 (time=33.28), 0.02757 s/step
on time step 6803 (time=34.015), 0.027226 s/step
on time step 6949 (time=34.745), 0.0274921 s/step
field decay(t = 35.035000000000004): 5.642191086366536e-06 / 3.062025660092323 = 1.8426335088898042e-06
on time step 7095 (time=35.475), 0.0274088 s/step
on time step 7239 (time=36.195), 0.0278069 s/step
on time step 7385 (time=36.925), 0.0274765 s/step
on time step 7531 (time=37.655), 0.0274148 s/step
on time step 7678 (time=38.39), 0.0273129 s/step
on time step 7824 (time=39.12), 0.0274832 s/step
on time step 7969 (time=39.845), 0.027715 s/step
field decay(t = 40.04): 3.337210659986645e-07 / 3.062025660092323 = 1.0898702461840326e-07
run 0 finished at t = 40.04 (8008 timesteps)
Transmission at f = 1.6666666666666667 (lambda = 600 nm): 0.19052917122522633
l1 = 0.1609012543540656, l2 = 0.3005832893039625
-----------
Initializing structure...
time for choose_chunkdivision = 1.00136e-05 s
Working in 3D dimensions.
Computational cell is 0.5 x 0.5 x 1.5 with resolution 100
time for set_epsilon = 0.648563 s
time for set_conductivity = 0.013149 s
time for set_conductivity = 0.0140228 s
time for set_conductivity = 0.0150449 s
time for set_conductivity = 0.020715 s
time for set_conductivity = 0.0190861 s
time for set_conductivity = 0.0181439 s
-----------
on time step 589 (time=2.945), 0.00679491 s/step
field decay(t = 5.005): 0.22967502551788954 / 0.22967502551788954 = 1.0
on time step 1189 (time=5.945), 0.00666978 s/step
on time step 1798 (time=8.99), 0.00657631 s/step
field decay(t = 10.01): 0.2504808233534304 / 0.2504808233534304 = 1.0
on time step 2398 (time=11.99), 0.00667297 s/step
on time step 2996 (time=14.98), 0.00668936 s/step
field decay(t = 15.015): 4.890956457152761e-11 / 0.2504808233534304 = 1.9526271080048243e-10
run 0 finished at t = 15.015 (3003 timesteps)
-----------
Initializing structure...
time for choose_chunkdivision = 1.69277e-05 s
Working in 3D dimensions.
Computational cell is 0.5 x 0.5 x 1.5 with resolution 100
     block, center = (0,0,0)
          size (1e+20,1e+20,0.2)
          axes (1,0,0), (0,1,0), (0,0,1)
          dielectric constant epsilon diagonal = (1,1,1)
     block, center = (0,0,0)
          size (0.0804049,0.150021,0.2)
          axes (1,0,0), (0,1,0), (0,0,1)
          dielectric constant epsilon diagonal = (1,1,1)
time for set_epsilon = 1.25666 s
time for set_conductivity = 0.023531 s
time for set_conductivity = 0.023375 s
time for set_conductivity = 0.023402 s
time for set_conductivity = 0.0220029 s
time for set_conductivity = 0.022155 s
time for set_conductivity = 0.02264 s
lorentzian susceptibility: frequency=16.365, gamma=1.95106
lorentzian susceptibility: frequency=7.32593, gamma=0.738804
lorentzian susceptibility: frequency=6.60165, gamma=0.052426
lorentzian susceptibility: frequency=3.61417, gamma=0.364563
lorentzian susceptibility: frequency=0.658148, gamma=3.13427
drude susceptibility: frequency=1e-10, gamma=0.0387146
-----------
on time step 131 (time=0.655), 0.0306898 s/step
on time step 277 (time=1.385), 0.0274811 s/step
on time step 425 (time=2.125), 0.0271937 s/step
on time step 574 (time=2.87), 0.0269811 s/step
on time step 719 (time=3.595), 0.0275985 s/step
on time step 866 (time=4.33), 0.0273199 s/step
field decay(t = 5.005): 1.111657252617529 / 1.111657252617529 = 1.0
on time step 1012 (time=5.06), 0.0274153 s/step
on time step 1157 (time=5.785), 0.0276216 s/step
on time step 1304 (time=6.52), 0.0272547 s/step
on time step 1452 (time=7.26), 0.0270471 s/step
on time step 1598 (time=7.99), 0.0274164 s/step
on time step 1744 (time=8.72), 0.0275406 s/step
on time step 1893 (time=9.465), 0.0269732 s/step
field decay(t = 10.01): 3.062025660092323 / 3.062025660092323 = 1.0
on time step 2040 (time=10.2), 0.0272748 s/step
on time step 2186 (time=10.93), 0.0275003 s/step
on time step 2335 (time=11.675), 0.0268971 s/step
on time step 2483 (time=12.415), 0.0271306 s/step
on time step 2630 (time=13.15), 0.0273204 s/step
on time step 2780 (time=13.9), 0.0267525 s/step
on time step 2914 (time=14.57), 0.0299822 s/step
field decay(t = 15.015): 0.5812671746961346 / 3.062025660092323 = 0.18983092867961432
on time step 3061 (time=15.305), 0.0272442 s/step
on time step 3209 (time=16.045), 0.0270841 s/step
on time step 3356 (time=16.78), 0.0273502 s/step
on time step 3503 (time=17.515), 0.0273529 s/step
on time step 3652 (time=18.26), 0.0268653 s/step
on time step 3797 (time=18.985), 0.0275987 s/step
on time step 3947 (time=19.735), 0.0268338 s/step
field decay(t = 20.02): 0.030909442509944506 / 3.062025660092323 = 0.010094442679821488
on time step 4093 (time=20.465), 0.027505 s/step
on time step 4242 (time=21.21), 0.027017 s/step
on time step 4386 (time=21.93), 0.0278397 s/step
on time step 4534 (time=22.67), 0.0270526 s/step
on time step 4681 (time=23.405), 0.027302 s/step
on time step 4828 (time=24.14), 0.027382 s/step
on time step 4973 (time=24.865), 0.0277137 s/step
field decay(t = 25.025000000000002): 0.0018484161573302936 / 3.062025660092323 = 0.0006036579580050163
on time step 5114 (time=25.57), 0.028512 s/step
on time step 5258 (time=26.29), 0.02779 s/step
on time step 5405 (time=27.025), 0.027268 s/step
on time step 5552 (time=27.76), 0.02722 s/step
on time step 5699 (time=28.495), 0.0272859 s/step
on time step 5848 (time=29.24), 0.027008 s/step
on time step 5994 (time=29.97), 0.0274779 s/step
field decay(t = 30.03): 9.377103391812456e-05 / 3.062025660092323 = 3.062385633806128e-05
on time step 6142 (time=30.71), 0.0271397 s/step
on time step 6289 (time=31.445), 0.0273542 s/step
on time step 6436 (time=32.18), 0.0272446 s/step
on time step 6583 (time=32.915), 0.0273486 s/step
on time step 6732 (time=33.66), 0.0268545 s/step
on time step 6879 (time=34.395), 0.0273891 s/step
field decay(t = 35.035000000000004): 5.642191086366536e-06 / 3.062025660092323 = 1.8426335088898042e-06
on time step 7027 (time=35.135), 0.0271096 s/step
on time step 7174 (time=35.87), 0.0272226 s/step
on time step 7319 (time=36.595), 0.0276526 s/step
on time step 7466 (time=37.33), 0.027237 s/step
on time step 7614 (time=38.07), 0.0270944 s/step
on time step 7761 (time=38.805), 0.0273409 s/step
on time step 7909 (time=39.545), 0.0271529 s/step
field decay(t = 40.04): 3.337210659986645e-07 / 3.062025660092323 = 1.0898702461840326e-07
run 0 finished at t = 40.04 (8008 timesteps)
Transmission at f = 1.6666666666666667 (lambda = 600 nm): 0.19052917122522633
l1 = 0.16080978581692135, l2 = 0.30004267386292105
Iteration: l1=0.160810, l2=0.300043, fom=-1.563340e-01
-----------
Initializing structure...
time for choose_chunkdivision = 1.09673e-05 s
Working in 3D dimensions.
Computational cell is 0.5 x 0.5 x 1.5 with resolution 100
time for set_epsilon = 0.674892 s
time for set_conductivity = 0.0144892 s
time for set_conductivity = 0.0140541 s
time for set_conductivity = 0.013968 s
time for set_conductivity = 0.013917 s
time for set_conductivity = 0.0139489 s
time for set_conductivity = 0.013839 s
-----------
on time step 606 (time=3.03), 0.00660855 s/step
field decay(t = 5.005): 0.22967502551788954 / 0.22967502551788954 = 1.0
on time step 1225 (time=6.125), 0.00646813 s/step
on time step 1833 (time=9.165), 0.00658807 s/step
field decay(t = 10.01): 0.2504808233534304 / 0.2504808233534304 = 1.0
on time step 2438 (time=12.19), 0.00661163 s/step
field decay(t = 15.015): 4.890956457152761e-11 / 0.2504808233534304 = 1.9526271080048243e-10
run 0 finished at t = 15.015 (3003 timesteps)
-----------
Initializing structure...
time for choose_chunkdivision = 1.5974e-05 s
Working in 3D dimensions.
Computational cell is 0.5 x 0.5 x 1.5 with resolution 100
     block, center = (0,0,0)
          size (1e+20,1e+20,0.2)
          axes (1,0,0), (0,1,0), (0,0,1)
          dielectric constant epsilon diagonal = (1,1,1)
     block, center = (0,0,0)
          size (0.080144,0.150388,0.2)
          axes (1,0,0), (0,1,0), (0,0,1)
          dielectric constant epsilon diagonal = (1,1,1)
time for set_epsilon = 1.25381 s
time for set_conductivity = 0.023988 s
time for set_conductivity = 0.02387 s
time for set_conductivity = 0.0239401 s
time for set_conductivity = 0.0237451 s
time for set_conductivity = 0.023864 s
time for set_conductivity = 0.0237899 s
lorentzian susceptibility: frequency=16.365, gamma=1.95106
lorentzian susceptibility: frequency=7.32593, gamma=0.738804
lorentzian susceptibility: frequency=6.60165, gamma=0.052426
lorentzian susceptibility: frequency=3.61417, gamma=0.364563
lorentzian susceptibility: frequency=0.658148, gamma=3.13427
drude susceptibility: frequency=1e-10, gamma=0.0387146
-----------
on time step 141 (time=0.705), 0.0284125 s/step
on time step 289 (time=1.445), 0.027196 s/step
on time step 438 (time=2.19), 0.0269609 s/step
on time step 584 (time=2.92), 0.0275312 s/step
on time step 731 (time=3.655), 0.0273042 s/step
on time step 879 (time=4.395), 0.0270362 s/step
field decay(t = 5.005): 1.111657252617529 / 1.111657252617529 = 1.0
on time step 1025 (time=5.125), 0.0274624 s/step
on time step 1172 (time=5.86), 0.0273274 s/step
on time step 1321 (time=6.605), 0.0270082 s/step
on time step 1466 (time=7.33), 0.0276092 s/step
on time step 1615 (time=8.075), 0.0270029 s/step
on time step 1763 (time=8.815), 0.0270795 s/step
on time step 1908 (time=9.54), 0.0276732 s/step
field decay(t = 10.01): 3.062025660092323 / 3.062025660092323 = 1.0
on time step 2056 (time=10.28), 0.0270548 s/step
on time step 2201 (time=11.005), 0.02759 s/step
on time step 2348 (time=11.74), 0.0272171 s/step
on time step 2496 (time=12.48), 0.0271671 s/step
on time step 2644 (time=13.22), 0.0271905 s/step
on time step 2793 (time=13.965), 0.0269995 s/step
on time step 2939 (time=14.695), 0.0274478 s/step
field decay(t = 15.015): 0.5812671746961346 / 3.062025660092323 = 0.18983092867961432
on time step 3087 (time=15.435), 0.0271943 s/step
on time step 3235 (time=16.175), 0.0271854 s/step
on time step 3378 (time=16.89), 0.0281067 s/step
on time step 3519 (time=17.595), 0.0284893 s/step
on time step 3667 (time=18.335), 0.0271803 s/step
on time step 3815 (time=19.075), 0.0271846 s/step
on time step 3963 (time=19.815), 0.0271873 s/step
field decay(t = 20.02): 0.030909442509944506 / 3.062025660092323 = 0.010094442679821488
on time step 4108 (time=20.54), 0.0276542 s/step
on time step 4255 (time=21.275), 0.027337 s/step
on time step 4403 (time=22.015), 0.0270292 s/step
on time step 4550 (time=22.75), 0.0273703 s/step
on time step 4697 (time=23.485), 0.0272316 s/step
on time step 4845 (time=24.225), 0.0271242 s/step
on time step 4991 (time=24.955), 0.0274644 s/step
field decay(t = 25.025000000000002): 0.0018484161573302936 / 3.062025660092323 = 0.0006036579580050163
on time step 5137 (time=25.685), 0.0274631 s/step
on time step 5282 (time=26.41), 0.0276367 s/step
on time step 5430 (time=27.15), 0.027036 s/step
on time step 5575 (time=27.875), 0.0276986 s/step
on time step 5723 (time=28.615), 0.0270809 s/step
on time step 5870 (time=29.35), 0.0273573 s/step
field decay(t = 30.03): 9.377103391812456e-05 / 3.062025660092323 = 3.062385633806128e-05
on time step 6019 (time=30.095), 0.0269985 s/step
on time step 6166 (time=30.83), 0.0272856 s/step
on time step 6311 (time=31.555), 0.0276248 s/step
on time step 6457 (time=32.285), 0.0274094 s/step
on time step 6606 (time=33.03), 0.0269554 s/step
on time step 6754 (time=33.77), 0.027132 s/step
on time step 6902 (time=34.51), 0.0270508 s/step
field decay(t = 35.035000000000004): 5.642191086366536e-06 / 3.062025660092323 = 1.8426335088898042e-06
on time step 7046 (time=35.23), 0.0277813 s/step
on time step 7193 (time=35.965), 0.0272987 s/step
on time step 7342 (time=36.71), 0.0270109 s/step
on time step 7488 (time=37.44), 0.0274809 s/step
on time step 7636 (time=38.18), 0.0270568 s/step
on time step 7783 (time=38.915), 0.027306 s/step
on time step 7931 (time=39.655), 0.0271664 s/step
field decay(t = 40.04): 3.337210659986645e-07 / 3.062025660092323 = 1.0898702461840326e-07
run 0 finished at t = 40.04 (8008 timesteps)
Transmission at f = 1.6666666666666667 (lambda = 600 nm): 0.19052917122522633
l1 = 0.16028801428011247, l2 = 0.3007755194908811
-----------
Initializing structure...
time for choose_chunkdivision = 1.19209e-05 s
Working in 3D dimensions.
Computational cell is 0.5 x 0.5 x 1.5 with resolution 100
time for set_epsilon = 0.693362 s
time for set_conductivity = 0.012877 s
time for set_conductivity = 0.0129852 s
time for set_conductivity = 0.0129318 s
time for set_conductivity = 0.0133529 s
time for set_conductivity = 0.0128601 s
time for set_conductivity = 0.0133121 s
-----------
on time step 609 (time=3.045), 0.00657082 s/step
field decay(t = 5.005): 0.22967502551788954 / 0.22967502551788954 = 1.0
on time step 1220 (time=6.1), 0.0065529 s/step
on time step 1824 (time=9.12), 0.00662331 s/step
field decay(t = 10.01): 0.2504808233534304 / 0.2504808233534304 = 1.0
on time step 2413 (time=12.065), 0.00679252 s/step
field decay(t = 15.015): 4.890956457152761e-11 / 0.2504808233534304 = 1.9526271080048243e-10
run 0 finished at t = 15.015 (3003 timesteps)
-----------
Initializing structure...
time for choose_chunkdivision = 1.62125e-05 s
Working in 3D dimensions.
Computational cell is 0.5 x 0.5 x 1.5 with resolution 100
     block, center = (0,0,0)
          size (1e+20,1e+20,0.2)
          axes (1,0,0), (0,1,0), (0,0,1)
          dielectric constant epsilon diagonal = (1,1,1)
     block, center = (0,0,0)
          size (0.0799907,0.150436,0.2)
          axes (1,0,0), (0,1,0), (0,0,1)
          dielectric constant epsilon diagonal = (1,1,1)
time for set_epsilon = 1.23193 s
time for set_conductivity = 0.0223041 s
time for set_conductivity = 0.0223219 s
time for set_conductivity = 0.023113 s
time for set_conductivity = 0.024915 s
time for set_conductivity = 0.0233302 s
time for set_conductivity = 0.0258989 s
lorentzian susceptibility: frequency=16.365, gamma=1.95106
lorentzian susceptibility: frequency=7.32593, gamma=0.738804
lorentzian susceptibility: frequency=6.60165, gamma=0.052426
lorentzian susceptibility: frequency=3.61417, gamma=0.364563
lorentzian susceptibility: frequency=0.658148, gamma=3.13427
drude susceptibility: frequency=1e-10, gamma=0.0387146
-----------
on time step 136 (time=0.68), 0.0296115 s/step
on time step 282 (time=1.41), 0.0274292 s/step
on time step 429 (time=2.145), 0.0272816 s/step
on time step 575 (time=2.875), 0.02743 s/step
on time step 719 (time=3.595), 0.0280463 s/step
on time step 855 (time=4.275), 0.0295013 s/step
field decay(t = 5.005): 0.7112732048901149 / 0.7112732048901149 = 1.0
on time step 1001 (time=5.005), 0.0274442 s/step
on time step 1149 (time=5.745), 0.0271768 s/step
on time step 1297 (time=6.485), 0.0272149 s/step
on time step 1443 (time=7.215), 0.0275351 s/step
on time step 1591 (time=7.955), 0.0271251 s/step
on time step 1739 (time=8.695), 0.0271078 s/step
on time step 1883 (time=9.415), 0.0278631 s/step
field decay(t = 10.01): 1.773559437365141 / 1.773559437365141 = 1.0
on time step 2029 (time=10.145), 0.0274997 s/step
on time step 2176 (time=10.88), 0.0272881 s/step
on time step 2324 (time=11.62), 0.0272041 s/step
on time step 2471 (time=12.355), 0.0272381 s/step
on time step 2617 (time=13.085), 0.0274326 s/step
on time step 2748 (time=13.74), 0.0306927 s/step
on time step 2864 (time=14.32), 0.0345493 s/step
on time step 2998 (time=14.99), 0.0298599 s/step
field decay(t = 15.015): 0.2736613285595522 / 1.773559437365141 = 0.1543006243794753
on time step 3114 (time=15.57), 0.0346227 s/step
on time step 3268 (time=16.34), 0.026036 s/step
on time step 3429 (time=17.145), 0.0248703 s/step
on time step 3574 (time=17.87), 0.0276805 s/step
on time step 3720 (time=18.6), 0.0274811 s/step
on time step 3873 (time=19.365), 0.0262093 s/step
on time step 3992 (time=19.96), 0.0338115 s/step
field decay(t = 20.02): 0.01703580056384274 / 1.773559437365141 = 0.009605429739164362
on time step 4049 (time=20.245), 0.0707927 s/step
on time step 4121 (time=20.605), 0.0556115 s/step
on time step 4208 (time=21.04), 0.0460751 s/step
on time step 4330 (time=21.65), 0.032878 s/step
on time step 4436 (time=22.18), 0.0385116 s/step
on time step 4538 (time=22.69), 0.039249 s/step
on time step 4659 (time=23.295), 0.0331883 s/step
on time step 4751 (time=23.755), 0.0435626 s/step
on time step 4791 (time=23.955), 0.100736 s/step
on time step 4855 (time=24.275), 0.0625094 s/step
on time step 4935 (time=24.675), 0.0500551 s/step
field decay(t = 25.025000000000002): 0.0009345083387083308 / 1.773559437365141 = 0.0005269112041131632
on time step 5073 (time=25.365), 0.0290041 s/step
on time step 5230 (time=26.15), 0.0256667 s/step
on time step 5388 (time=26.94), 0.0254603 s/step
on time step 5550 (time=27.75), 0.0247842 s/step
on time step 5713 (time=28.565), 0.0246123 s/step
on time step 5881 (time=29.405), 0.0239057 s/step
field decay(t = 30.03): 5.8856447635206246e-05 / 1.773559437365141 = 3.318549488403126e-05
on time step 6050 (time=30.25), 0.0238537 s/step
on time step 6213 (time=31.065), 0.0246306 s/step
on time step 6385 (time=31.925), 0.0234093 s/step
on time step 6552 (time=32.76), 0.0240482 s/step
on time step 6722 (time=33.61), 0.0235738 s/step
on time step 6893 (time=34.465), 0.0234313 s/step
field decay(t = 35.035000000000004): 3.1939914153257995e-06 / 1.773559437365141 = 1.80089336056924e-06
on time step 7060 (time=35.3), 0.0239738 s/step
on time step 7228 (time=36.14), 0.0238841 s/step
on time step 7395 (time=36.975), 0.0240189 s/step
on time step 7562 (time=37.81), 0.0240231 s/step
on time step 7731 (time=38.655), 0.0237 s/step
on time step 7904 (time=39.52), 0.0232016 s/step
field decay(t = 40.04): 2.0441527903949357e-07 / 1.773559437365141 = 1.152570783549153e-07
run 0 finished at t = 40.04 (8008 timesteps)
Transmission at f = 1.6666666666666667 (lambda = 600 nm): 0.015626063522512144
l1 = 0.1599813942431359, l2 = 0.3008716345843404
-----------
Initializing structure...
time for choose_chunkdivision = 1.00136e-05 s
Working in 3D dimensions.
Computational cell is 0.5 x 0.5 x 1.5 with resolution 100
time for set_epsilon = 0.481643 s
time for set_conductivity = 0.014019 s
time for set_conductivity = 0.0103951 s
time for set_conductivity = 0.00997019 s
time for set_conductivity = 0.0115509 s
time for set_conductivity = 0.0125239 s
time for set_conductivity = 0.011374 s
-----------
on time step 712 (time=3.56), 0.00562181 s/step
field decay(t = 5.005): 0.22967502551788954 / 0.22967502551788954 = 1.0
on time step 1436 (time=7.18), 0.00552696 s/step
field decay(t = 10.01): 0.2504808233534304 / 0.2504808233534304 = 1.0
on time step 2150 (time=10.75), 0.00560338 s/step
on time step 2871 (time=14.355), 0.00555214 s/step
field decay(t = 15.015): 4.890956457152761e-11 / 0.2504808233534304 = 1.9526271080048243e-10
run 0 finished at t = 15.015 (3003 timesteps)
-----------
Initializing structure...
time for choose_chunkdivision = 1.19209e-05 s
Working in 3D dimensions.
Computational cell is 0.5 x 0.5 x 1.5 with resolution 100
     block, center = (0,0,0)
          size (1e+20,1e+20,0.2)
          axes (1,0,0), (0,1,0), (0,0,1)
          dielectric constant epsilon diagonal = (1,1,1)
     block, center = (0,0,0)
          size (0.080144,0.150388,0.2)
          axes (1,0,0), (0,1,0), (0,0,1)
          dielectric constant epsilon diagonal = (1,1,1)
time for set_epsilon = 0.909476 s
time for set_conductivity = 0.0196822 s
time for set_conductivity = 0.0221641 s
time for set_conductivity = 0.02177 s
time for set_conductivity = 0.0200279 s
time for set_conductivity = 0.019825 s
time for set_conductivity = 0.0198169 s
lorentzian susceptibility: frequency=16.365, gamma=1.95106
lorentzian susceptibility: frequency=7.32593, gamma=0.738804
lorentzian susceptibility: frequency=6.60165, gamma=0.052426
lorentzian susceptibility: frequency=3.61417, gamma=0.364563
lorentzian susceptibility: frequency=0.658148, gamma=3.13427
drude susceptibility: frequency=1e-10, gamma=0.0387146
-----------
on time step 160 (time=0.8), 0.0250693 s/step
on time step 332 (time=1.66), 0.0232978 s/step
on time step 504 (time=2.52), 0.0233757 s/step
on time step 674 (time=3.37), 0.0236658 s/step
on time step 844 (time=4.22), 0.0236151 s/step
field decay(t = 5.005): 1.111657252617529 / 1.111657252617529 = 1.0
on time step 1016 (time=5.08), 0.0233882 s/step
on time step 1185 (time=5.925), 0.0236924 s/step
on time step 1355 (time=6.775), 0.0236493 s/step
on time step 1524 (time=7.62), 0.0236775 s/step
on time step 1697 (time=8.485), 0.0231825 s/step
on time step 1869 (time=9.345), 0.0233159 s/step
field decay(t = 10.01): 3.062025660092323 / 3.062025660092323 = 1.0
on time step 2042 (time=10.21), 0.023212 s/step
on time step 2212 (time=11.06), 0.0235299 s/step
on time step 2385 (time=11.925), 0.02316 s/step
on time step 2561 (time=12.805), 0.0227793 s/step
on time step 2733 (time=13.665), 0.0233425 s/step
on time step 2904 (time=14.52), 0.0234955 s/step
field decay(t = 15.015): 0.5812671746961346 / 3.062025660092323 = 0.18983092867961432
on time step 3075 (time=15.375), 0.0235184 s/step
on time step 3246 (time=16.23), 0.0234465 s/step
on time step 3416 (time=17.08), 0.0236445 s/step
on time step 3584 (time=17.92), 0.0238507 s/step
on time step 3757 (time=18.785), 0.0231524 s/step
on time step 3929 (time=19.645), 0.0233068 s/step
field decay(t = 20.02): 0.030909442509944506 / 3.062025660092323 = 0.010094442679821488
on time step 4103 (time=20.515), 0.0230831 s/step
on time step 4277 (time=21.385), 0.0231046 s/step
on time step 4452 (time=22.26), 0.0229896 s/step
on time step 4623 (time=23.115), 0.0234995 s/step
on time step 4796 (time=23.98), 0.0231714 s/step
on time step 4967 (time=24.835), 0.0234366 s/step
field decay(t = 25.025000000000002): 0.0018484161573302936 / 3.062025660092323 = 0.0006036579580050163
on time step 5133 (time=25.665), 0.0241248 s/step
on time step 5289 (time=26.445), 0.0256911 s/step
on time step 5444 (time=27.22), 0.0258139 s/step
on time step 5604 (time=28.02), 0.0251062 s/step
on time step 5764 (time=28.82), 0.0250954 s/step
on time step 5919 (time=29.595), 0.0258146 s/step
field decay(t = 30.03): 9.377103391812456e-05 / 3.062025660092323 = 3.062385633806128e-05
on time step 6079 (time=30.395), 0.0250459 s/step
on time step 6241 (time=31.205), 0.0248077 s/step
on time step 6399 (time=31.995), 0.0253353 s/step
on time step 6559 (time=32.795), 0.0250672 s/step
on time step 6719 (time=33.595), 0.0251567 s/step
on time step 6876 (time=34.38), 0.025488 s/step
field decay(t = 35.035000000000004): 5.642191086366536e-06 / 3.062025660092323 = 1.8426335088898042e-06
on time step 7037 (time=35.185), 0.0249674 s/step
on time step 7194 (time=35.97), 0.0255517 s/step
on time step 7355 (time=36.775), 0.024866 s/step
on time step 7514 (time=37.57), 0.0252969 s/step
on time step 7672 (time=38.36), 0.0253339 s/step
on time step 7829 (time=39.145), 0.0256303 s/step
on time step 7988 (time=39.94), 0.0253007 s/step
field decay(t = 40.04): 3.337210659986645e-07 / 3.062025660092323 = 1.0898702461840326e-07
run 0 finished at t = 40.04 (8008 timesteps)
Transmission at f = 1.6666666666666667 (lambda = 600 nm): 0.19052917122522633
l1 = 0.16028801428011247, l2 = 0.3007755194908811
Iteration: l1=0.160288, l2=0.300776, fom=-1.563597e-01
-----------
Initializing structure...
time for choose_chunkdivision = 1.21593e-05 s
Working in 3D dimensions.
Computational cell is 0.5 x 0.5 x 1.5 with resolution 100
time for set_epsilon = 0.511398 s
time for set_conductivity = 0.0171542 s
time for set_conductivity = 0.010505 s
time for set_conductivity = 0.011045 s
time for set_conductivity = 0.010746 s
time for set_conductivity = 0.0126941 s
time for set_conductivity = 0.0106139 s
-----------
on time step 660 (time=3.3), 0.00606147 s/step
field decay(t = 5.005): 0.22967502551788954 / 0.22967502551788954 = 1.0
on time step 1342 (time=6.71), 0.00586896 s/step
field decay(t = 10.01): 0.2504808233534304 / 0.2504808233534304 = 1.0
on time step 2004 (time=10.02), 0.00605397 s/step
on time step 2683 (time=13.415), 0.00589675 s/step
field decay(t = 15.015): 4.890956457152761e-11 / 0.2504808233534304 = 1.9526271080048243e-10
run 0 finished at t = 15.015 (3003 timesteps)
-----------
Initializing structure...
time for choose_chunkdivision = 1.40667e-05 s
Working in 3D dimensions.
Computational cell is 0.5 x 0.5 x 1.5 with resolution 100
     block, center = (0,0,0)
          size (1e+20,1e+20,0.2)
          axes (1,0,0), (0,1,0), (0,0,1)
          dielectric constant epsilon diagonal = (1,1,1)
     block, center = (0,0,0)
          size (0.0803592,0.149751,0.2)
          axes (1,0,0), (0,1,0), (0,0,1)
          dielectric constant epsilon diagonal = (1,1,1)
time for set_epsilon = 1.04665 s
time for set_conductivity = 0.0206351 s
time for set_conductivity = 0.020195 s
time for set_conductivity = 0.0203171 s
time for set_conductivity = 0.021759 s
time for set_conductivity = 0.0204048 s
time for set_conductivity = 0.021848 s
lorentzian susceptibility: frequency=16.365, gamma=1.95106
lorentzian susceptibility: frequency=7.32593, gamma=0.738804
lorentzian susceptibility: frequency=6.60165, gamma=0.052426
lorentzian susceptibility: frequency=3.61417, gamma=0.364563
lorentzian susceptibility: frequency=0.658148, gamma=3.13427
drude susceptibility: frequency=1e-10, gamma=0.0387146
-----------
on time step 144 (time=0.72), 0.0278844 s/step
on time step 303 (time=1.515), 0.0251978 s/step
on time step 465 (time=2.325), 0.0248054 s/step
on time step 626 (time=3.13), 0.0249792 s/step
on time step 782 (time=3.91), 0.0256764 s/step
on time step 942 (time=4.71), 0.0251448 s/step
field decay(t = 5.005): 0.9882287207078263 / 0.9882287207078263 = 1.0
on time step 1104 (time=5.52), 0.024772 s/step
on time step 1264 (time=6.32), 0.0250441 s/step
on time step 1425 (time=7.125), 0.0248535 s/step
on time step 1586 (time=7.93), 0.0248668 s/step
on time step 1747 (time=8.735), 0.0248986 s/step
on time step 1909 (time=9.545), 0.0247479 s/step
field decay(t = 10.01): 2.799090541139064 / 2.799090541139064 = 1.0
on time step 2067 (time=10.335), 0.0253544 s/step
on time step 2228 (time=11.14), 0.0249786 s/step
on time step 2390 (time=11.95), 0.0247687 s/step
on time step 2550 (time=12.75), 0.0251029 s/step
on time step 2711 (time=13.555), 0.0249416 s/step
on time step 2872 (time=14.36), 0.0249424 s/step
field decay(t = 15.015): 0.5049209073981583 / 2.799090541139064 = 0.1803874865700791
on time step 3033 (time=15.165), 0.0248685 s/step
on time step 3192 (time=15.96), 0.0253227 s/step
on time step 3352 (time=16.76), 0.0250911 s/step
on time step 3512 (time=17.56), 0.0250085 s/step
on time step 3671 (time=18.355), 0.0252116 s/step
on time step 3833 (time=19.165), 0.02483 s/step
on time step 3994 (time=19.97), 0.0249759 s/step
field decay(t = 20.02): 0.030355831613553232 / 2.799090541139064 = 0.010844890927036683
on time step 4153 (time=20.765), 0.0253034 s/step
on time step 4315 (time=21.575), 0.0248107 s/step
on time step 4478 (time=22.39), 0.0246679 s/step
on time step 4638 (time=23.19), 0.0250804 s/step
on time step 4798 (time=23.99), 0.0251258 s/step
on time step 4959 (time=24.795), 0.0248992 s/step
field decay(t = 25.025000000000002): 0.0017696897115929556 / 2.799090541139064 = 0.0006322373948192461
on time step 5114 (time=25.57), 0.0258483 s/step
on time step 5276 (time=26.38), 0.0247644 s/step
on time step 5438 (time=27.19), 0.0248276 s/step
on time step 5600 (time=28), 0.0248327 s/step
on time step 5762 (time=28.81), 0.0248304 s/step
on time step 5922 (time=29.61), 0.0250127 s/step
field decay(t = 30.03): 9.818030279106486e-05 / 2.799090541139064 = 3.507578670574596e-05
on time step 6081 (time=30.405), 0.0252698 s/step
on time step 6240 (time=31.2), 0.025309 s/step
on time step 6395 (time=31.975), 0.0258483 s/step
on time step 6551 (time=32.755), 0.0257468 s/step
on time step 6713 (time=33.565), 0.0247914 s/step
on time step 6873 (time=34.365), 0.0251168 s/step
field decay(t = 35.035000000000004): 5.423870929060349e-06 / 2.799090541139064 = 1.9377261468838216e-06
on time step 7037 (time=35.185), 0.0245318 s/step
on time step 7197 (time=35.985), 0.0250829 s/step
on time step 7359 (time=36.795), 0.0248104 s/step
on time step 7518 (time=37.59), 0.0251818 s/step
on time step 7678 (time=38.39), 0.0251012 s/step
on time step 7839 (time=39.195), 0.024871 s/step
on time step 8000 (time=40), 0.0248661 s/step
field decay(t = 40.04): 3.5496715204305135e-07 / 2.799090541139064 = 1.2681517329503773e-07
run 0 finished at t = 40.04 (8008 timesteps)
Transmission at f = 1.6666666666666667 (lambda = 600 nm): 0.1549535879650249
l1 = 0.1607183172797771, l2 = 0.29950205842187966
-----------
Initializing structure...
time for choose_chunkdivision = 1.19209e-05 s
Working in 3D dimensions.
Computational cell is 0.5 x 0.5 x 1.5 with resolution 100
time for set_epsilon = 0.496899 s
time for set_conductivity = 0.0103312 s
time for set_conductivity = 0.0102372 s
time for set_conductivity = 0.0101528 s
time for set_conductivity = 0.0105438 s
time for set_conductivity = 0.0101981 s
time for set_conductivity = 0.010653 s
-----------
on time step 657 (time=3.285), 0.00609324 s/step
field decay(t = 5.005): 0.22967502551788954 / 0.22967502551788954 = 1.0
on time step 1323 (time=6.615), 0.00601065 s/step
field decay(t = 10.01): 0.2504808233534304 / 0.2504808233534304 = 1.0
on time step 2004 (time=10.02), 0.00587957 s/step
on time step 2674 (time=13.37), 0.00597196 s/step
field decay(t = 15.015): 4.890956457152761e-11 / 0.2504808233534304 = 1.9526271080048243e-10
run 0 finished at t = 15.015 (3003 timesteps)
-----------
Initializing structure...
time for choose_chunkdivision = 1.40667e-05 s
Working in 3D dimensions.
Computational cell is 0.5 x 0.5 x 1.5 with resolution 100
     block, center = (0,0,0)
          size (1e+20,1e+20,0.2)
          axes (1,0,0), (0,1,0), (0,0,1)
          dielectric constant epsilon diagonal = (1,1,1)
     block, center = (0,0,0)
          size (0.0802321,0.150431,0.2)
          axes (1,0,0), (0,1,0), (0,0,1)
          dielectric constant epsilon diagonal = (1,1,1)
time for set_epsilon = 0.982206 s
time for set_conductivity = 0.0203271 s
time for set_conductivity = 0.0223179 s
time for set_conductivity = 0.021903 s
time for set_conductivity = 0.020746 s
time for set_conductivity = 0.020628 s
time for set_conductivity = 0.0202661 s
lorentzian susceptibility: frequency=16.365, gamma=1.95106
lorentzian susceptibility: frequency=7.32593, gamma=0.738804
lorentzian susceptibility: frequency=6.60165, gamma=0.052426
lorentzian susceptibility: frequency=3.61417, gamma=0.364563
lorentzian susceptibility: frequency=0.658148, gamma=3.13427
drude susceptibility: frequency=1e-10, gamma=0.0387146
-----------
on time step 146 (time=0.73), 0.0274999 s/step
on time step 308 (time=1.54), 0.0248059 s/step
on time step 468 (time=2.34), 0.0251212 s/step
on time step 626 (time=3.13), 0.0255158 s/step
on time step 786 (time=3.93), 0.0250967 s/step
on time step 943 (time=4.715), 0.0254897 s/step
field decay(t = 5.005): 1.111657252617529 / 1.111657252617529 = 1.0
on time step 1103 (time=5.515), 0.0250005 s/step
on time step 1262 (time=6.31), 0.0251788 s/step
on time step 1421 (time=7.105), 0.0251881 s/step
on time step 1582 (time=7.91), 0.0249586 s/step
on time step 1743 (time=8.715), 0.0248567 s/step
on time step 1904 (time=9.52), 0.0249723 s/step
field decay(t = 10.01): 3.062025660092323 / 3.062025660092323 = 1.0
on time step 2064 (time=10.32), 0.0251488 s/step
on time step 2224 (time=11.12), 0.0251148 s/step
on time step 2384 (time=11.92), 0.0251467 s/step
on time step 2545 (time=12.725), 0.0249454 s/step
on time step 2704 (time=13.52), 0.0252097 s/step
on time step 2865 (time=14.325), 0.0249695 s/step
field decay(t = 15.015): 0.5812671746961346 / 3.062025660092323 = 0.18983092867961432
on time step 3023 (time=15.115), 0.0253204 s/step
on time step 3181 (time=15.905), 0.0253303 s/step
on time step 3341 (time=16.705), 0.0251223 s/step
on time step 3499 (time=17.495), 0.0254522 s/step
on time step 3659 (time=18.295), 0.0251555 s/step
on time step 3816 (time=19.08), 0.0255082 s/step
on time step 3976 (time=19.88), 0.0251051 s/step
field decay(t = 20.02): 0.030909442509944506 / 3.062025660092323 = 0.010094442679821488
on time step 4135 (time=20.675), 0.025176 s/step
on time step 4296 (time=21.48), 0.0249007 s/step
on time step 4457 (time=22.285), 0.0249629 s/step
on time step 4619 (time=23.095), 0.0247733 s/step
on time step 4778 (time=23.89), 0.0252908 s/step
on time step 4936 (time=24.68), 0.0254484 s/step
field decay(t = 25.025000000000002): 0.0018484161573302936 / 3.062025660092323 = 0.0006036579580050163
on time step 5094 (time=25.47), 0.0254467 s/step
on time step 5252 (time=26.26), 0.0253617 s/step
on time step 5410 (time=27.05), 0.0253456 s/step
on time step 5569 (time=27.845), 0.0252719 s/step
on time step 5730 (time=28.65), 0.0249865 s/step
on time step 5890 (time=29.45), 0.0251353 s/step
field decay(t = 30.03): 9.377103391812456e-05 / 3.062025660092323 = 3.062385633806128e-05
on time step 6050 (time=30.25), 0.0250679 s/step
on time step 6209 (time=31.045), 0.025178 s/step
on time step 6369 (time=31.845), 0.0251223 s/step
on time step 6529 (time=32.645), 0.025049 s/step
on time step 6689 (time=33.445), 0.0250041 s/step
on time step 6846 (time=34.23), 0.0255475 s/step
on time step 7002 (time=35.01), 0.0256429 s/step
field decay(t = 35.035000000000004): 5.642191086366536e-06 / 3.062025660092323 = 1.8426335088898042e-06
on time step 7160 (time=35.8), 0.0253457 s/step
on time step 7322 (time=36.61), 0.0248288 s/step
on time step 7479 (time=37.395), 0.0254917 s/step
on time step 7638 (time=38.19), 0.025282 s/step
on time step 7794 (time=38.97), 0.0256835 s/step
on time step 7953 (time=39.765), 0.0252832 s/step
field decay(t = 40.04): 3.337210659986645e-07 / 3.062025660092323 = 1.0898702461840326e-07
run 0 finished at t = 40.04 (8008 timesteps)
Transmission at f = 1.6666666666666667 (lambda = 600 nm): 0.19052917122522633
l1 = 0.16046419143288682, l2 = 0.30086261580441176
-----------
Initializing structure...
time for choose_chunkdivision = 1.12057e-05 s
Working in 3D dimensions.
Computational cell is 0.5 x 0.5 x 1.5 with resolution 100
time for set_epsilon = 0.575289 s
time for set_conductivity = 0.0114901 s
time for set_conductivity = 0.0111289 s
time for set_conductivity = 0.01144 s
time for set_conductivity = 0.0117919 s
time for set_conductivity = 0.0110459 s
time for set_conductivity = 0.023844 s
-----------
on time step 626 (time=3.13), 0.00639391 s/step
field decay(t = 5.005): 0.22967502551788954 / 0.22967502551788954 = 1.0
on time step 1266 (time=6.33), 0.00625422 s/step
on time step 1900 (time=9.5), 0.00631563 s/step
field decay(t = 10.01): 0.2504808233534304 / 0.2504808233534304 = 1.0
on time step 2544 (time=12.72), 0.00621193 s/step
field decay(t = 15.015): 4.890956457152761e-11 / 0.2504808233534304 = 1.9526271080048243e-10
run 0 finished at t = 15.015 (3003 timesteps)
-----------
Initializing structure...
time for choose_chunkdivision = 1.50204e-05 s
Working in 3D dimensions.
Computational cell is 0.5 x 0.5 x 1.5 with resolution 100
     block, center = (0,0,0)
          size (1e+20,1e+20,0.2)
          axes (1,0,0), (0,1,0), (0,0,1)
          dielectric constant epsilon diagonal = (1,1,1)
     block, center = (0,0,0)
          size (0.080144,0.150388,0.2)
          axes (1,0,0), (0,1,0), (0,0,1)
          dielectric constant epsilon diagonal = (1,1,1)
time for set_epsilon = 1.10844 s
time for set_conductivity = 0.0216711 s
time for set_conductivity = 0.0218689 s
time for set_conductivity = 0.023138 s
time for set_conductivity = 0.0215051 s
time for set_conductivity = 0.0225892 s
time for set_conductivity = 0.022552 s
lorentzian susceptibility: frequency=16.365, gamma=1.95106
lorentzian susceptibility: frequency=7.32593, gamma=0.738804
lorentzian susceptibility: frequency=6.60165, gamma=0.052426
lorentzian susceptibility: frequency=3.61417, gamma=0.364563
lorentzian susceptibility: frequency=0.658148, gamma=3.13427
drude susceptibility: frequency=1e-10, gamma=0.0387146
-----------
on time step 144 (time=0.72), 0.0277968 s/step
on time step 299 (time=1.495), 0.0258094 s/step
on time step 449 (time=2.245), 0.0268196 s/step
on time step 604 (time=3.02), 0.0259493 s/step
on time step 757 (time=3.785), 0.0261673 s/step
on time step 911 (time=4.555), 0.0260292 s/step
field decay(t = 5.005): 1.111657252617529 / 1.111657252617529 = 1.0
on time step 1062 (time=5.31), 0.0265981 s/step
on time step 1214 (time=6.07), 0.0264013 s/step
on time step 1365 (time=6.825), 0.0266205 s/step
on time step 1516 (time=7.58), 0.0265808 s/step
on time step 1668 (time=8.34), 0.0264201 s/step
on time step 1819 (time=9.095), 0.0265188 s/step
on time step 1970 (time=9.85), 0.0265177 s/step
field decay(t = 10.01): 3.062025660092323 / 3.062025660092323 = 1.0
on time step 2121 (time=10.605), 0.0266148 s/step
on time step 2271 (time=11.355), 0.0266801 s/step
on time step 2420 (time=12.1), 0.0268475 s/step
on time step 2569 (time=12.845), 0.0270018 s/step
on time step 2720 (time=13.6), 0.0266408 s/step
on time step 2869 (time=14.345), 0.0269312 s/step
field decay(t = 15.015): 0.5812671746961346 / 3.062025660092323 = 0.18983092867961432
on time step 3017 (time=15.085), 0.0270394 s/step
on time step 3165 (time=15.825), 0.0270801 s/step
on time step 3315 (time=16.575), 0.0267617 s/step
on time step 3464 (time=17.32), 0.0270109 s/step
on time step 3611 (time=18.055), 0.0273582 s/step
on time step 3757 (time=18.785), 0.0273989 s/step
on time step 3904 (time=19.52), 0.0273359 s/step
field decay(t = 20.02): 0.030909442509944506 / 3.062025660092323 = 0.010094442679821488
on time step 4052 (time=20.26), 0.0271102 s/step
on time step 4198 (time=20.99), 0.0275723 s/step
on time step 4344 (time=21.72), 0.0274023 s/step
on time step 4484 (time=22.42), 0.0287087 s/step
on time step 4629 (time=23.145), 0.0277162 s/step
on time step 4771 (time=23.855), 0.0283338 s/step
on time step 4910 (time=24.55), 0.0289711 s/step
field decay(t = 25.025000000000002): 0.0018484161573302936 / 3.062025660092323 = 0.0006036579580050163
on time step 5047 (time=25.235), 0.0293651 s/step
on time step 5190 (time=25.95), 0.0281627 s/step
on time step 5330 (time=26.65), 0.0286696 s/step
on time step 5470 (time=27.35), 0.0287077 s/step
on time step 5610 (time=28.05), 0.02864 s/step
on time step 5750 (time=28.75), 0.0286166 s/step
on time step 5890 (time=29.45), 0.0286631 s/step
field decay(t = 30.03): 9.377103391812456e-05 / 3.062025660092323 = 3.062385633806128e-05
on time step 6031 (time=30.155), 0.0285415 s/step
on time step 6172 (time=30.86), 0.0284237 s/step
on time step 6314 (time=31.57), 0.0283522 s/step
on time step 6453 (time=32.265), 0.0287967 s/step
on time step 6592 (time=32.96), 0.0289312 s/step
on time step 6731 (time=33.655), 0.0288975 s/step
on time step 6871 (time=34.355), 0.0287497 s/step
on time step 7003 (time=35.015), 0.0303519 s/step
field decay(t = 35.035000000000004): 5.642191086366536e-06 / 3.062025660092323 = 1.8426335088898042e-06
on time step 7111 (time=35.555), 0.0371709 s/step
on time step 7216 (time=36.08), 0.0382006 s/step
on time step 7351 (time=36.755), 0.0296905 s/step
on time step 7491 (time=37.455), 0.0287447 s/step
on time step 7629 (time=38.145), 0.0290925 s/step
on time step 7765 (time=38.825), 0.0294417 s/step
on time step 7902 (time=39.51), 0.0292372 s/step
field decay(t = 40.04): 3.337210659986645e-07 / 3.062025660092323 = 1.0898702461840326e-07
run 0 finished at t = 40.04 (8008 timesteps)
Transmission at f = 1.6666666666666667 (lambda = 600 nm): 0.19052917122522633
l1 = 0.16028801428011247, l2 = 0.3007755194908811
Iteration: l1=0.160288, l2=0.300776, fom=-1.563597e-01
-----------
Initializing structure...
time for choose_chunkdivision = 1.28746e-05 s
Working in 3D dimensions.
Computational cell is 0.5 x 0.5 x 1.5 with resolution 100
time for set_epsilon = 0.700339 s
time for set_conductivity = 0.0132051 s
time for set_conductivity = 0.0130811 s
time for set_conductivity = 0.0131359 s
time for set_conductivity = 0.013428 s
time for set_conductivity = 0.0139651 s
time for set_conductivity = 0.0210638 s
-----------
on time step 560 (time=2.8), 0.00715396 s/step
field decay(t = 5.005): 0.22967502551788954 / 0.22967502551788954 = 1.0
on time step 1132 (time=5.66), 0.00699799 s/step
on time step 1700 (time=8.5), 0.00704791 s/step
field decay(t = 10.01): 0.2504808233534304 / 0.2504808233534304 = 1.0
on time step 2270 (time=11.35), 0.00702383 s/step
on time step 2839 (time=14.195), 0.00703822 s/step
field decay(t = 15.015): 4.890956457152761e-11 / 0.2504808233534304 = 1.9526271080048243e-10
run 0 finished at t = 15.015 (3003 timesteps)
-----------
Initializing structure...
time for choose_chunkdivision = 1.69277e-05 s
Working in 3D dimensions.
Computational cell is 0.5 x 0.5 x 1.5 with resolution 100
     block, center = (0,0,0)
          size (1e+20,1e+20,0.2)
          axes (1,0,0), (0,1,0), (0,0,1)
          dielectric constant epsilon diagonal = (1,1,1)
     block, center = (0,0,0)
          size (0.0803168,0.149978,0.2)
          axes (1,0,0), (0,1,0), (0,0,1)
          dielectric constant epsilon diagonal = (1,1,1)
time for set_epsilon = 1.27949 s
time for set_conductivity = 0.026016 s
time for set_conductivity = 0.0259769 s
time for set_conductivity = 0.0267711 s
time for set_conductivity = 0.025219 s
time for set_conductivity = 0.02578 s
time for set_conductivity = 0.0251272 s
lorentzian susceptibility: frequency=16.365, gamma=1.95106
lorentzian susceptibility: frequency=7.32593, gamma=0.738804
lorentzian susceptibility: frequency=6.60165, gamma=0.052426
lorentzian susceptibility: frequency=3.61417, gamma=0.364563
lorentzian susceptibility: frequency=0.658148, gamma=3.13427
drude susceptibility: frequency=1e-10, gamma=0.0387146
-----------
on time step 129 (time=0.645), 0.0310571 s/step
on time step 265 (time=1.325), 0.0295001 s/step
on time step 401 (time=2.005), 0.0295158 s/step
on time step 538 (time=2.69), 0.0293708 s/step
on time step 675 (time=3.375), 0.0292646 s/step
on time step 811 (time=4.055), 0.0294437 s/step
on time step 947 (time=4.735), 0.0294295 s/step
field decay(t = 5.005): 0.9882287207078263 / 0.9882287207078263 = 1.0
on time step 1084 (time=5.42), 0.0293831 s/step
on time step 1221 (time=6.105), 0.029345 s/step
on time step 1359 (time=6.795), 0.0290963 s/step
on time step 1495 (time=7.475), 0.0294791 s/step
on time step 1632 (time=8.16), 0.0292292 s/step
on time step 1770 (time=8.85), 0.0291809 s/step
on time step 1906 (time=9.53), 0.0294636 s/step
field decay(t = 10.01): 2.799090541139064 / 2.799090541139064 = 1.0
on time step 2042 (time=10.21), 0.029525 s/step
on time step 2179 (time=10.895), 0.0292481 s/step
on time step 2315 (time=11.575), 0.0294329 s/step
on time step 2453 (time=12.265), 0.0291719 s/step
on time step 2590 (time=12.95), 0.0293226 s/step
on time step 2720 (time=13.6), 0.0310424 s/step
on time step 2853 (time=14.265), 0.0302295 s/step
on time step 2989 (time=14.945), 0.0294368 s/step
field decay(t = 15.015): 0.5049209073981583 / 2.799090541139064 = 0.1803874865700791
on time step 3127 (time=15.635), 0.0291403 s/step
on time step 3264 (time=16.32), 0.0292438 s/step
on time step 3401 (time=17.005), 0.0292716 s/step
on time step 3539 (time=17.695), 0.0291481 s/step
on time step 3676 (time=18.38), 0.029346 s/step
on time step 3812 (time=19.06), 0.0296031 s/step
on time step 3948 (time=19.74), 0.0296518 s/step
field decay(t = 20.02): 0.030355831613553232 / 2.799090541139064 = 0.010844890927036683
on time step 4086 (time=20.43), 0.0291746 s/step
on time step 4223 (time=21.115), 0.0293818 s/step
on time step 4360 (time=21.8), 0.0292386 s/step
on time step 4498 (time=22.49), 0.029124 s/step
on time step 4635 (time=23.175), 0.0293877 s/step
on time step 4772 (time=23.86), 0.0292162 s/step
on time step 4908 (time=24.54), 0.0294133 s/step
field decay(t = 25.025000000000002): 0.0017696897115929556 / 2.799090541139064 = 0.0006322373948192461
on time step 5045 (time=25.225), 0.0293469 s/step
on time step 5181 (time=25.905), 0.0294297 s/step
on time step 5317 (time=26.585), 0.0294724 s/step
on time step 5454 (time=27.27), 0.0293468 s/step
on time step 5591 (time=27.955), 0.0292869 s/step
on time step 5728 (time=28.64), 0.0293251 s/step
on time step 5862 (time=29.31), 0.0298789 s/step
on time step 5998 (time=29.99), 0.0294839 s/step
field decay(t = 30.03): 9.818030279106486e-05 / 2.799090541139064 = 3.507578670574596e-05
on time step 6135 (time=30.675), 0.0293888 s/step
on time step 6273 (time=31.365), 0.0290169 s/step
on time step 6410 (time=32.05), 0.0292615 s/step
on time step 6547 (time=32.735), 0.0292065 s/step
on time step 6684 (time=33.42), 0.0292252 s/step
on time step 6822 (time=34.11), 0.0291954 s/step
on time step 6959 (time=34.795), 0.0293673 s/step
field decay(t = 35.035000000000004): 5.423870929060349e-06 / 2.799090541139064 = 1.9377261468838216e-06
on time step 7097 (time=35.485), 0.0291222 s/step
on time step 7222 (time=36.11), 0.0321692 s/step
on time step 7356 (time=36.78), 0.029975 s/step
on time step 7490 (time=37.45), 0.0299246 s/step
on time step 7631 (time=38.155), 0.0285526 s/step
on time step 7769 (time=38.845), 0.0291816 s/step
on time step 7907 (time=39.535), 0.0290836 s/step
field decay(t = 40.04): 3.5496715204305135e-07 / 2.799090541139064 = 1.2681517329503773e-07
run 0 finished at t = 40.04 (8008 timesteps)
Transmission at f = 1.6666666666666667 (lambda = 600 nm): 0.1549535879650249
l1 = 0.160633608664147, l2 = 0.2999555775493904
-----------
Initializing structure...
time for choose_chunkdivision = 1.28746e-05 s
Working in 3D dimensions.
Computational cell is 0.5 x 0.5 x 1.5 with resolution 100
time for set_epsilon = 0.700725 s
time for set_conductivity = 0.0136011 s
time for set_conductivity = 0.0136509 s
time for set_conductivity = 0.0157471 s
time for set_conductivity = 0.0160482 s
time for set_conductivity = 0.0243502 s
time for set_conductivity = 0.016865 s
-----------
on time step 555 (time=2.775), 0.00721555 s/step
field decay(t = 5.005): 0.22967502551788954 / 0.22967502551788954 = 1.0
on time step 1128 (time=5.64), 0.00698981 s/step
on time step 1695 (time=8.475), 0.00705916 s/step
field decay(t = 10.01): 0.2504808233534304 / 0.2504808233534304 = 1.0
on time step 2258 (time=11.29), 0.00711266 s/step
on time step 2824 (time=14.12), 0.00707439 s/step
field decay(t = 15.015): 4.890956457152761e-11 / 0.2504808233534304 = 1.9526271080048243e-10
run 0 finished at t = 15.015 (3003 timesteps)
-----------
Initializing structure...
time for choose_chunkdivision = 1.62125e-05 s
Working in 3D dimensions.
Computational cell is 0.5 x 0.5 x 1.5 with resolution 100
     block, center = (0,0,0)
          size (1e+20,1e+20,0.2)
          axes (1,0,0), (0,1,0), (0,0,1)
          dielectric constant epsilon diagonal = (1,1,1)
     block, center = (0,0,0)
          size (0.0802533,0.150318,0.2)
          axes (1,0,0), (0,1,0), (0,0,1)
          dielectric constant epsilon diagonal = (1,1,1)
time for set_epsilon = 1.3014 s
time for set_conductivity = 0.0270369 s
time for set_conductivity = 0.0289881 s
time for set_conductivity = 0.034893 s
time for set_conductivity = 0.0257311 s
time for set_conductivity = 0.028723 s
time for set_conductivity = 0.0263591 s
lorentzian susceptibility: frequency=16.365, gamma=1.95106
lorentzian susceptibility: frequency=7.32593, gamma=0.738804
lorentzian susceptibility: frequency=6.60165, gamma=0.052426
lorentzian susceptibility: frequency=3.61417, gamma=0.364563
lorentzian susceptibility: frequency=0.658148, gamma=3.13427
drude susceptibility: frequency=1e-10, gamma=0.0387146
-----------
on time step 127 (time=0.635), 0.0315556 s/step
on time step 264 (time=1.32), 0.0294223 s/step
on time step 401 (time=2.005), 0.0292125 s/step
on time step 539 (time=2.695), 0.0291303 s/step
on time step 675 (time=3.375), 0.0295423 s/step
on time step 811 (time=4.055), 0.0296195 s/step
on time step 950 (time=4.75), 0.0288175 s/step
field decay(t = 5.005): 1.111657252617529 / 1.111657252617529 = 1.0
on time step 1088 (time=5.44), 0.0289996 s/step
on time step 1226 (time=6.13), 0.0291612 s/step
on time step 1363 (time=6.815), 0.0293653 s/step
on time step 1501 (time=7.505), 0.0291495 s/step
on time step 1639 (time=8.195), 0.0291667 s/step
on time step 1777 (time=8.885), 0.0291118 s/step
on time step 1915 (time=9.575), 0.0291439 s/step
field decay(t = 10.01): 3.062025660092323 / 3.062025660092323 = 1.0
on time step 2053 (time=10.265), 0.0290387 s/step
on time step 2191 (time=10.955), 0.0290987 s/step
on time step 2329 (time=11.645), 0.0291026 s/step
on time step 2466 (time=12.33), 0.0292044 s/step
on time step 2604 (time=13.02), 0.0291391 s/step
on time step 2741 (time=13.705), 0.0294161 s/step
on time step 2878 (time=14.39), 0.0292484 s/step
field decay(t = 15.015): 0.5812671746961346 / 3.062025660092323 = 0.18983092867961432
on time step 3015 (time=15.075), 0.0292366 s/step
on time step 3153 (time=15.765), 0.0290712 s/step
on time step 3292 (time=16.46), 0.028965 s/step
on time step 3430 (time=17.15), 0.0290591 s/step
on time step 3568 (time=17.84), 0.0291965 s/step
on time step 3705 (time=18.525), 0.0292725 s/step
on time step 3842 (time=19.21), 0.0293347 s/step
on time step 3980 (time=19.9), 0.0290315 s/step
field decay(t = 20.02): 0.030909442509944506 / 3.062025660092323 = 0.010094442679821488
on time step 4117 (time=20.585), 0.029229 s/step
on time step 4256 (time=21.28), 0.0289395 s/step
on time step 4393 (time=21.965), 0.0292197 s/step
on time step 4532 (time=22.66), 0.0289216 s/step
on time step 4670 (time=23.35), 0.028992 s/step
on time step 4807 (time=24.035), 0.0293086 s/step
on time step 4945 (time=24.725), 0.029163 s/step
field decay(t = 25.025000000000002): 0.0018484161573302936 / 3.062025660092323 = 0.0006036579580050163
on time step 5084 (time=25.42), 0.0289686 s/step
on time step 5221 (time=26.105), 0.0294148 s/step
on time step 5359 (time=26.795), 0.0290554 s/step
on time step 5496 (time=27.48), 0.0292793 s/step
on time step 5635 (time=28.175), 0.0287942 s/step
on time step 5773 (time=28.865), 0.0291622 s/step
on time step 5911 (time=29.555), 0.0291979 s/step
field decay(t = 30.03): 9.377103391812456e-05 / 3.062025660092323 = 3.062385633806128e-05
on time step 6049 (time=30.245), 0.0290777 s/step
on time step 6187 (time=30.935), 0.0292025 s/step
on time step 6317 (time=31.585), 0.0309959 s/step
on time step 6435 (time=32.175), 0.0340477 s/step
on time step 6572 (time=32.86), 0.0294423 s/step
on time step 6711 (time=33.555), 0.0289641 s/step
on time step 6849 (time=34.245), 0.0290545 s/step
on time step 6986 (time=34.93), 0.029393 s/step
field decay(t = 35.035000000000004): 5.642191086366536e-06 / 3.062025660092323 = 1.8426335088898042e-06
on time step 7123 (time=35.615), 0.0292473 s/step
on time step 7261 (time=36.305), 0.0290554 s/step
on time step 7399 (time=36.995), 0.0291266 s/step
on time step 7537 (time=37.685), 0.0290738 s/step
on time step 7675 (time=38.375), 0.0289902 s/step
on time step 7813 (time=39.065), 0.0291313 s/step
on time step 7951 (time=39.755), 0.0290021 s/step
field decay(t = 40.04): 3.337210659986645e-07 / 3.062025660092323 = 1.0898702461840326e-07
run 0 finished at t = 40.04 (8008 timesteps)
Transmission at f = 1.6666666666666667 (lambda = 600 nm): 0.19052917122522633
l1 = 0.16050654574070186, l2 = 0.3006358562406564
-----------
Initializing structure...
time for choose_chunkdivision = 1.19209e-05 s
Working in 3D dimensions.
Computational cell is 0.5 x 0.5 x 1.5 with resolution 100
time for set_epsilon = 0.660346 s
time for set_conductivity = 0.0133541 s
time for set_conductivity = 0.0133839 s
time for set_conductivity = 0.0148442 s
time for set_conductivity = 0.013499 s
time for set_conductivity = 0.013603 s
time for set_conductivity = 0.0139232 s
-----------
on time step 552 (time=2.76), 0.00724665 s/step
field decay(t = 5.005): 0.22967502551788954 / 0.22967502551788954 = 1.0
on time step 1112 (time=5.56), 0.00715497 s/step
on time step 1677 (time=8.385), 0.00708575 s/step
field decay(t = 10.01): 0.2504808233534304 / 0.2504808233534304 = 1.0
on time step 2234 (time=11.17), 0.00718764 s/step
on time step 2803 (time=14.015), 0.0070335 s/step
field decay(t = 15.015): 4.890956457152761e-11 / 0.2504808233534304 = 1.9526271080048243e-10
run 0 finished at t = 15.015 (3003 timesteps)
-----------
Initializing structure...
time for choose_chunkdivision = 1.69277e-05 s
Working in 3D dimensions.
Computational cell is 0.5 x 0.5 x 1.5 with resolution 100
     block, center = (0,0,0)
          size (1e+20,1e+20,0.2)
          axes (1,0,0), (0,1,0), (0,0,1)
          dielectric constant epsilon diagonal = (1,1,1)
     block, center = (0,0,0)
          size (0.080144,0.150388,0.2)
          axes (1,0,0), (0,1,0), (0,0,1)
          dielectric constant epsilon diagonal = (1,1,1)
time for set_epsilon = 1.31532 s
time for set_conductivity = 0.0321782 s
time for set_conductivity = 0.03198 s
time for set_conductivity = 0.032846 s
time for set_conductivity = 0.0344501 s
time for set_conductivity = 0.038866 s
time for set_conductivity = 0.0379951 s
lorentzian susceptibility: frequency=16.365, gamma=1.95106
lorentzian susceptibility: frequency=7.32593, gamma=0.738804
lorentzian susceptibility: frequency=6.60165, gamma=0.052426
lorentzian susceptibility: frequency=3.61417, gamma=0.364563
lorentzian susceptibility: frequency=0.658148, gamma=3.13427
drude susceptibility: frequency=1e-10, gamma=0.0387146
-----------
on time step 127 (time=0.635), 0.0315254 s/step
on time step 262 (time=1.31), 0.0297594 s/step
on time step 398 (time=1.99), 0.0295268 s/step
on time step 535 (time=2.675), 0.0292623 s/step
on time step 673 (time=3.365), 0.029129 s/step
on time step 798 (time=3.99), 0.032187 s/step
on time step 934 (time=4.67), 0.0295766 s/step
field decay(t = 5.005): 1.111657252617529 / 1.111657252617529 = 1.0
on time step 1073 (time=5.365), 0.0289058 s/step
on time step 1211 (time=6.055), 0.0291936 s/step
on time step 1348 (time=6.74), 0.0293311 s/step
on time step 1485 (time=7.425), 0.0292426 s/step
on time step 1622 (time=8.11), 0.0292763 s/step
on time step 1760 (time=8.8), 0.029175 s/step
on time step 1898 (time=9.49), 0.0291834 s/step
field decay(t = 10.01): 3.062025660092323 / 3.062025660092323 = 1.0
on time step 2035 (time=10.175), 0.0292348 s/step
on time step 2173 (time=10.865), 0.0291807 s/step
on time step 2309 (time=11.545), 0.0294575 s/step
on time step 2445 (time=12.225), 0.0294869 s/step
on time step 2581 (time=12.905), 0.0295622 s/step
on time step 2719 (time=13.595), 0.0291058 s/step
on time step 2857 (time=14.285), 0.0291126 s/step
on time step 2995 (time=14.975), 0.0291275 s/step
field decay(t = 15.015): 0.5812671746961346 / 3.062025660092323 = 0.18983092867961432
on time step 3132 (time=15.66), 0.0292542 s/step
on time step 3269 (time=16.345), 0.0293369 s/step
on time step 3406 (time=17.03), 0.029213 s/step
on time step 3543 (time=17.715), 0.0292595 s/step
on time step 3680 (time=18.4), 0.0292708 s/step
on time step 3818 (time=19.09), 0.0291843 s/step
on time step 3954 (time=19.77), 0.0294314 s/step
field decay(t = 20.02): 0.030909442509944506 / 3.062025660092323 = 0.010094442679821488
on time step 4091 (time=20.455), 0.029217 s/step
on time step 4229 (time=21.145), 0.0291724 s/step
on time step 4367 (time=21.835), 0.0291908 s/step
on time step 4503 (time=22.515), 0.0295367 s/step
on time step 4640 (time=23.2), 0.029334 s/step
on time step 4776 (time=23.88), 0.0294579 s/step
on time step 4912 (time=24.56), 0.0295136 s/step
field decay(t = 25.025000000000002): 0.0018484161573302936 / 3.062025660092323 = 0.0006036579580050163
on time step 5050 (time=25.25), 0.0290686 s/step
on time step 5188 (time=25.94), 0.0291495 s/step
on time step 5325 (time=26.625), 0.0293765 s/step
on time step 5463 (time=27.315), 0.0290647 s/step
on time step 5600 (time=28), 0.0293029 s/step
on time step 5738 (time=28.69), 0.029196 s/step
on time step 5876 (time=29.38), 0.0291852 s/step
field decay(t = 30.03): 9.377103391812456e-05 / 3.062025660092323 = 3.062385633806128e-05
on time step 6014 (time=30.07), 0.0291907 s/step
on time step 6151 (time=30.755), 0.0292392 s/step
on time step 6289 (time=31.445), 0.029047 s/step
on time step 6425 (time=32.125), 0.0295287 s/step
on time step 6563 (time=32.815), 0.029069 s/step
on time step 6699 (time=33.495), 0.0295725 s/step
on time step 6838 (time=34.19), 0.0288468 s/step
on time step 6974 (time=34.87), 0.029415 s/step
field decay(t = 35.035000000000004): 5.642191086366536e-06 / 3.062025660092323 = 1.8426335088898042e-06
on time step 7112 (time=35.56), 0.0291639 s/step
on time step 7249 (time=36.245), 0.0292177 s/step
on time step 7387 (time=36.935), 0.0291812 s/step
on time step 7524 (time=37.62), 0.0293266 s/step
on time step 7662 (time=38.31), 0.029007 s/step
on time step 7800 (time=39), 0.0291046 s/step
on time step 7937 (time=39.685), 0.0293295 s/step
field decay(t = 40.04): 3.337210659986645e-07 / 3.062025660092323 = 1.0898702461840326e-07
run 0 finished at t = 40.04 (8008 timesteps)
Transmission at f = 1.6666666666666667 (lambda = 600 nm): 0.19052917122522633
l1 = 0.16028801428011247, l2 = 0.3007755194908811
Iteration: l1=0.160288, l2=0.300776, fom=-1.563597e-01
-----------
Initializing structure...
time for choose_chunkdivision = 1.19209e-05 s
Working in 3D dimensions.
Computational cell is 0.5 x 0.5 x 1.5 with resolution 100
time for set_epsilon = 0.697656 s
time for set_conductivity = 0.0129409 s
time for set_conductivity = 0.0138741 s
time for set_conductivity = 0.0220728 s
time for set_conductivity = 0.0152161 s
time for set_conductivity = 0.0148149 s
time for set_conductivity = 0.0148048 s
-----------
on time step 564 (time=2.82), 0.00710282 s/step
field decay(t = 5.005): 0.22967502551788954 / 0.22967502551788954 = 1.0
on time step 1137 (time=5.685), 0.00698918 s/step
on time step 1716 (time=8.58), 0.00692077 s/step
field decay(t = 10.01): 0.2504808233534304 / 0.2504808233534304 = 1.0
on time step 2271 (time=11.355), 0.00720932 s/step
on time step 2848 (time=14.24), 0.0069404 s/step
field decay(t = 15.015): 4.890956457152761e-11 / 0.2504808233534304 = 1.9526271080048243e-10
run 0 finished at t = 15.015 (3003 timesteps)
-----------
Initializing structure...
time for choose_chunkdivision = 1.69277e-05 s
Working in 3D dimensions.
Computational cell is 0.5 x 0.5 x 1.5 with resolution 100
     block, center = (0,0,0)
          size (1e+20,1e+20,0.2)
          axes (1,0,0), (0,1,0), (0,0,1)
          dielectric constant epsilon diagonal = (1,1,1)
     block, center = (0,0,0)
          size (0.0802956,0.150091,0.2)
          axes (1,0,0), (0,1,0), (0,0,1)
          dielectric constant epsilon diagonal = (1,1,1)
time for set_epsilon = 1.33141 s
time for set_conductivity = 0.0248959 s
time for set_conductivity = 0.0258961 s
time for set_conductivity = 0.025768 s
time for set_conductivity = 0.0252101 s
time for set_conductivity = 0.025317 s
time for set_conductivity = 0.025207 s
lorentzian susceptibility: frequency=16.365, gamma=1.95106
lorentzian susceptibility: frequency=7.32593, gamma=0.738804
lorentzian susceptibility: frequency=6.60165, gamma=0.052426
lorentzian susceptibility: frequency=3.61417, gamma=0.364563
lorentzian susceptibility: frequency=0.658148, gamma=3.13427
drude susceptibility: frequency=1e-10, gamma=0.0387146
-----------
on time step 127 (time=0.635), 0.0315071 s/step
on time step 263 (time=1.315), 0.0294203 s/step
on time step 399 (time=1.995), 0.0294359 s/step
on time step 538 (time=2.69), 0.0289609 s/step
on time step 677 (time=3.385), 0.0288949 s/step
on time step 814 (time=4.07), 0.0293298 s/step
on time step 953 (time=4.765), 0.028918 s/step
field decay(t = 5.005): 1.111657252617529 / 1.111657252617529 = 1.0
on time step 1092 (time=5.46), 0.0289665 s/step
on time step 1231 (time=6.155), 0.0288383 s/step
on time step 1370 (time=6.85), 0.0288334 s/step
on time step 1510 (time=7.55), 0.0287355 s/step
on time step 1650 (time=8.25), 0.0286868 s/step
on time step 1791 (time=8.955), 0.0283876 s/step
on time step 1932 (time=9.66), 0.0285342 s/step
field decay(t = 10.01): 3.062025660092323 / 3.062025660092323 = 1.0
on time step 2067 (time=10.335), 0.0298992 s/step
on time step 2184 (time=10.92), 0.0342162 s/step
on time step 2322 (time=11.61), 0.029133 s/step
on time step 2462 (time=12.31), 0.0286724 s/step
on time step 2602 (time=13.01), 0.0286804 s/step
on time step 2744 (time=13.72), 0.0283647 s/step
on time step 2884 (time=14.42), 0.0286968 s/step
field decay(t = 15.015): 0.5812671746961346 / 3.062025660092323 = 0.18983092867961432
on time step 3024 (time=15.12), 0.0286683 s/step
on time step 3164 (time=15.82), 0.0285959 s/step
on time step 3304 (time=16.52), 0.0286308 s/step
on time step 3442 (time=17.21), 0.0291668 s/step
on time step 3583 (time=17.915), 0.0285388 s/step
on time step 3722 (time=18.61), 0.0287838 s/step
on time step 3864 (time=19.32), 0.0283708 s/step
field decay(t = 20.02): 0.030909442509944506 / 3.062025660092323 = 0.010094442679821488
on time step 4004 (time=20.02), 0.0287149 s/step
on time step 4144 (time=20.72), 0.0286322 s/step
on time step 4284 (time=21.42), 0.0288214 s/step
on time step 4426 (time=22.13), 0.0283127 s/step
on time step 4565 (time=22.825), 0.0288265 s/step
on time step 4705 (time=23.525), 0.0287569 s/step
on time step 4839 (time=24.195), 0.0300256 s/step
on time step 4976 (time=24.88), 0.0293379 s/step
field decay(t = 25.025000000000002): 0.0018484161573302936 / 3.062025660092323 = 0.0006036579580050163
on time step 5112 (time=25.56), 0.0294669 s/step
on time step 5252 (time=26.26), 0.028596 s/step
on time step 5389 (time=26.945), 0.0292832 s/step
on time step 5528 (time=27.64), 0.0288076 s/step
on time step 5668 (time=28.34), 0.028609 s/step
on time step 5808 (time=29.04), 0.0287132 s/step
on time step 5948 (time=29.74), 0.02876 s/step
field decay(t = 30.03): 9.377103391812456e-05 / 3.062025660092323 = 3.062385633806128e-05
on time step 6085 (time=30.425), 0.0292256 s/step
on time step 6224 (time=31.12), 0.0288477 s/step
on time step 6366 (time=31.83), 0.0283388 s/step
on time step 6507 (time=32.535), 0.0285308 s/step
on time step 6647 (time=33.235), 0.0286808 s/step
on time step 6787 (time=33.935), 0.0286469 s/step
on time step 6928 (time=34.64), 0.0283702 s/step
field decay(t = 35.035000000000004): 5.642191086366536e-06 / 3.062025660092323 = 1.8426335088898042e-06
on time step 7065 (time=35.325), 0.0293109 s/step
on time step 7205 (time=36.025), 0.0285879 s/step
on time step 7346 (time=36.73), 0.0283994 s/step
on time step 7488 (time=37.44), 0.0282439 s/step
on time step 7629 (time=38.145), 0.0284311 s/step
on time step 7771 (time=38.855), 0.0283406 s/step
on time step 7910 (time=39.55), 0.0289245 s/step
field decay(t = 40.04): 3.337210659986645e-07 / 3.062025660092323 = 1.0898702461840326e-07
run 0 finished at t = 40.04 (8008 timesteps)
Transmission at f = 1.6666666666666667 (lambda = 600 nm): 0.19052917122522633
l1 = 0.16059125435633195, l2 = 0.30018233711314574
-----------
Initializing structure...
time for choose_chunkdivision = 1.09673e-05 s
Working in 3D dimensions.
Computational cell is 0.5 x 0.5 x 1.5 with resolution 100
time for set_epsilon = 0.684572 s
time for set_conductivity = 0.0131409 s
time for set_conductivity = 0.0134761 s
time for set_conductivity = 0.013041 s
time for set_conductivity = 0.012877 s
time for set_conductivity = 0.012867 s
time for set_conductivity = 0.0133209 s
-----------
on time step 568 (time=2.84), 0.0070459 s/step
field decay(t = 5.005): 0.22967502551788954 / 0.22967502551788954 = 1.0
on time step 1127 (time=5.635), 0.0071623 s/step
on time step 1698 (time=8.49), 0.00701271 s/step
field decay(t = 10.01): 0.2504808233534304 / 0.2504808233534304 = 1.0
on time step 2268 (time=11.34), 0.0070284 s/step
on time step 2848 (time=14.24), 0.00689994 s/step
field decay(t = 15.015): 4.890956457152761e-11 / 0.2504808233534304 = 1.9526271080048243e-10
run 0 finished at t = 15.015 (3003 timesteps)
-----------
Initializing structure...
time for choose_chunkdivision = 1.5974e-05 s
Working in 3D dimensions.
Computational cell is 0.5 x 0.5 x 1.5 with resolution 100
     block, center = (0,0,0)
          size (1e+20,1e+20,0.2)
          axes (1,0,0), (0,1,0), (0,0,1)
          dielectric constant epsilon diagonal = (1,1,1)
     block, center = (0,0,0)
          size (0.0803168,0.149978,0.2)
          axes (1,0,0), (0,1,0), (0,0,1)
          dielectric constant epsilon diagonal = (1,1,1)
time for set_epsilon = 1.25564 s
time for set_conductivity = 0.024354 s
time for set_conductivity = 0.024415 s
time for set_conductivity = 0.024472 s
time for set_conductivity = 0.0412741 s
time for set_conductivity = 0.027591 s
time for set_conductivity = 0.0235951 s
lorentzian susceptibility: frequency=16.365, gamma=1.95106
lorentzian susceptibility: frequency=7.32593, gamma=0.738804
lorentzian susceptibility: frequency=6.60165, gamma=0.052426
lorentzian susceptibility: frequency=3.61417, gamma=0.364563
lorentzian susceptibility: frequency=0.658148, gamma=3.13427
drude susceptibility: frequency=1e-10, gamma=0.0387146
-----------
on time step 134 (time=0.67), 0.0298702 s/step
on time step 274 (time=1.37), 0.0287447 s/step
on time step 413 (time=2.065), 0.0288302 s/step
on time step 551 (time=2.755), 0.0291157 s/step
on time step 681 (time=3.405), 0.0309252 s/step
on time step 753 (time=3.765), 0.0563105 s/step
on time step 857 (time=4.285), 0.0385657 s/step
on time step 995 (time=4.975), 0.0291337 s/step
field decay(t = 5.005): 0.9882287207078263 / 0.9882287207078263 = 1.0
on time step 1138 (time=5.69), 0.028087 s/step
on time step 1278 (time=6.39), 0.0286248 s/step
on time step 1419 (time=7.095), 0.0285513 s/step
on time step 1559 (time=7.795), 0.0286826 s/step
on time step 1701 (time=8.505), 0.0283325 s/step
on time step 1838 (time=9.19), 0.0292442 s/step
on time step 1980 (time=9.9), 0.0282376 s/step
field decay(t = 10.01): 2.799090541139064 / 2.799090541139064 = 1.0
on time step 2121 (time=10.605), 0.0283927 s/step
on time step 2260 (time=11.3), 0.0289473 s/step
on time step 2395 (time=11.975), 0.0296588 s/step
on time step 2533 (time=12.665), 0.0290512 s/step
on time step 2669 (time=13.345), 0.029553 s/step
on time step 2808 (time=14.04), 0.0289759 s/step
on time step 2947 (time=14.735), 0.0288672 s/step
field decay(t = 15.015): 0.5049209073981583 / 2.799090541139064 = 0.1803874865700791
on time step 3085 (time=15.425), 0.0290385 s/step
on time step 3222 (time=16.11), 0.0292292 s/step
on time step 3360 (time=16.8), 0.0292137 s/step
on time step 3499 (time=17.495), 0.0288689 s/step
on time step 3639 (time=18.195), 0.0286704 s/step
on time step 3777 (time=18.885), 0.0290404 s/step
on time step 3912 (time=19.56), 0.0296696 s/step
field decay(t = 20.02): 0.030355831613553232 / 2.799090541139064 = 0.010844890927036683
on time step 4050 (time=20.25), 0.0290875 s/step
on time step 4186 (time=20.93), 0.0295652 s/step
on time step 4320 (time=21.6), 0.0300108 s/step
on time step 4459 (time=22.295), 0.0288911 s/step
on time step 4592 (time=22.96), 0.0301716 s/step
on time step 4730 (time=23.65), 0.0290431 s/step
on time step 4867 (time=24.335), 0.0292365 s/step
field decay(t = 25.025000000000002): 0.0017696897115929556 / 2.799090541139064 = 0.0006322373948192461
on time step 5006 (time=25.03), 0.0288935 s/step
on time step 5143 (time=25.715), 0.0292606 s/step
on time step 5281 (time=26.405), 0.0290294 s/step
on time step 5420 (time=27.1), 0.0287985 s/step
on time step 5559 (time=27.795), 0.0289308 s/step
on time step 5698 (time=28.49), 0.0288944 s/step
on time step 5827 (time=29.135), 0.031113 s/step
on time step 5967 (time=29.835), 0.0287064 s/step
field decay(t = 30.03): 9.818030279106486e-05 / 2.799090541139064 = 3.507578670574596e-05
on time step 6093 (time=30.465), 0.0319579 s/step
on time step 6230 (time=31.15), 0.0293751 s/step
on time step 6371 (time=31.855), 0.0284835 s/step
on time step 6508 (time=32.54), 0.0293664 s/step
on time step 6648 (time=33.24), 0.0285878 s/step
on time step 6785 (time=33.925), 0.0292757 s/step
on time step 6921 (time=34.605), 0.0295254 s/step
field decay(t = 35.035000000000004): 5.423870929060349e-06 / 2.799090541139064 = 1.9377261468838216e-06
on time step 7060 (time=35.3), 0.0288602 s/step
on time step 7199 (time=35.995), 0.0288649 s/step
on time step 7340 (time=36.7), 0.0284798 s/step
on time step 7475 (time=37.375), 0.0296627 s/step
on time step 7614 (time=38.07), 0.0288554 s/step
on time step 7754 (time=38.77), 0.0286138 s/step
on time step 7894 (time=39.47), 0.0287415 s/step
field decay(t = 40.04): 3.5496715204305135e-07 / 2.799090541139064 = 1.2681517329503773e-07
run 0 finished at t = 40.04 (8008 timesteps)
Transmission at f = 1.6666666666666667 (lambda = 600 nm): 0.1549535879650249
l1 = 0.160633608664147, l2 = 0.2999555775493904
-----------
Initializing structure...
time for choose_chunkdivision = 1.5974e-05 s
Working in 3D dimensions.
Computational cell is 0.5 x 0.5 x 1.5 with resolution 100
time for set_epsilon = 0.686844 s
time for set_conductivity = 0.0133321 s
time for set_conductivity = 0.013164 s
time for set_conductivity = 0.0134702 s
time for set_conductivity = 0.0220928 s
time for set_conductivity = 0.0211589 s
time for set_conductivity = 0.0227439 s
-----------
on time step 565 (time=2.825), 0.00708167 s/step
field decay(t = 5.005): 0.22967502551788954 / 0.22967502551788954 = 1.0
on time step 1135 (time=5.675), 0.00702453 s/step
on time step 1572 (time=7.86), 0.00916294 s/step
on time step 1997 (time=9.985), 0.00941316 s/step
field decay(t = 10.01): 0.2504808233534304 / 0.2504808233534304 = 1.0
on time step 2145 (time=10.725), 0.0270327 s/step
on time step 2374 (time=11.87), 0.0175014 s/step
on time step 2460 (time=12.3), 0.046645 s/step
on time step 2569 (time=12.845), 0.0368617 s/step
on time step 2750 (time=13.75), 0.0221642 s/step
on time step 2985 (time=14.925), 0.0170559 s/step
field decay(t = 15.015): 4.890956457152761e-11 / 0.2504808233534304 = 1.9526271080048243e-10
run 0 finished at t = 15.015 (3003 timesteps)
-----------
Initializing structure...
time for choose_chunkdivision = 2.90871e-05 s
Working in 3D dimensions.
Computational cell is 0.5 x 0.5 x 1.5 with resolution 100
     block, center = (0,0,0)
          size (1e+20,1e+20,0.2)
          axes (1,0,0), (0,1,0), (0,0,1)
          dielectric constant epsilon diagonal = (1,1,1)
     block, center = (0,0,0)
          size (0.0802956,0.150091,0.2)
          axes (1,0,0), (0,1,0), (0,0,1)
          dielectric constant epsilon diagonal = (1,1,1)
time for set_epsilon = 3.13867 s
time for set_conductivity = 0.0351501 s
time for set_conductivity = 0.034785 s
time for set_conductivity = 0.035784 s
time for set_conductivity = 0.0361052 s
time for set_conductivity = 0.033658 s
time for set_conductivity = 0.034127 s
lorentzian susceptibility: frequency=16.365, gamma=1.95106
lorentzian susceptibility: frequency=7.32593, gamma=0.738804
lorentzian susceptibility: frequency=6.60165, gamma=0.052426
lorentzian susceptibility: frequency=3.61417, gamma=0.364563
lorentzian susceptibility: frequency=0.658148, gamma=3.13427
drude susceptibility: frequency=1e-10, gamma=0.0387146
-----------
on time step 109 (time=0.545), 0.0367009 s/step
on time step 226 (time=1.13), 0.0342465 s/step
on time step 356 (time=1.78), 0.0309464 s/step
on time step 478 (time=2.39), 0.0330224 s/step
on time step 587 (time=2.935), 0.0367546 s/step
on time step 715 (time=3.575), 0.0313085 s/step
on time step 841 (time=4.205), 0.0317963 s/step
on time step 968 (time=4.84), 0.0317423 s/step
field decay(t = 5.005): 1.111657252617529 / 1.111657252617529 = 1.0
on time step 1095 (time=5.475), 0.0317295 s/step
on time step 1214 (time=6.07), 0.0336947 s/step
on time step 1342 (time=6.71), 0.0314295 s/step
on time step 1471 (time=7.355), 0.0310646 s/step
on time step 1598 (time=7.99), 0.0315016 s/step
on time step 1719 (time=8.595), 0.0331879 s/step
on time step 1852 (time=9.26), 0.0301865 s/step
on time step 1987 (time=9.935), 0.0296499 s/step
field decay(t = 10.01): 3.062025660092323 / 3.062025660092323 = 1.0
on time step 2123 (time=10.615), 0.0294788 s/step
on time step 2261 (time=11.305), 0.0291681 s/step
on time step 2398 (time=11.99), 0.0292317 s/step
on time step 2537 (time=12.685), 0.028871 s/step
on time step 2624 (time=13.12), 0.0464349 s/step
on time step 2750 (time=13.75), 0.0319194 s/step
on time step 2872 (time=14.36), 0.0328637 s/step
field decay(t = 15.015): 0.5812671746961346 / 3.062025660092323 = 0.18983092867961432
on time step 3008 (time=15.04), 0.0294755 s/step
on time step 3133 (time=15.665), 0.0322836 s/step
on time step 3258 (time=16.29), 0.0320448 s/step
on time step 3394 (time=16.97), 0.0294433 s/step
on time step 3532 (time=17.66), 0.0291279 s/step
on time step 3670 (time=18.35), 0.029022 s/step
on time step 3807 (time=19.035), 0.0292789 s/step
on time step 3943 (time=19.715), 0.029567 s/step
field decay(t = 20.02): 0.030909442509944506 / 3.062025660092323 = 0.010094442679821488
on time step 4081 (time=20.405), 0.0290575 s/step
on time step 4219 (time=21.095), 0.0291642 s/step
on time step 4357 (time=21.785), 0.0290666 s/step
on time step 4495 (time=22.475), 0.0290879 s/step
on time step 4632 (time=23.16), 0.0293718 s/step
on time step 4771 (time=23.855), 0.0289394 s/step
on time step 4908 (time=24.54), 0.0292342 s/step
field decay(t = 25.025000000000002): 0.0018484161573302936 / 3.062025660092323 = 0.0006036579580050163
on time step 5043 (time=25.215), 0.0296828 s/step
on time step 5182 (time=25.91), 0.028976 s/step
on time step 5321 (time=26.605), 0.0289763 s/step
on time step 5458 (time=27.29), 0.0292626 s/step
on time step 5597 (time=27.985), 0.0289388 s/step
on time step 5735 (time=28.675), 0.0290767 s/step
on time step 5871 (time=29.355), 0.0295566 s/step
field decay(t = 30.03): 9.377103391812456e-05 / 3.062025660092323 = 3.062385633806128e-05
on time step 6009 (time=30.045), 0.0290077 s/step
on time step 6146 (time=30.73), 0.029211 s/step
on time step 6282 (time=31.41), 0.0294826 s/step
on time step 6420 (time=32.1), 0.0290854 s/step
on time step 6558 (time=32.79), 0.0290929 s/step
on time step 6696 (time=33.48), 0.0291757 s/step
on time step 6835 (time=34.175), 0.0289456 s/step
on time step 6972 (time=34.86), 0.0292044 s/step
field decay(t = 35.035000000000004): 5.642191086366536e-06 / 3.062025660092323 = 1.8426335088898042e-06
on time step 7111 (time=35.555), 0.0288994 s/step
on time step 7249 (time=36.245), 0.0290299 s/step
on time step 7387 (time=36.935), 0.0291756 s/step
on time step 7525 (time=37.625), 0.0290581 s/step
on time step 7663 (time=38.315), 0.0291758 s/step
on time step 7800 (time=39), 0.0292399 s/step
on time step 7939 (time=39.695), 0.0289678 s/step
field decay(t = 40.04): 3.337210659986645e-07 / 3.062025660092323 = 1.0898702461840326e-07
run 0 finished at t = 40.04 (8008 timesteps)
Transmission at f = 1.6666666666666667 (lambda = 600 nm): 0.19052917122522633
l1 = 0.16059125435633195, l2 = 0.30018233711314574
Iteration: l1=0.160591, l2=0.300182, fom=-1.563623e-01
-----------
Initializing structure...
time for choose_chunkdivision = 1.40667e-05 s
Working in 3D dimensions.
Computational cell is 0.5 x 0.5 x 1.5 with resolution 100
time for set_epsilon = 0.669861 s
time for set_conductivity = 0.013746 s
time for set_conductivity = 0.0148211 s
time for set_conductivity = 0.013531 s
time for set_conductivity = 0.0158219 s
time for set_conductivity = 0.0139658 s
time for set_conductivity = 0.014179 s
-----------
on time step 557 (time=2.785), 0.0071822 s/step
field decay(t = 5.005): 0.22967502551788954 / 0.22967502551788954 = 1.0
on time step 1112 (time=5.56), 0.00720909 s/step
on time step 1671 (time=8.355), 0.00716235 s/step
field decay(t = 10.01): 0.2504808233534304 / 0.2504808233534304 = 1.0
on time step 2236 (time=11.18), 0.00708463 s/step
on time step 2799 (time=13.995), 0.00711245 s/step
field decay(t = 15.015): 4.890956457152761e-11 / 0.2504808233534304 = 1.9526271080048243e-10
run 0 finished at t = 15.015 (3003 timesteps)
-----------
Initializing structure...
time for choose_chunkdivision = 1.71661e-05 s
Working in 3D dimensions.
Computational cell is 0.5 x 0.5 x 1.5 with resolution 100
     block, center = (0,0,0)
          size (1e+20,1e+20,0.2)
          axes (1,0,0), (0,1,0), (0,0,1)
          dielectric constant epsilon diagonal = (1,1,1)
     block, center = (0,0,0)
          size (0.0800347,0.150458,0.2)
          axes (1,0,0), (0,1,0), (0,0,1)
          dielectric constant epsilon diagonal = (1,1,1)
time for set_epsilon = 1.28832 s
time for set_conductivity = 0.0270529 s
time for set_conductivity = 0.0250452 s
time for set_conductivity = 0.0250249 s
time for set_conductivity = 0.02509 s
time for set_conductivity = 0.0251369 s
time for set_conductivity = 0.0256832 s
lorentzian susceptibility: frequency=16.365, gamma=1.95106
lorentzian susceptibility: frequency=7.32593, gamma=0.738804
lorentzian susceptibility: frequency=6.60165, gamma=0.052426
lorentzian susceptibility: frequency=3.61417, gamma=0.364563
lorentzian susceptibility: frequency=0.658148, gamma=3.13427
drude susceptibility: frequency=1e-10, gamma=0.0387146
-----------
on time step 130 (time=0.65), 0.0309275 s/step
on time step 269 (time=1.345), 0.0289641 s/step
on time step 408 (time=2.04), 0.0289709 s/step
on time step 546 (time=2.73), 0.029054 s/step
on time step 685 (time=3.425), 0.0289041 s/step
on time step 824 (time=4.12), 0.0289163 s/step
on time step 963 (time=4.815), 0.0289548 s/step
field decay(t = 5.005): 1.111657252617529 / 1.111657252617529 = 1.0
on time step 1101 (time=5.505), 0.0291709 s/step
on time step 1239 (time=6.195), 0.0291791 s/step
on time step 1378 (time=6.89), 0.0288919 s/step
on time step 1517 (time=7.585), 0.0289686 s/step
on time step 1654 (time=8.27), 0.0292351 s/step
on time step 1792 (time=8.96), 0.0291329 s/step
on time step 1929 (time=9.645), 0.0292636 s/step
field decay(t = 10.01): 3.062025660092323 / 3.062025660092323 = 1.0
on time step 2067 (time=10.335), 0.0291751 s/step
on time step 2206 (time=11.03), 0.028825 s/step
on time step 2344 (time=11.72), 0.0289895 s/step
on time step 2483 (time=12.415), 0.0289281 s/step
on time step 2622 (time=13.11), 0.0288808 s/step
on time step 2757 (time=13.785), 0.0298378 s/step
on time step 2873 (time=14.365), 0.0345832 s/step
field decay(t = 15.015): 0.5812671746961346 / 3.062025660092323 = 0.18983092867961432
on time step 3007 (time=15.035), 0.029908 s/step
on time step 3148 (time=15.74), 0.0285506 s/step
on time step 3286 (time=16.43), 0.0290063 s/step
on time step 3424 (time=17.12), 0.0290271 s/step
on time step 3548 (time=17.74), 0.0323018 s/step
on time step 3670 (time=18.35), 0.0328895 s/step
on time step 3808 (time=19.04), 0.0289909 s/step
on time step 3946 (time=19.73), 0.0292209 s/step
field decay(t = 20.02): 0.030909442509944506 / 3.062025660092323 = 0.010094442679821488
on time step 4083 (time=20.415), 0.0293639 s/step
on time step 4220 (time=21.1), 0.0293179 s/step
on time step 4360 (time=21.8), 0.0287342 s/step
on time step 4497 (time=22.485), 0.0292815 s/step
on time step 4635 (time=23.175), 0.0290181 s/step
on time step 4773 (time=23.865), 0.0291416 s/step
on time step 4913 (time=24.565), 0.0287607 s/step
field decay(t = 25.025000000000002): 0.0018484161573302936 / 3.062025660092323 = 0.0006036579580050163
on time step 5049 (time=25.245), 0.0295709 s/step
on time step 5186 (time=25.93), 0.0293781 s/step
on time step 5324 (time=26.62), 0.0292042 s/step
on time step 5430 (time=27.15), 0.0377871 s/step
on time step 5567 (time=27.835), 0.0292554 s/step
on time step 5704 (time=28.52), 0.0292126 s/step
on time step 5843 (time=29.215), 0.0288824 s/step
on time step 5981 (time=29.905), 0.0290101 s/step
field decay(t = 30.03): 9.377103391812456e-05 / 3.062025660092323 = 3.062385633806128e-05
on time step 6119 (time=30.595), 0.0290105 s/step
on time step 6258 (time=31.29), 0.0287853 s/step
on time step 6396 (time=31.98), 0.0290011 s/step
on time step 6534 (time=32.67), 0.0290121 s/step
on time step 6672 (time=33.36), 0.0289913 s/step
on time step 6811 (time=34.055), 0.0288242 s/step
on time step 6950 (time=34.75), 0.0289046 s/step
field decay(t = 35.035000000000004): 5.642191086366536e-06 / 3.062025660092323 = 1.8426335088898042e-06
on time step 7090 (time=35.45), 0.0287131 s/step
on time step 7227 (time=36.135), 0.0293006 s/step
on time step 7365 (time=36.825), 0.029119 s/step
on time step 7502 (time=37.51), 0.0292614 s/step
on time step 7641 (time=38.205), 0.0289022 s/step
on time step 7780 (time=38.9), 0.0288057 s/step
on time step 7918 (time=39.59), 0.0292483 s/step
field decay(t = 40.04): 3.337210659986645e-07 / 3.062025660092323 = 1.0898702461840326e-07
run 0 finished at t = 40.04 (8008 timesteps)
Transmission at f = 1.6666666666666667 (lambda = 600 nm): 0.19052917122522633
l1 = 0.1600694828195231, l2 = 0.30091518274110574
-----------
Initializing structure...
time for choose_chunkdivision = 1.19209e-05 s
Working in 3D dimensions.
Computational cell is 0.5 x 0.5 x 1.5 with resolution 100
time for set_epsilon = 0.689234 s
time for set_conductivity = 0.0133491 s
time for set_conductivity = 0.013268 s
time for set_conductivity = 0.0141101 s
time for set_conductivity = 0.017019 s
time for set_conductivity = 0.023649 s
time for set_conductivity = 0.018903 s
-----------
on time step 570 (time=2.85), 0.00702805 s/step
field decay(t = 5.005): 0.22967502551788954 / 0.22967502551788954 = 1.0
on time step 1141 (time=5.705), 0.00701511 s/step
on time step 1718 (time=8.59), 0.00693791 s/step
field decay(t = 10.01): 0.2504808233534304 / 0.2504808233534304 = 1.0
on time step 2292 (time=11.46), 0.00697048 s/step
on time step 2875 (time=14.375), 0.00687073 s/step
field decay(t = 15.015): 4.890956457152761e-11 / 0.2504808233534304 = 1.9526271080048243e-10
run 0 finished at t = 15.015 (3003 timesteps)
-----------
Initializing structure...
time for choose_chunkdivision = 1.5974e-05 s
Working in 3D dimensions.
Computational cell is 0.5 x 0.5 x 1.5 with resolution 100
     block, center = (0,0,0)
          size (1e+20,1e+20,0.2)
          axes (1,0,0), (0,1,0), (0,0,1)
          dielectric constant epsilon diagonal = (1,1,1)
     block, center = (0,0,0)
          size (0.0798497,0.150676,0.2)
          axes (1,0,0), (0,1,0), (0,0,1)
          dielectric constant epsilon diagonal = (1,1,1)
time for set_epsilon = 3.33761 s
time for set_conductivity = 0.051383 s
time for set_conductivity = 0.0490668 s
time for set_conductivity = 0.046593 s
time for set_conductivity = 0.049237 s
time for set_conductivity = 0.0436168 s
time for set_conductivity = 0.045738 s
lorentzian susceptibility: frequency=16.365, gamma=1.95106
lorentzian susceptibility: frequency=7.32593, gamma=0.738804
lorentzian susceptibility: frequency=6.60165, gamma=0.052426
lorentzian susceptibility: frequency=3.61417, gamma=0.364563
lorentzian susceptibility: frequency=0.658148, gamma=3.13427
drude susceptibility: frequency=1e-10, gamma=0.0387146
-----------
on time step 107 (time=0.535), 0.0375206 s/step
on time step 233 (time=1.165), 0.0318383 s/step
on time step 361 (time=1.805), 0.0313649 s/step
on time step 475 (time=2.375), 0.0354354 s/step
on time step 601 (time=3.005), 0.0318997 s/step
on time step 730 (time=3.65), 0.0311669 s/step
on time step 859 (time=4.295), 0.0311767 s/step
on time step 987 (time=4.935), 0.0313822 s/step
field decay(t = 5.005): 0.7112732048901149 / 0.7112732048901149 = 1.0
on time step 1115 (time=5.575), 0.0313148 s/step
on time step 1234 (time=6.17), 0.0338421 s/step
on time step 1361 (time=6.805), 0.0315849 s/step
on time step 1487 (time=7.435), 0.0319005 s/step
on time step 1616 (time=8.08), 0.0311799 s/step
on time step 1686 (time=8.43), 0.0573312 s/step
on time step 1756 (time=8.78), 0.0579124 s/step
on time step 1848 (time=9.24), 0.0438914 s/step
on time step 1976 (time=9.88), 0.031432 s/step
field decay(t = 10.01): 1.773559437365141 / 1.773559437365141 = 1.0
on time step 2075 (time=10.375), 0.0421274 s/step
on time step 2138 (time=10.69), 0.0637986 s/step
on time step 2213 (time=11.065), 0.0537785 s/step
on time step 2301 (time=11.505), 0.0457467 s/step
on time step 2431 (time=12.155), 0.0309743 s/step
on time step 2561 (time=12.805), 0.0309664 s/step
on time step 2690 (time=13.45), 0.0311817 s/step
on time step 2808 (time=14.04), 0.0339573 s/step
on time step 2915 (time=14.575), 0.0383971 s/step
field decay(t = 15.015): 0.2736613285595522 / 1.773559437365141 = 0.1543006243794753
on time step 3036 (time=15.18), 0.0332593 s/step
on time step 3163 (time=15.815), 0.0315279 s/step
on time step 3288 (time=16.44), 0.0321191 s/step
on time step 3410 (time=17.05), 0.0328738 s/step
on time step 3535 (time=17.675), 0.0322074 s/step
on time step 3662 (time=18.31), 0.0315818 s/step
on time step 3750 (time=18.75), 0.0458263 s/step
on time step 3847 (time=19.235), 0.0414155 s/step
on time step 3910 (time=19.55), 0.0636954 s/step
field decay(t = 20.02): 0.01703580056384274 / 1.773559437365141 = 0.009605429739164362
on time step 4014 (time=20.07), 0.0387786 s/step
on time step 4138 (time=20.69), 0.0323768 s/step
on time step 4247 (time=21.235), 0.0369348 s/step
on time step 4369 (time=21.845), 0.0329346 s/step
on time step 4498 (time=22.49), 0.0312205 s/step
on time step 4619 (time=23.095), 0.0332386 s/step
on time step 4745 (time=23.725), 0.0317827 s/step
on time step 4867 (time=24.335), 0.0328286 s/step
on time step 4992 (time=24.96), 0.0322224 s/step
field decay(t = 25.025000000000002): 0.0009345083387083308 / 1.773559437365141 = 0.0005269112041131632
on time step 5117 (time=25.585), 0.0321549 s/step
on time step 5233 (time=26.165), 0.0345449 s/step
on time step 5335 (time=26.675), 0.0394231 s/step
on time step 5462 (time=27.31), 0.0315195 s/step
on time step 5590 (time=27.95), 0.0312663 s/step
on time step 5710 (time=28.55), 0.0335816 s/step
on time step 5808 (time=29.04), 0.0409658 s/step
on time step 5873 (time=29.365), 0.0619619 s/step
on time step 5931 (time=29.655), 0.0693238 s/step
field decay(t = 30.03): 5.8856447635206246e-05 / 1.773559437365141 = 3.318549488403126e-05
on time step 6028 (time=30.14), 0.041596 s/step
on time step 6126 (time=30.63), 0.0411481 s/step
on time step 6243 (time=31.215), 0.0341897 s/step
on time step 6348 (time=31.74), 0.03824 s/step
on time step 6459 (time=32.295), 0.0362071 s/step
on time step 6574 (time=32.87), 0.034925 s/step
on time step 6656 (time=33.28), 0.0492255 s/step
on time step 6695 (time=33.475), 0.103905 s/step
on time step 6757 (time=33.785), 0.0652776 s/step
on time step 6872 (time=34.36), 0.0348256 s/step
on time step 6985 (time=34.925), 0.0355943 s/step
field decay(t = 35.035000000000004): 3.1939914153257995e-06 / 1.773559437365141 = 1.80089336056924e-06
on time step 7095 (time=35.475), 0.036722 s/step
on time step 7179 (time=35.895), 0.0478778 s/step
on time step 7292 (time=36.46), 0.0355297 s/step
on time step 7407 (time=37.035), 0.034901 s/step
on time step 7515 (time=37.575), 0.038328 s/step
on time step 7593 (time=37.965), 0.0516011 s/step
on time step 7706 (time=38.53), 0.0355386 s/step
on time step 7825 (time=39.125), 0.0339191 s/step
on time step 7942 (time=39.71), 0.034321 s/step
field decay(t = 40.04): 2.0441527903949357e-07 / 1.773559437365141 = 1.152570783549153e-07
run 0 finished at t = 40.04 (8008 timesteps)
Transmission at f = 1.6666666666666667 (lambda = 600 nm): 0.015626063522512144
l1 = 0.15969933132082398, l2 = 0.3013514371801981
-----------
Initializing structure...
time for choose_chunkdivision = 1.28746e-05 s
Working in 3D dimensions.
Computational cell is 0.5 x 0.5 x 1.5 with resolution 100
time for set_epsilon = 0.83646 s
time for set_conductivity = 0.0176871 s
time for set_conductivity = 0.016418 s
time for set_conductivity = 0.0200381 s
time for set_conductivity = 0.0182371 s
time for set_conductivity = 0.0177171 s
time for set_conductivity = 0.0196919 s
-----------
on time step 455 (time=2.275), 0.00880892 s/step
on time step 945 (time=4.725), 0.00817243 s/step
field decay(t = 5.005): 0.22967502551788954 / 0.22967502551788954 = 1.0
on time step 1432 (time=7.16), 0.00822573 s/step
on time step 1888 (time=9.44), 0.00878364 s/step
field decay(t = 10.01): 0.2504808233534304 / 0.2504808233534304 = 1.0
on time step 2364 (time=11.82), 0.00841629 s/step
on time step 2834 (time=14.17), 0.00851472 s/step
field decay(t = 15.015): 4.890956457152761e-11 / 0.2504808233534304 = 1.9526271080048243e-10
run 0 finished at t = 15.015 (3003 timesteps)
-----------
Initializing structure...
time for choose_chunkdivision = 2.31266e-05 s
Working in 3D dimensions.
Computational cell is 0.5 x 0.5 x 1.5 with resolution 100
     block, center = (0,0,0)
          size (1e+20,1e+20,0.2)
          axes (1,0,0), (0,1,0), (0,0,1)
          dielectric constant epsilon diagonal = (1,1,1)
     block, center = (0,0,0)
          size (0.0800347,0.150458,0.2)
          axes (1,0,0), (0,1,0), (0,0,1)
          dielectric constant epsilon diagonal = (1,1,1)
time for set_epsilon = 2.86872 s
time for set_conductivity = 0.040673 s
time for set_conductivity = 0.031116 s
time for set_conductivity = 0.0342619 s
time for set_conductivity = 0.030956 s
time for set_conductivity = 0.030581 s
time for set_conductivity = 0.0349669 s
lorentzian susceptibility: frequency=16.365, gamma=1.95106
lorentzian susceptibility: frequency=7.32593, gamma=0.738804
lorentzian susceptibility: frequency=6.60165, gamma=0.052426
lorentzian susceptibility: frequency=3.61417, gamma=0.364563
lorentzian susceptibility: frequency=0.658148, gamma=3.13427
drude susceptibility: frequency=1e-10, gamma=0.0387146
-----------
on time step 85 (time=0.425), 0.0473144 s/step
on time step 189 (time=0.945), 0.038667 s/step
on time step 307 (time=1.535), 0.0340812 s/step
on time step 418 (time=2.09), 0.0362448 s/step
on time step 533 (time=2.665), 0.0349967 s/step
on time step 651 (time=3.255), 0.0340955 s/step
on time step 763 (time=3.815), 0.0359858 s/step
on time step 880 (time=4.4), 0.0344213 s/step
on time step 975 (time=4.875), 0.042315 s/step
field decay(t = 5.005): 1.111657252617529 / 1.111657252617529 = 1.0
on time step 1089 (time=5.445), 0.0352002 s/step
on time step 1201 (time=6.005), 0.0358096 s/step
on time step 1315 (time=6.575), 0.0351998 s/step
on time step 1430 (time=7.15), 0.0349239 s/step
on time step 1545 (time=7.725), 0.0348612 s/step
on time step 1662 (time=8.31), 0.034231 s/step
on time step 1776 (time=8.88), 0.0352858 s/step
on time step 1889 (time=9.445), 0.0356926 s/step
field decay(t = 10.01): 3.062025660092323 / 3.062025660092323 = 1.0
on time step 2004 (time=10.02), 0.034912 s/step
on time step 2121 (time=10.605), 0.0343422 s/step
on time step 2235 (time=11.175), 0.0353485 s/step
on time step 2350 (time=11.75), 0.0350779 s/step
on time step 2469 (time=12.345), 0.0338117 s/step
on time step 2564 (time=12.82), 0.0421169 s/step
on time step 2682 (time=13.41), 0.0341086 s/step
on time step 2799 (time=13.995), 0.034482 s/step
on time step 2916 (time=14.58), 0.0344594 s/step
field decay(t = 15.015): 0.5812671746961346 / 3.062025660092323 = 0.18983092867961432
on time step 3032 (time=15.16), 0.0346113 s/step
on time step 3150 (time=15.75), 0.034113 s/step
on time step 3266 (time=16.33), 0.0346352 s/step
on time step 3384 (time=16.92), 0.0339005 s/step
on time step 3502 (time=17.51), 0.0340418 s/step
on time step 3617 (time=18.085), 0.0349894 s/step
on time step 3736 (time=18.68), 0.033751 s/step
on time step 3848 (time=19.24), 0.0359883 s/step
on time step 3962 (time=19.81), 0.0353269 s/step
field decay(t = 20.02): 0.030909442509944506 / 3.062025660092323 = 0.010094442679821488
on time step 4078 (time=20.39), 0.0346787 s/step
on time step 4196 (time=20.98), 0.0341587 s/step
on time step 4310 (time=21.55), 0.0351945 s/step
on time step 4428 (time=22.14), 0.0339243 s/step
on time step 4545 (time=22.725), 0.0344651 s/step
on time step 4660 (time=23.3), 0.0348527 s/step
on time step 4776 (time=23.88), 0.0346078 s/step
on time step 4889 (time=24.445), 0.0355149 s/step
on time step 5002 (time=25.01), 0.0355261 s/step
field decay(t = 25.025000000000002): 0.0018484161573302936 / 3.062025660092323 = 0.0006036579580050163
on time step 5115 (time=25.575), 0.0354503 s/step
on time step 5227 (time=26.135), 0.0357951 s/step
on time step 5339 (time=26.695), 0.0357445 s/step
on time step 5450 (time=27.25), 0.0361793 s/step
on time step 5563 (time=27.815), 0.0354999 s/step
on time step 5676 (time=28.38), 0.0355291 s/step
on time step 5786 (time=28.93), 0.0366109 s/step
on time step 5902 (time=29.51), 0.0347871 s/step
field decay(t = 30.03): 9.377103391812456e-05 / 3.062025660092323 = 3.062385633806128e-05
on time step 6008 (time=30.04), 0.0380341 s/step
on time step 6105 (time=30.525), 0.0413523 s/step
on time step 6193 (time=30.965), 0.045641 s/step
on time step 6302 (time=31.51), 0.0370049 s/step
on time step 6411 (time=32.055), 0.0367206 s/step
on time step 6524 (time=32.62), 0.0354617 s/step
on time step 6636 (time=33.18), 0.0357187 s/step
on time step 6745 (time=33.725), 0.0368936 s/step
on time step 6858 (time=34.29), 0.035486 s/step
on time step 6960 (time=34.8), 0.0395079 s/step
field decay(t = 35.035000000000004): 5.642191086366536e-06 / 3.062025660092323 = 1.8426335088898042e-06
on time step 7072 (time=35.36), 0.0359749 s/step
on time step 7183 (time=35.915), 0.0361745 s/step
on time step 7296 (time=36.48), 0.0356476 s/step
on time step 7392 (time=36.96), 0.0420631 s/step
on time step 7506 (time=37.53), 0.0353653 s/step
on time step 7615 (time=38.075), 0.0369492 s/step
on time step 7728 (time=38.64), 0.0354075 s/step
on time step 7840 (time=39.2), 0.0357472 s/step
on time step 7948 (time=39.74), 0.037074 s/step
field decay(t = 40.04): 3.337210659986645e-07 / 3.062025660092323 = 1.0898702461840326e-07
run 0 finished at t = 40.04 (8008 timesteps)
Transmission at f = 1.6666666666666667 (lambda = 600 nm): 0.19052917122522633
l1 = 0.1600694828195231, l2 = 0.30091518274110574
Iteration: l1=0.160069, l2=0.300915, fom=-1.563882e-01
-----------
Initializing structure...
time for choose_chunkdivision = 1.5974e-05 s
Working in 3D dimensions.
Computational cell is 0.5 x 0.5 x 1.5 with resolution 100
time for set_epsilon = 0.841769 s
time for set_conductivity = 0.0166931 s
time for set_conductivity = 0.016145 s
time for set_conductivity = 0.016727 s
time for set_conductivity = 0.0172009 s
time for set_conductivity = 0.0207858 s
time for set_conductivity = 0.019202 s
-----------
on time step 440 (time=2.2), 0.00910347 s/step
on time step 869 (time=4.345), 0.00933684 s/step
field decay(t = 5.005): 0.22967502551788954 / 0.22967502551788954 = 1.0
on time step 1334 (time=6.67), 0.00860497 s/step
on time step 1714 (time=8.57), 0.0105373 s/step
field decay(t = 10.01): 0.2504808233534304 / 0.2504808233534304 = 1.0
on time step 2157 (time=10.785), 0.00904906 s/step
on time step 2630 (time=13.15), 0.00847603 s/step
field decay(t = 15.015): 4.890956457152761e-11 / 0.2504808233534304 = 1.9526271080048243e-10
run 0 finished at t = 15.015 (3003 timesteps)
-----------
Initializing structure...
time for choose_chunkdivision = 2.7895e-05 s
Working in 3D dimensions.
Computational cell is 0.5 x 0.5 x 1.5 with resolution 100
     block, center = (0,0,0)
          size (1e+20,1e+20,0.2)
          axes (1,0,0), (0,1,0), (0,0,1)
          dielectric constant epsilon diagonal = (1,1,1)
     block, center = (0,0,0)
          size (0.0801864,0.150161,0.2)
          axes (1,0,0), (0,1,0), (0,0,1)
          dielectric constant epsilon diagonal = (1,1,1)
time for set_epsilon = 1.58875 s
time for set_conductivity = 0.033196 s
time for set_conductivity = 0.036834 s
time for set_conductivity = 0.0302281 s
time for set_conductivity = 0.0317001 s
time for set_conductivity = 0.0307429 s
time for set_conductivity = 0.0306749 s
lorentzian susceptibility: frequency=16.365, gamma=1.95106
lorentzian susceptibility: frequency=7.32593, gamma=0.738804
lorentzian susceptibility: frequency=6.60165, gamma=0.052426
lorentzian susceptibility: frequency=3.61417, gamma=0.364563
lorentzian susceptibility: frequency=0.658148, gamma=3.13427
drude susceptibility: frequency=1e-10, gamma=0.0387146
-----------
on time step 90 (time=0.45), 0.0446679 s/step
on time step 201 (time=1.005), 0.0360551 s/step
on time step 310 (time=1.55), 0.0367061 s/step
on time step 421 (time=2.105), 0.0362591 s/step
on time step 527 (time=2.635), 0.0377432 s/step
on time step 637 (time=3.185), 0.0364539 s/step
on time step 702 (time=3.51), 0.0618713 s/step
on time step 807 (time=4.035), 0.0383986 s/step
on time step 869 (time=4.345), 0.0647482 s/step
on time step 936 (time=4.68), 0.0597257 s/step
field decay(t = 5.005): 1.111657252617529 / 1.111657252617529 = 1.0
on time step 1031 (time=5.155), 0.0424105 s/step
on time step 1127 (time=5.635), 0.0420311 s/step
on time step 1222 (time=6.11), 0.0421765 s/step
on time step 1344 (time=6.72), 0.0328009 s/step
on time step 1408 (time=7.04), 0.0632281 s/step
on time step 1478 (time=7.39), 0.0572004 s/step
on time step 1585 (time=7.925), 0.0374995 s/step
on time step 1685 (time=8.425), 0.0402597 s/step
on time step 1793 (time=8.965), 0.0370499 s/step
on time step 1901 (time=9.505), 0.0370545 s/step
field decay(t = 10.01): 3.062025660092323 / 3.062025660092323 = 1.0
on time step 2006 (time=10.03), 0.0381524 s/step
on time step 2115 (time=10.575), 0.0367908 s/step
on time step 2222 (time=11.11), 0.0376813 s/step
on time step 2332 (time=11.66), 0.0365261 s/step
on time step 2438 (time=12.19), 0.0378516 s/step
on time step 2545 (time=12.725), 0.0375063 s/step
on time step 2652 (time=13.26), 0.0376598 s/step
on time step 2764 (time=13.82), 0.0359269 s/step
on time step 2872 (time=14.36), 0.0372472 s/step
on time step 2983 (time=14.915), 0.0361016 s/step
field decay(t = 15.015): 0.5812671746961346 / 3.062025660092323 = 0.18983092867961432
on time step 3091 (time=15.455), 0.0371173 s/step
on time step 3195 (time=15.975), 0.0385873 s/step
on time step 3304 (time=16.52), 0.0368898 s/step
on time step 3398 (time=16.99), 0.0429791 s/step
on time step 3503 (time=17.515), 0.03811 s/step
on time step 3610 (time=18.05), 0.0375552 s/step
on time step 3713 (time=18.565), 0.03902 s/step
on time step 3819 (time=19.095), 0.0380234 s/step
on time step 3926 (time=19.63), 0.0374871 s/step
field decay(t = 20.02): 0.030909442509944506 / 3.062025660092323 = 0.010094442679821488
on time step 4035 (time=20.175), 0.0370041 s/step
on time step 4103 (time=20.515), 0.0589248 s/step
on time step 4196 (time=20.98), 0.0431175 s/step
on time step 4304 (time=21.52), 0.0374294 s/step
on time step 4387 (time=21.935), 0.0505357 s/step
on time step 4485 (time=22.425), 0.0410539 s/step
on time step 4612 (time=23.06), 0.0315428 s/step
on time step 4741 (time=23.705), 0.0310271 s/step
on time step 4872 (time=24.36), 0.0306187 s/step
on time step 4985 (time=24.925), 0.0355372 s/step
field decay(t = 25.025000000000002): 0.0018484161573302936 / 3.062025660092323 = 0.0006036579580050163
on time step 5112 (time=25.56), 0.0320093 s/step
on time step 5205 (time=26.025), 0.0432032 s/step
on time step 5306 (time=26.53), 0.0397781 s/step
on time step 5413 (time=27.065), 0.0374965 s/step
on time step 5518 (time=27.59), 0.0383622 s/step
on time step 5623 (time=28.115), 0.0383274 s/step
on time step 5729 (time=28.645), 0.0377648 s/step
on time step 5810 (time=29.05), 0.0497906 s/step
on time step 5885 (time=29.425), 0.0537116 s/step
on time step 5964 (time=29.82), 0.0510157 s/step
field decay(t = 30.03): 9.377103391812456e-05 / 3.062025660092323 = 3.062385633806128e-05
on time step 6077 (time=30.385), 0.0356321 s/step
on time step 6178 (time=30.89), 0.0397368 s/step
on time step 6284 (time=31.42), 0.0379326 s/step
on time step 6389 (time=31.945), 0.0383339 s/step
on time step 6497 (time=32.485), 0.0373089 s/step
on time step 6600 (time=33), 0.0389507 s/step
on time step 6710 (time=33.55), 0.0366214 s/step
on time step 6815 (time=34.075), 0.0383838 s/step
on time step 6927 (time=34.635), 0.0358798 s/step
field decay(t = 35.035000000000004): 5.642191086366536e-06 / 3.062025660092323 = 1.8426335088898042e-06
on time step 7032 (time=35.16), 0.0381787 s/step
on time step 7137 (time=35.685), 0.0382542 s/step
on time step 7247 (time=36.235), 0.0364744 s/step
on time step 7353 (time=36.765), 0.0380797 s/step
on time step 7457 (time=37.285), 0.038538 s/step
on time step 7570 (time=37.85), 0.0356374 s/step
on time step 7676 (time=38.38), 0.0380256 s/step
on time step 7784 (time=38.92), 0.0371749 s/step
on time step 7892 (time=39.46), 0.0370966 s/step
on time step 7972 (time=39.86), 0.0500692 s/step
field decay(t = 40.04): 3.337210659986645e-07 / 3.062025660092323 = 1.0898702461840326e-07
run 0 finished at t = 40.04 (8008 timesteps)
Transmission at f = 1.6666666666666667 (lambda = 600 nm): 0.19052917122522633
l1 = 0.16037272289574261, l2 = 0.3003220003633703
-----------
Initializing structure...
time for choose_chunkdivision = 1.5974e-05 s
Working in 3D dimensions.
Computational cell is 0.5 x 0.5 x 1.5 with resolution 100
time for set_epsilon = 0.85508 s
time for set_conductivity = 0.017333 s
time for set_conductivity = 0.0170581 s
time for set_conductivity = 0.0189309 s
time for set_conductivity = 0.020853 s
time for set_conductivity = 0.0356998 s
time for set_conductivity = 0.0384171 s
-----------
on time step 446 (time=2.23), 0.00898113 s/step
on time step 871 (time=4.355), 0.00942056 s/step
field decay(t = 5.005): 0.22967502551788954 / 0.22967502551788954 = 1.0
on time step 1327 (time=6.635), 0.0087762 s/step
on time step 1865 (time=9.325), 0.00745215 s/step
field decay(t = 10.01): 0.2504808233534304 / 0.2504808233534304 = 1.0
on time step 2406 (time=12.03), 0.00739725 s/step
on time step 2963 (time=14.815), 0.00718689 s/step
field decay(t = 15.015): 4.890956457152761e-11 / 0.2504808233534304 = 1.9526271080048243e-10
run 0 finished at t = 15.015 (3003 timesteps)
-----------
Initializing structure...
time for choose_chunkdivision = 1.81198e-05 s
Working in 3D dimensions.
Computational cell is 0.5 x 0.5 x 1.5 with resolution 100
     block, center = (0,0,0)
          size (1e+20,1e+20,0.2)
          axes (1,0,0), (0,1,0), (0,0,1)
          dielectric constant epsilon diagonal = (1,1,1)
     block, center = (0,0,0)
          size (0.0802075,0.150048,0.2)
          axes (1,0,0), (0,1,0), (0,0,1)
          dielectric constant epsilon diagonal = (1,1,1)
time for set_epsilon = 1.32294 s
time for set_conductivity = 0.028887 s
time for set_conductivity = 0.02598 s
time for set_conductivity = 0.027056 s
time for set_conductivity = 0.0279529 s
time for set_conductivity = 0.026655 s
time for set_conductivity = 0.0271261 s
lorentzian susceptibility: frequency=16.365, gamma=1.95106
lorentzian susceptibility: frequency=7.32593, gamma=0.738804
lorentzian susceptibility: frequency=6.60165, gamma=0.052426
lorentzian susceptibility: frequency=3.61417, gamma=0.364563
lorentzian susceptibility: frequency=0.658148, gamma=3.13427
drude susceptibility: frequency=1e-10, gamma=0.0387146
-----------
on time step 116 (time=0.58), 0.0346852 s/step
on time step 248 (time=1.24), 0.0303114 s/step
on time step 380 (time=1.9), 0.0304551 s/step
on time step 512 (time=2.56), 0.0303522 s/step
on time step 644 (time=3.22), 0.0303159 s/step
on time step 777 (time=3.885), 0.0301473 s/step
on time step 910 (time=4.55), 0.0301947 s/step
field decay(t = 5.005): 1.111657252617529 / 1.111657252617529 = 1.0
on time step 1026 (time=5.13), 0.0346508 s/step
on time step 1141 (time=5.705), 0.0348075 s/step
on time step 1270 (time=6.35), 0.0311174 s/step
on time step 1402 (time=7.01), 0.0303203 s/step
on time step 1534 (time=7.67), 0.030532 s/step
on time step 1666 (time=8.33), 0.0303095 s/step
on time step 1799 (time=8.995), 0.0302373 s/step
on time step 1931 (time=9.655), 0.0304035 s/step
field decay(t = 10.01): 3.062025660092323 / 3.062025660092323 = 1.0
on time step 2064 (time=10.32), 0.0302415 s/step
on time step 2197 (time=10.985), 0.030169 s/step
on time step 2329 (time=11.645), 0.0303387 s/step
on time step 2462 (time=12.31), 0.0302777 s/step
on time step 2596 (time=12.98), 0.0300364 s/step
on time step 2729 (time=13.645), 0.0301655 s/step
on time step 2857 (time=14.285), 0.0314194 s/step
on time step 2990 (time=14.95), 0.0302878 s/step
field decay(t = 15.015): 0.5812671746961346 / 3.062025660092323 = 0.18983092867961432
on time step 3123 (time=15.615), 0.0301552 s/step
on time step 3256 (time=16.28), 0.0300813 s/step
on time step 3389 (time=16.945), 0.0301494 s/step
on time step 3522 (time=17.61), 0.0301941 s/step
on time step 3654 (time=18.27), 0.0303669 s/step
on time step 3787 (time=18.935), 0.0301561 s/step
on time step 3920 (time=19.6), 0.0301276 s/step
field decay(t = 20.02): 0.030909442509944506 / 3.062025660092323 = 0.010094442679821488
on time step 4053 (time=20.265), 0.0301606 s/step
on time step 4186 (time=20.93), 0.0302796 s/step
on time step 4318 (time=21.59), 0.0303187 s/step
on time step 4451 (time=22.255), 0.0302522 s/step
on time step 4584 (time=22.92), 0.0302425 s/step
on time step 4717 (time=23.585), 0.0302885 s/step
on time step 4851 (time=24.255), 0.0299174 s/step
on time step 4983 (time=24.915), 0.0304418 s/step
field decay(t = 25.025000000000002): 0.0018484161573302936 / 3.062025660092323 = 0.0006036579580050163
on time step 5117 (time=25.585), 0.0300143 s/step
on time step 5250 (time=26.25), 0.0301432 s/step
on time step 5383 (time=26.915), 0.0302517 s/step
on time step 5517 (time=27.585), 0.0300747 s/step
on time step 5649 (time=28.245), 0.0303701 s/step
on time step 5781 (time=28.905), 0.0304733 s/step
on time step 5913 (time=29.565), 0.0303828 s/step
field decay(t = 30.03): 9.377103391812456e-05 / 3.062025660092323 = 3.062385633806128e-05
on time step 6047 (time=30.235), 0.0299455 s/step
on time step 6179 (time=30.895), 0.0303098 s/step
on time step 6309 (time=31.545), 0.030945 s/step
on time step 6441 (time=32.205), 0.030575 s/step
on time step 6575 (time=32.875), 0.0299549 s/step
on time step 6708 (time=33.54), 0.0302683 s/step
on time step 6841 (time=34.205), 0.0303199 s/step
on time step 6912 (time=34.56), 0.0567714 s/step
on time step 6980 (time=34.9), 0.0592 s/step
field decay(t = 35.035000000000004): 5.642191086366536e-06 / 3.062025660092323 = 1.8426335088898042e-06
on time step 7067 (time=35.335), 0.046336 s/step
on time step 7179 (time=35.895), 0.0357609 s/step
on time step 7282 (time=36.41), 0.0389385 s/step
on time step 7392 (time=36.96), 0.0366699 s/step
on time step 7500 (time=37.5), 0.0370745 s/step
on time step 7612 (time=38.06), 0.035965 s/step
on time step 7725 (time=38.625), 0.035624 s/step
on time step 7835 (time=39.175), 0.036586 s/step
on time step 7945 (time=39.725), 0.0364741 s/step
field decay(t = 40.04): 3.337210659986645e-07 / 3.062025660092323 = 1.0898702461840326e-07
run 0 finished at t = 40.04 (8008 timesteps)
Transmission at f = 1.6666666666666667 (lambda = 600 nm): 0.19052917122522633
l1 = 0.1604150772035577, l2 = 0.3000952407996149
-----------
Initializing structure...
time for choose_chunkdivision = 1.62125e-05 s
Working in 3D dimensions.
Computational cell is 0.5 x 0.5 x 1.5 with resolution 100
time for set_epsilon = 0.89904 s
time for set_conductivity = 0.0168569 s
time for set_conductivity = 0.0183029 s
time for set_conductivity = 0.0171671 s
time for set_conductivity = 0.0353792 s
time for set_conductivity = 0.0378771 s
time for set_conductivity = 0.0373559 s
-----------
on time step 413 (time=2.065), 0.00969269 s/step
on time step 853 (time=4.265), 0.00910266 s/step
field decay(t = 5.005): 0.22967502551788954 / 0.22967502551788954 = 1.0
on time step 1312 (time=6.56), 0.00872022 s/step
on time step 1678 (time=8.39), 0.0109492 s/step
field decay(t = 10.01): 0.2504808233534304 / 0.2504808233534304 = 1.0
on time step 2064 (time=10.32), 0.0104149 s/step
on time step 2310 (time=11.55), 0.0162881 s/step
on time step 2554 (time=12.77), 0.016525 s/step
on time step 2842 (time=14.21), 0.0139025 s/step
field decay(t = 15.015): 4.890956457152761e-11 / 0.2504808233534304 = 1.9526271080048243e-10
run 0 finished at t = 15.015 (3003 timesteps)
-----------
Initializing structure...
time for choose_chunkdivision = 2.21729e-05 s
Working in 3D dimensions.
Computational cell is 0.5 x 0.5 x 1.5 with resolution 100
     block, center = (0,0,0)
          size (1e+20,1e+20,0.2)
          axes (1,0,0), (0,1,0), (0,0,1)
          dielectric constant epsilon diagonal = (1,1,1)
     block, center = (0,0,0)
          size (0.0802075,0.150048,0.2)
          axes (1,0,0), (0,1,0), (0,0,1)
          dielectric constant epsilon diagonal = (1,1,1)
time for set_epsilon = 2.32782 s
time for set_conductivity = 0.0569351 s
time for set_conductivity = 0.060555 s
time for set_conductivity = 0.0572851 s
time for set_conductivity = 0.0500238 s
time for set_conductivity = 0.04792 s
time for set_conductivity = 0.0458491 s
lorentzian susceptibility: frequency=16.365, gamma=1.95106
lorentzian susceptibility: frequency=7.32593, gamma=0.738804
lorentzian susceptibility: frequency=6.60165, gamma=0.052426
lorentzian susceptibility: frequency=3.61417, gamma=0.364563
lorentzian susceptibility: frequency=0.658148, gamma=3.13427
drude susceptibility: frequency=1e-10, gamma=0.0387146
-----------
on time step 85 (time=0.425), 0.0477318 s/step
on time step 167 (time=0.835), 0.0490904 s/step
on time step 292 (time=1.46), 0.032093 s/step
on time step 424 (time=2.12), 0.0303421 s/step
on time step 549 (time=2.745), 0.0321282 s/step
on time step 680 (time=3.4), 0.0305687 s/step
on time step 805 (time=4.025), 0.0321167 s/step
on time step 930 (time=4.65), 0.0320469 s/step
field decay(t = 5.005): 1.111657252617529 / 1.111657252617529 = 1.0
on time step 1025 (time=5.125), 0.0422553 s/step
on time step 1086 (time=5.43), 0.065806 s/step
on time step 1199 (time=5.995), 0.0356355 s/step
on time step 1336 (time=6.68), 0.0293107 s/step
on time step 1468 (time=7.34), 0.0303221 s/step
on time step 1603 (time=8.015), 0.0296821 s/step
on time step 1736 (time=8.68), 0.0302981 s/step
on time step 1853 (time=9.265), 0.0343613 s/step
on time step 1972 (time=9.86), 0.0337198 s/step
field decay(t = 10.01): 3.062025660092323 / 3.062025660092323 = 1.0
on time step 2021 (time=10.105), 0.083036 s/step
on time step 2120 (time=10.6), 0.0406277 s/step
on time step 2226 (time=11.13), 0.0377627 s/step
on time step 2328 (time=11.64), 0.0394205 s/step
on time step 2428 (time=12.14), 0.0401809 s/step
on time step 2536 (time=12.68), 0.0371262 s/step
on time step 2635 (time=13.175), 0.0406764 s/step
on time step 2748 (time=13.74), 0.0356506 s/step
on time step 2858 (time=14.29), 0.0365396 s/step
on time step 2963 (time=14.815), 0.0381552 s/step
field decay(t = 15.015): 0.5812671746961346 / 3.062025660092323 = 0.18983092867961432
on time step 3071 (time=15.355), 0.0371202 s/step
on time step 3183 (time=15.915), 0.0358775 s/step
on time step 3291 (time=16.455), 0.0371277 s/step
on time step 3398 (time=16.99), 0.0373857 s/step
on time step 3506 (time=17.53), 0.0370655 s/step
on time step 3592 (time=17.96), 0.0466277 s/step
on time step 3705 (time=18.525), 0.0355051 s/step
on time step 3813 (time=19.065), 0.0371695 s/step
on time step 3917 (time=19.585), 0.0387157 s/step
field decay(t = 20.02): 0.030909442509944506 / 3.062025660092323 = 0.010094442679821488
on time step 4026 (time=20.13), 0.0369668 s/step
on time step 4137 (time=20.685), 0.0360659 s/step
on time step 4250 (time=21.25), 0.0356102 s/step
on time step 4361 (time=21.805), 0.0362892 s/step
on time step 4473 (time=22.365), 0.0358421 s/step
on time step 4582 (time=22.91), 0.0367588 s/step
on time step 4694 (time=23.47), 0.0358141 s/step
on time step 4803 (time=24.015), 0.0369267 s/step
on time step 4914 (time=24.57), 0.0363318 s/step
field decay(t = 25.025000000000002): 0.0018484161573302936 / 3.062025660092323 = 0.0006036579580050163
on time step 5021 (time=25.105), 0.0374051 s/step
on time step 5134 (time=25.67), 0.0355537 s/step
on time step 5246 (time=26.23), 0.0357301 s/step
on time step 5337 (time=26.685), 0.0443283 s/step
on time step 5448 (time=27.24), 0.0363647 s/step
on time step 5562 (time=27.81), 0.035275 s/step
on time step 5668 (time=28.34), 0.0379428 s/step
on time step 5781 (time=28.905), 0.0356102 s/step
on time step 5895 (time=29.475), 0.0353305 s/step
field decay(t = 30.03): 9.377103391812456e-05 / 3.062025660092323 = 3.062385633806128e-05
on time step 6008 (time=30.04), 0.0356154 s/step
on time step 6115 (time=30.575), 0.0374979 s/step
on time step 6227 (time=31.135), 0.035911 s/step
on time step 6334 (time=31.67), 0.0376241 s/step
on time step 6441 (time=32.205), 0.0375596 s/step
on time step 6550 (time=32.75), 0.0368088 s/step
on time step 6628 (time=33.14), 0.0514082 s/step
on time step 6736 (time=33.68), 0.0374052 s/step
on time step 6849 (time=34.245), 0.0354839 s/step
on time step 6962 (time=34.81), 0.0355319 s/step
field decay(t = 35.035000000000004): 5.642191086366536e-06 / 3.062025660092323 = 1.8426335088898042e-06
on time step 7076 (time=35.38), 0.0351702 s/step
on time step 7186 (time=35.93), 0.036438 s/step
on time step 7299 (time=36.495), 0.0355671 s/step
on time step 7413 (time=37.065), 0.0353857 s/step
on time step 7521 (time=37.605), 0.037186 s/step
on time step 7635 (time=38.175), 0.0353017 s/step
on time step 7749 (time=38.745), 0.0352382 s/step
on time step 7861 (time=39.305), 0.0357758 s/step
on time step 7953 (time=39.765), 0.0438277 s/step
field decay(t = 40.04): 3.337210659986645e-07 / 3.062025660092323 = 1.0898702461840326e-07
run 0 finished at t = 40.04 (8008 timesteps)
Transmission at f = 1.6666666666666667 (lambda = 600 nm): 0.19052917122522633
l1 = 0.1604150772035577, l2 = 0.3000952407996149
Iteration: l1=0.160415, l2=0.300095, fom=-1.564063e-01
-----------
Initializing structure...
time for choose_chunkdivision = 1.78814e-05 s
Working in 3D dimensions.
Computational cell is 0.5 x 0.5 x 1.5 with resolution 100
time for set_epsilon = 0.943153 s
time for set_conductivity = 0.0193901 s
time for set_conductivity = 0.0171959 s
time for set_conductivity = 0.0188239 s
time for set_conductivity = 0.038445 s
time for set_conductivity = 0.042572 s
time for set_conductivity = 0.0406251 s
-----------
on time step 429 (time=2.145), 0.00933672 s/step
on time step 899 (time=4.495), 0.00852216 s/step
field decay(t = 5.005): 0.22967502551788954 / 0.22967502551788954 = 1.0
on time step 1296 (time=6.48), 0.010099 s/step
on time step 1706 (time=8.53), 0.00976587 s/step
field decay(t = 10.01): 0.2504808233534304 / 0.2504808233534304 = 1.0
on time step 2160 (time=10.8), 0.00881451 s/step
on time step 2615 (time=13.075), 0.00879562 s/step
field decay(t = 15.015): 4.890956457152761e-11 / 0.2504808233534304 = 1.9526271080048243e-10
run 0 finished at t = 15.015 (3003 timesteps)
-----------
Initializing structure...
time for choose_chunkdivision = 2.00272e-05 s
Working in 3D dimensions.
Computational cell is 0.5 x 0.5 x 1.5 with resolution 100
     block, center = (0,0,0)
          size (1e+20,1e+20,0.2)
          axes (1,0,0), (0,1,0), (0,0,1)
          dielectric constant epsilon diagonal = (1,1,1)
     block, center = (0,0,0)
          size (0.0799467,0.150414,0.2)
          axes (1,0,0), (0,1,0), (0,0,1)
          dielectric constant epsilon diagonal = (1,1,1)
time for set_epsilon = 1.58808 s
time for set_conductivity = 0.0324872 s
time for set_conductivity = 0.0307789 s
time for set_conductivity = 0.0309942 s
time for set_conductivity = 0.0305719 s
time for set_conductivity = 0.0305831 s
time for set_conductivity = 0.0317202 s
lorentzian susceptibility: frequency=16.365, gamma=1.95106
lorentzian susceptibility: frequency=7.32593, gamma=0.738804
lorentzian susceptibility: frequency=6.60165, gamma=0.052426
lorentzian susceptibility: frequency=3.61417, gamma=0.364563
lorentzian susceptibility: frequency=0.658148, gamma=3.13427
drude susceptibility: frequency=1e-10, gamma=0.0387146
-----------
on time step 74 (time=0.37), 0.054127 s/step
on time step 167 (time=0.835), 0.0433105 s/step
on time step 281 (time=1.405), 0.0352784 s/step
on time step 388 (time=1.94), 0.0374923 s/step
on time step 500 (time=2.5), 0.0359943 s/step
on time step 615 (time=3.075), 0.0349099 s/step
on time step 728 (time=3.64), 0.035693 s/step
on time step 841 (time=4.205), 0.0354592 s/step
on time step 953 (time=4.765), 0.0358028 s/step
field decay(t = 5.005): 0.7112732048901149 / 0.7112732048901149 = 1.0
on time step 1066 (time=5.33), 0.0356483 s/step
on time step 1180 (time=5.9), 0.0351719 s/step
on time step 1271 (time=6.355), 0.0443522 s/step
on time step 1380 (time=6.9), 0.0367374 s/step
on time step 1494 (time=7.47), 0.035137 s/step
on time step 1589 (time=7.945), 0.0424868 s/step
on time step 1676 (time=8.38), 0.0461263 s/step
on time step 1779 (time=8.895), 0.0390274 s/step
on time step 1840 (time=9.2), 0.0661046 s/step
on time step 1944 (time=9.72), 0.0386285 s/step
field decay(t = 10.01): 1.773559437365141 / 1.773559437365141 = 1.0
on time step 2057 (time=10.285), 0.0355602 s/step
on time step 2168 (time=10.84), 0.0362398 s/step
on time step 2279 (time=11.395), 0.0360998 s/step
on time step 2392 (time=11.96), 0.0356637 s/step
on time step 2440 (time=12.2), 0.0839009 s/step
on time step 2503 (time=12.515), 0.0646647 s/step
on time step 2591 (time=12.955), 0.0456084 s/step
on time step 2700 (time=13.5), 0.0367048 s/step
on time step 2810 (time=14.05), 0.036638 s/step
on time step 2920 (time=14.6), 0.0363713 s/step
field decay(t = 15.015): 0.2736613285595522 / 1.773559437365141 = 0.1543006243794753
on time step 3011 (time=15.055), 0.0442172 s/step
on time step 3119 (time=15.595), 0.0371031 s/step
on time step 3227 (time=16.135), 0.0371956 s/step
on time step 3341 (time=16.705), 0.035333 s/step
on time step 3445 (time=17.225), 0.0385536 s/step
on time step 3556 (time=17.78), 0.0360418 s/step
on time step 3669 (time=18.345), 0.0356046 s/step
on time step 3777 (time=18.885), 0.0370562 s/step
on time step 3882 (time=19.41), 0.0382445 s/step
on time step 3994 (time=19.97), 0.0358763 s/step
field decay(t = 20.02): 0.01703580056384274 / 1.773559437365141 = 0.009605429739164362
on time step 4100 (time=20.5), 0.037888 s/step
on time step 4207 (time=21.035), 0.0375427 s/step
on time step 4318 (time=21.59), 0.0361484 s/step
on time step 4399 (time=21.995), 0.0495713 s/step
on time step 4510 (time=22.55), 0.0363051 s/step
on time step 4619 (time=23.095), 0.0370271 s/step
on time step 4730 (time=23.65), 0.036319 s/step
on time step 4836 (time=24.18), 0.0377533 s/step
on time step 4945 (time=24.725), 0.0369215 s/step
field decay(t = 25.025000000000002): 0.0009345083387083308 / 1.773559437365141 = 0.0005269112041131632
on time step 5055 (time=25.275), 0.0365163 s/step
on time step 5169 (time=25.845), 0.035365 s/step
on time step 5275 (time=26.375), 0.0377428 s/step
on time step 5387 (time=26.935), 0.0357879 s/step
on time step 5494 (time=27.47), 0.0375417 s/step
on time step 5607 (time=28.035), 0.035709 s/step
on time step 5717 (time=28.585), 0.0366017 s/step
on time step 5819 (time=29.095), 0.0394137 s/step
on time step 5926 (time=29.63), 0.0374402 s/step
field decay(t = 30.03): 5.8856447635206246e-05 / 1.773559437365141 = 3.318549488403126e-05
on time step 6039 (time=30.195), 0.0355955 s/step
on time step 6141 (time=30.705), 0.039223 s/step
on time step 6243 (time=31.215), 0.0393704 s/step
on time step 6329 (time=31.645), 0.046838 s/step
on time step 6439 (time=32.195), 0.0364927 s/step
on time step 6553 (time=32.765), 0.0352823 s/step
on time step 6668 (time=33.34), 0.0350044 s/step
on time step 6782 (time=33.91), 0.0352925 s/step
on time step 6873 (time=34.365), 0.0442737 s/step
on time step 6982 (time=34.91), 0.036718 s/step
field decay(t = 35.035000000000004): 3.1939914153257995e-06 / 1.773559437365141 = 1.80089336056924e-06
on time step 7096 (time=35.48), 0.035309 s/step
on time step 7208 (time=36.04), 0.0358065 s/step
on time step 7321 (time=36.605), 0.0357089 s/step
on time step 7434 (time=37.17), 0.0354031 s/step
on time step 7542 (time=37.71), 0.0371852 s/step
on time step 7654 (time=38.27), 0.0360076 s/step
on time step 7766 (time=38.83), 0.0358771 s/step
on time step 7875 (time=39.375), 0.0369573 s/step
on time step 7988 (time=39.94), 0.0354273 s/step
field decay(t = 40.04): 2.0441527903949357e-07 / 1.773559437365141 = 1.152570783549153e-07
run 0 finished at t = 40.04 (8008 timesteps)
Transmission at f = 1.6666666666666667 (lambda = 600 nm): 0.015626063522512144
l1 = 0.15989330566674884, l2 = 0.3008280864275749
-----------
Initializing structure...
time for choose_chunkdivision = 1.5974e-05 s
Working in 3D dimensions.
Computational cell is 0.5 x 0.5 x 1.5 with resolution 100
time for set_epsilon = 0.847866 s
time for set_conductivity = 0.0192919 s
time for set_conductivity = 0.020206 s
time for set_conductivity = 0.025254 s
time for set_conductivity = 0.0171311 s
time for set_conductivity = 0.016191 s
time for set_conductivity = 0.016243 s
-----------
on time step 422 (time=2.11), 0.00948151 s/step
on time step 861 (time=4.305), 0.00912997 s/step
field decay(t = 5.005): 0.22967502551788954 / 0.22967502551788954 = 1.0
on time step 1330 (time=6.65), 0.00854138 s/step
on time step 1791 (time=8.955), 0.00868382 s/step
field decay(t = 10.01): 0.2504808233534304 / 0.2504808233534304 = 1.0
on time step 2251 (time=11.255), 0.00870448 s/step
on time step 2703 (time=13.515), 0.00885224 s/step
field decay(t = 15.015): 4.890956457152761e-11 / 0.2504808233534304 = 1.9526271080048243e-10
run 0 finished at t = 15.015 (3003 timesteps)
-----------
Initializing structure...
time for choose_chunkdivision = 4.91142e-05 s
Working in 3D dimensions.
Computational cell is 0.5 x 0.5 x 1.5 with resolution 100
     block, center = (0,0,0)
          size (1e+20,1e+20,0.2)
          axes (1,0,0), (0,1,0), (0,0,1)
          dielectric constant epsilon diagonal = (1,1,1)
     block, center = (0,0,0)
          size (0.0802084,0.150172,0.2)
          axes (1,0,0), (0,1,0), (0,0,1)
          dielectric constant epsilon diagonal = (1,1,1)
time for set_epsilon = 1.72731 s
time for set_conductivity = 0.0409238 s
time for set_conductivity = 0.034364 s
time for set_conductivity = 0.0325291 s
time for set_conductivity = 0.0335641 s
time for set_conductivity = 0.0326619 s
time for set_conductivity = 0.033529 s
lorentzian susceptibility: frequency=16.365, gamma=1.95106
lorentzian susceptibility: frequency=7.32593, gamma=0.738804
lorentzian susceptibility: frequency=6.60165, gamma=0.052426
lorentzian susceptibility: frequency=3.61417, gamma=0.364563
lorentzian susceptibility: frequency=0.658148, gamma=3.13427
drude susceptibility: frequency=1e-10, gamma=0.0387146
-----------
on time step 91 (time=0.455), 0.0440762 s/step
on time step 203 (time=1.015), 0.0357937 s/step
on time step 315 (time=1.575), 0.0359701 s/step
on time step 427 (time=2.135), 0.0359145 s/step
on time step 530 (time=2.65), 0.0391558 s/step
on time step 628 (time=3.14), 0.0411996 s/step
on time step 725 (time=3.625), 0.0414744 s/step
on time step 836 (time=4.18), 0.036136 s/step
on time step 927 (time=4.635), 0.0444904 s/step
on time step 967 (time=4.835), 0.101615 s/step
field decay(t = 5.005): 1.111657252617529 / 1.111657252617529 = 1.0
on time step 1057 (time=5.285), 0.0445951 s/step
on time step 1188 (time=5.94), 0.0308296 s/step
on time step 1322 (time=6.61), 0.0298923 s/step
on time step 1456 (time=7.28), 0.0300363 s/step
on time step 1592 (time=7.96), 0.0296043 s/step
on time step 1724 (time=8.62), 0.030319 s/step
on time step 1859 (time=9.295), 0.0298432 s/step
on time step 1993 (time=9.965), 0.0299764 s/step
field decay(t = 10.01): 3.062025660092323 / 3.062025660092323 = 1.0
on time step 2128 (time=10.64), 0.0297648 s/step
on time step 2263 (time=11.315), 0.0297399 s/step
on time step 2398 (time=11.99), 0.0298068 s/step
on time step 2533 (time=12.665), 0.0297833 s/step
on time step 2668 (time=13.34), 0.0297443 s/step
on time step 2802 (time=14.01), 0.0299171 s/step
on time step 2937 (time=14.685), 0.0298282 s/step
field decay(t = 15.015): 0.5812671746961346 / 3.062025660092323 = 0.18983092867961432
on time step 3072 (time=15.36), 0.0296996 s/step
on time step 3205 (time=16.025), 0.0301161 s/step
on time step 3338 (time=16.69), 0.0301067 s/step
on time step 3450 (time=17.25), 0.0359742 s/step
on time step 3525 (time=17.625), 0.0536311 s/step
on time step 3632 (time=18.16), 0.0378067 s/step
on time step 3729 (time=18.645), 0.0415492 s/step
on time step 3825 (time=19.125), 0.0418112 s/step
on time step 3942 (time=19.71), 0.0344164 s/step
field decay(t = 20.02): 0.030909442509944506 / 3.062025660092323 = 0.010094442679821488
on time step 4038 (time=20.19), 0.0417207 s/step
on time step 4150 (time=20.75), 0.0359936 s/step
on time step 4232 (time=21.16), 0.0493845 s/step
on time step 4280 (time=21.4), 0.0876171 s/step
on time step 4348 (time=21.74), 0.058936 s/step
on time step 4429 (time=22.145), 0.0495326 s/step
on time step 4505 (time=22.525), 0.0529452 s/step
on time step 4620 (time=23.1), 0.0349956 s/step
on time step 4734 (time=23.67), 0.0352612 s/step
on time step 4851 (time=24.255), 0.0343518 s/step
on time step 4967 (time=24.835), 0.0345312 s/step
field decay(t = 25.025000000000002): 0.0018484161573302936 / 3.062025660092323 = 0.0006036579580050163
on time step 5070 (time=25.35), 0.0389857 s/step
on time step 5188 (time=25.94), 0.0341417 s/step
on time step 5304 (time=26.52), 0.034674 s/step
on time step 5421 (time=27.105), 0.0343219 s/step
on time step 5520 (time=27.6), 0.0406385 s/step
on time step 5635 (time=28.175), 0.0349562 s/step
on time step 5766 (time=28.83), 0.0305629 s/step
on time step 5897 (time=29.485), 0.030745 s/step
field decay(t = 30.03): 9.377103391812456e-05 / 3.062025660092323 = 3.062385633806128e-05
on time step 6028 (time=30.14), 0.0306047 s/step
on time step 6161 (time=30.805), 0.0302761 s/step
on time step 6295 (time=31.475), 0.0299286 s/step
on time step 6428 (time=32.14), 0.030313 s/step
on time step 6541 (time=32.705), 0.035617 s/step
on time step 6674 (time=33.37), 0.0302866 s/step
on time step 6808 (time=34.04), 0.0300359 s/step
on time step 6941 (time=34.705), 0.0302571 s/step
field decay(t = 35.035000000000004): 5.642191086366536e-06 / 3.062025660092323 = 1.8426335088898042e-06
on time step 7075 (time=35.375), 0.02995 s/step
on time step 7208 (time=36.04), 0.030084 s/step
on time step 7340 (time=36.7), 0.0303455 s/step
on time step 7474 (time=37.37), 0.0300614 s/step
on time step 7607 (time=38.035), 0.0301101 s/step
on time step 7741 (time=38.705), 0.0299498 s/step
on time step 7876 (time=39.38), 0.0299243 s/step
field decay(t = 40.04): 3.337210659986645e-07 / 3.062025660092323 = 1.0898702461840326e-07
run 0 finished at t = 40.04 (8008 timesteps)
Transmission at f = 1.6666666666666667 (lambda = 600 nm): 0.19052917122522633
l1 = 0.16041676718393616, l2 = 0.30034377444175303
-----------
Initializing structure...
time for choose_chunkdivision = 5.38826e-05 s
Working in 3D dimensions.
Computational cell is 0.5 x 0.5 x 1.5 with resolution 100
time for set_epsilon = 0.753222 s
time for set_conductivity = 0.0235081 s
time for set_conductivity = 0.023792 s
time for set_conductivity = 0.01546 s
time for set_conductivity = 0.028357 s
time for set_conductivity = 0.0144038 s
time for set_conductivity = 0.0141959 s
-----------
on time step 474 (time=2.37), 0.00845899 s/step
on time step 742 (time=3.71), 0.0149505 s/step
field decay(t = 5.005): 0.22967502551788954 / 0.22967502551788954 = 1.0
on time step 1175 (time=5.875), 0.00924958 s/step
on time step 1657 (time=8.285), 0.00831064 s/step
field decay(t = 10.01): 0.2504808233534304 / 0.2504808233534304 = 1.0
on time step 2141 (time=10.705), 0.0082708 s/step
on time step 2628 (time=13.14), 0.00822158 s/step
field decay(t = 15.015): 4.890956457152761e-11 / 0.2504808233534304 = 1.9526271080048243e-10
run 0 finished at t = 15.015 (3003 timesteps)
-----------
Initializing structure...
time for choose_chunkdivision = 1.90735e-05 s
Working in 3D dimensions.
Computational cell is 0.5 x 0.5 x 1.5 with resolution 100
     block, center = (0,0,0)
          size (1e+20,1e+20,0.2)
          axes (1,0,0), (0,1,0), (0,0,1)
          dielectric constant epsilon diagonal = (1,1,1)
     block, center = (0,0,0)
          size (0.0802075,0.150048,0.2)
          axes (1,0,0), (0,1,0), (0,0,1)
          dielectric constant epsilon diagonal = (1,1,1)
time for set_epsilon = 1.5105 s
time for set_conductivity = 0.0307128 s
time for set_conductivity = 0.0306809 s
time for set_conductivity = 0.03142 s
time for set_conductivity = 0.0303371 s
time for set_conductivity = 0.0447249 s
time for set_conductivity = 0.0315032 s
lorentzian susceptibility: frequency=16.365, gamma=1.95106
lorentzian susceptibility: frequency=7.32593, gamma=0.738804
lorentzian susceptibility: frequency=6.60165, gamma=0.052426
lorentzian susceptibility: frequency=3.61417, gamma=0.364563
lorentzian susceptibility: frequency=0.658148, gamma=3.13427
drude susceptibility: frequency=1e-10, gamma=0.0387146
-----------
on time step 88 (time=0.44), 0.0454571 s/step
on time step 203 (time=1.015), 0.0348135 s/step
on time step 319 (time=1.595), 0.0346989 s/step
on time step 436 (time=2.18), 0.0343764 s/step
on time step 553 (time=2.765), 0.0344402 s/step
on time step 671 (time=3.355), 0.0341337 s/step
on time step 787 (time=3.935), 0.0345099 s/step
on time step 903 (time=4.515), 0.0345301 s/step
field decay(t = 5.005): 1.111657252617529 / 1.111657252617529 = 1.0
on time step 1018 (time=5.09), 0.0349147 s/step
on time step 1134 (time=5.67), 0.0346737 s/step
on time step 1250 (time=6.25), 0.0347641 s/step
on time step 1365 (time=6.825), 0.0349779 s/step
on time step 1481 (time=7.405), 0.0346374 s/step
on time step 1579 (time=7.895), 0.0410754 s/step
on time step 1696 (time=8.48), 0.0344428 s/step
on time step 1810 (time=9.05), 0.0352549 s/step
on time step 1928 (time=9.64), 0.0341692 s/step
field decay(t = 10.01): 3.062025660092323 / 3.062025660092323 = 1.0
on time step 2044 (time=10.22), 0.034752 s/step
on time step 2160 (time=10.8), 0.0344829 s/step
on time step 2272 (time=11.36), 0.0357963 s/step
on time step 2390 (time=11.95), 0.034171 s/step
on time step 2507 (time=12.535), 0.0344061 s/step
on time step 2625 (time=13.125), 0.0339654 s/step
on time step 2741 (time=13.705), 0.0345371 s/step
on time step 2858 (time=14.29), 0.0343568 s/step
on time step 2974 (time=14.87), 0.0345575 s/step
field decay(t = 15.015): 0.5812671746961346 / 3.062025660092323 = 0.18983092867961432
on time step 3092 (time=15.46), 0.0341487 s/step
on time step 3207 (time=16.035), 0.0348004 s/step
on time step 3323 (time=16.615), 0.0344864 s/step
on time step 3440 (time=17.2), 0.0343311 s/step
on time step 3556 (time=17.78), 0.0346297 s/step
on time step 3673 (time=18.365), 0.0344067 s/step
on time step 3789 (time=18.945), 0.0347114 s/step
on time step 3907 (time=19.535), 0.0339043 s/step
field decay(t = 20.02): 0.030909442509944506 / 3.062025660092323 = 0.010094442679821488
on time step 4023 (time=20.115), 0.0345017 s/step
on time step 4139 (time=20.695), 0.0346332 s/step
on time step 4254 (time=21.27), 0.0349284 s/step
on time step 4372 (time=21.86), 0.0341387 s/step
on time step 4488 (time=22.44), 0.0345961 s/step
on time step 4606 (time=23.03), 0.0341023 s/step
on time step 4722 (time=23.61), 0.0347802 s/step
on time step 4838 (time=24.19), 0.0346033 s/step
on time step 4955 (time=24.775), 0.0343934 s/step
field decay(t = 25.025000000000002): 0.0018484161573302936 / 3.062025660092323 = 0.0006036579580050163
on time step 5072 (time=25.36), 0.0343887 s/step
on time step 5190 (time=25.95), 0.034066 s/step
on time step 5307 (time=26.535), 0.0344206 s/step
on time step 5425 (time=27.125), 0.0339324 s/step
on time step 5541 (time=27.705), 0.0346205 s/step
on time step 5658 (time=28.29), 0.0343275 s/step
on time step 5776 (time=28.88), 0.0340961 s/step
on time step 5894 (time=29.47), 0.0340736 s/step
field decay(t = 30.03): 9.377103391812456e-05 / 3.062025660092323 = 3.062385633806128e-05
on time step 6011 (time=30.055), 0.0344449 s/step
on time step 6130 (time=30.65), 0.0337029 s/step
on time step 6248 (time=31.24), 0.0341736 s/step
on time step 6366 (time=31.83), 0.0340786 s/step
on time step 6484 (time=32.42), 0.0340818 s/step
on time step 6602 (time=33.01), 0.0341566 s/step
on time step 6719 (time=33.595), 0.0343969 s/step
on time step 6819 (time=34.095), 0.0400554 s/step
on time step 6935 (time=34.675), 0.0346303 s/step
field decay(t = 35.035000000000004): 5.642191086366536e-06 / 3.062025660092323 = 1.8426335088898042e-06
on time step 7054 (time=35.27), 0.0338858 s/step
on time step 7159 (time=35.795), 0.0380962 s/step
on time step 7244 (time=36.22), 0.0471434 s/step
on time step 7365 (time=36.825), 0.0333725 s/step
on time step 7426 (time=37.13), 0.065701 s/step
on time step 7504 (time=37.52), 0.0514951 s/step
on time step 7572 (time=37.86), 0.059014 s/step
on time step 7653 (time=38.265), 0.0497341 s/step
on time step 7748 (time=38.74), 0.0426198 s/step
on time step 7843 (time=39.215), 0.0422715 s/step
on time step 7943 (time=39.715), 0.0400728 s/step
field decay(t = 40.04): 3.337210659986645e-07 / 3.062025660092323 = 1.0898702461840326e-07
run 0 finished at t = 40.04 (8008 timesteps)
Transmission at f = 1.6666666666666667 (lambda = 600 nm): 0.19052917122522633
l1 = 0.1604150772035577, l2 = 0.3000952407996149
Iteration: l1=0.160415, l2=0.300095, fom=-1.564063e-01
-----------
Initializing structure...
time for choose_chunkdivision = 1.5974e-05 s
Working in 3D dimensions.
Computational cell is 0.5 x 0.5 x 1.5 with resolution 100
time for set_epsilon = 0.824033 s
time for set_conductivity = 0.0147369 s
time for set_conductivity = 0.01478 s
time for set_conductivity = 0.0157661 s
time for set_conductivity = 0.0164309 s
time for set_conductivity = 0.0149701 s
time for set_conductivity = 0.0150568 s
-----------
on time step 486 (time=2.43), 0.00824002 s/step
on time step 964 (time=4.82), 0.00838119 s/step
field decay(t = 5.005): 0.22967502551788954 / 0.22967502551788954 = 1.0
on time step 1387 (time=6.935), 0.00946508 s/step
on time step 1912 (time=9.56), 0.00762602 s/step
field decay(t = 10.01): 0.2504808233534304 / 0.2504808233534304 = 1.0
on time step 2417 (time=12.085), 0.00793412 s/step
on time step 2918 (time=14.59), 0.00799181 s/step
field decay(t = 15.015): 4.890956457152761e-11 / 0.2504808233534304 = 1.9526271080048243e-10
run 0 finished at t = 15.015 (3003 timesteps)
-----------
Initializing structure...
time for choose_chunkdivision = 1.90735e-05 s
Working in 3D dimensions.
Computational cell is 0.5 x 0.5 x 1.5 with resolution 100
     block, center = (0,0,0)
          size (1e+20,1e+20,0.2)
          axes (1,0,0), (0,1,0), (0,0,1)
          dielectric constant epsilon diagonal = (1,1,1)
     block, center = (0,0,0)
          size (0.0800339,0.150333,0.2)
          axes (1,0,0), (0,1,0), (0,0,1)
          dielectric constant epsilon diagonal = (1,1,1)
time for set_epsilon = 1.31261 s
time for set_conductivity = 0.025578 s
time for set_conductivity = 0.0268881 s
time for set_conductivity = 0.0293958 s
time for set_conductivity = 0.0259809 s
time for set_conductivity = 0.026082 s
time for set_conductivity = 0.0445991 s
lorentzian susceptibility: frequency=16.365, gamma=1.95106
lorentzian susceptibility: frequency=7.32593, gamma=0.738804
lorentzian susceptibility: frequency=6.60165, gamma=0.052426
lorentzian susceptibility: frequency=3.61417, gamma=0.364563
lorentzian susceptibility: frequency=0.658148, gamma=3.13427
drude susceptibility: frequency=1e-10, gamma=0.0387146
-----------
on time step 98 (time=0.49), 0.041067 s/step
on time step 202 (time=1.01), 0.038733 s/step
on time step 322 (time=1.61), 0.0334511 s/step
on time step 445 (time=2.225), 0.0328026 s/step
on time step 502 (time=2.51), 0.0707258 s/step
on time step 620 (time=3.1), 0.0340499 s/step
on time step 714 (time=3.57), 0.042611 s/step
on time step 827 (time=4.135), 0.035561 s/step
on time step 961 (time=4.805), 0.0300223 s/step
field decay(t = 5.005): 1.111657252617529 / 1.111657252617529 = 1.0
on time step 1075 (time=5.375), 0.0352946 s/step
on time step 1187 (time=5.935), 0.036075 s/step
on time step 1290 (time=6.45), 0.0391587 s/step
on time step 1407 (time=7.035), 0.0342116 s/step
on time step 1536 (time=7.68), 0.0310539 s/step
on time step 1659 (time=8.295), 0.0326318 s/step
on time step 1741 (time=8.705), 0.0498527 s/step
on time step 1808 (time=9.04), 0.0598226 s/step
on time step 1913 (time=9.565), 0.0385843 s/step
field decay(t = 10.01): 3.062025660092323 / 3.062025660092323 = 1.0
on time step 2018 (time=10.09), 0.0381856 s/step
on time step 2081 (time=10.405), 0.0637425 s/step
on time step 2156 (time=10.78), 0.0533939 s/step
on time step 2242 (time=11.21), 0.0466744 s/step
on time step 2334 (time=11.67), 0.0438736 s/step
on time step 2428 (time=12.14), 0.0427102 s/step
on time step 2484 (time=12.42), 0.0730525 s/step
on time step 2549 (time=12.745), 0.0622271 s/step
on time step 2637 (time=13.185), 0.0456291 s/step
on time step 2735 (time=13.675), 0.0409433 s/step
on time step 2824 (time=14.12), 0.045116 s/step
on time step 2919 (time=14.595), 0.0425373 s/step
field decay(t = 15.015): 0.5812671746961346 / 3.062025660092323 = 0.18983092867961432
on time step 3014 (time=15.07), 0.0424286 s/step
on time step 3113 (time=15.565), 0.040713 s/step
on time step 3211 (time=16.055), 0.040945 s/step
on time step 3302 (time=16.51), 0.0442182 s/step
on time step 3390 (time=16.95), 0.0455537 s/step
on time step 3488 (time=17.44), 0.0411373 s/step
on time step 3543 (time=17.715), 0.0730597 s/step
on time step 3608 (time=18.04), 0.0620304 s/step
on time step 3692 (time=18.46), 0.0477494 s/step
on time step 3742 (time=18.71), 0.0810415 s/step
on time step 3805 (time=19.025), 0.0637268 s/step
on time step 3928 (time=19.64), 0.0327665 s/step
field decay(t = 20.02): 0.030909442509944506 / 3.062025660092323 = 0.010094442679821488
on time step 4044 (time=20.22), 0.0344836 s/step
on time step 4144 (time=20.72), 0.0400577 s/step
on time step 4260 (time=21.3), 0.0345052 s/step
on time step 4383 (time=21.915), 0.032676 s/step
on time step 4459 (time=22.295), 0.0528688 s/step
on time step 4573 (time=22.865), 0.0352126 s/step
on time step 4695 (time=23.475), 0.0329244 s/step
on time step 4807 (time=24.035), 0.0359076 s/step
on time step 4925 (time=24.625), 0.0341386 s/step
field decay(t = 25.025000000000002): 0.0018484161573302936 / 3.062025660092323 = 0.0006036579580050163
on time step 5023 (time=25.115), 0.0411382 s/step
on time step 5144 (time=25.72), 0.0331153 s/step
on time step 5257 (time=26.285), 0.0355726 s/step
on time step 5374 (time=26.87), 0.0343136 s/step
on time step 5490 (time=27.45), 0.0345843 s/step
on time step 5610 (time=28.05), 0.0334483 s/step
on time step 5725 (time=28.625), 0.0349568 s/step
on time step 5841 (time=29.205), 0.0346159 s/step
on time step 5960 (time=29.8), 0.0336682 s/step
field decay(t = 30.03): 9.377103391812456e-05 / 3.062025660092323 = 3.062385633806128e-05
on time step 6034 (time=30.17), 0.0543386 s/step
on time step 6158 (time=30.79), 0.0323176 s/step
on time step 6234 (time=31.17), 0.0528215 s/step
on time step 6342 (time=31.71), 0.0371645 s/step
on time step 6416 (time=32.08), 0.0547065 s/step
on time step 6492 (time=32.46), 0.0529699 s/step
on time step 6610 (time=33.05), 0.0339606 s/step
on time step 6736 (time=33.68), 0.0317756 s/step
on time step 6856 (time=34.28), 0.033357 s/step
on time step 6979 (time=34.895), 0.032545 s/step
field decay(t = 35.035000000000004): 5.642191086366536e-06 / 3.062025660092323 = 1.8426335088898042e-06
on time step 7101 (time=35.505), 0.033042 s/step
on time step 7224 (time=36.12), 0.0326026 s/step
on time step 7348 (time=36.74), 0.0324162 s/step
on time step 7471 (time=37.355), 0.0326506 s/step
on time step 7593 (time=37.965), 0.0328729 s/step
on time step 7716 (time=38.58), 0.0326398 s/step
on time step 7840 (time=39.2), 0.032463 s/step
on time step 7963 (time=39.815), 0.0327261 s/step
field decay(t = 40.04): 3.337210659986645e-07 / 3.062025660092323 = 1.0898702461840326e-07
run 0 finished at t = 40.04 (8008 timesteps)
Transmission at f = 1.6666666666666667 (lambda = 600 nm): 0.19052917122522633
l1 = 0.16006779283914463, l2 = 0.3006666490989676
-----------
Initializing structure...
time for choose_chunkdivision = 1.5974e-05 s
Working in 3D dimensions.
Computational cell is 0.5 x 0.5 x 1.5 with resolution 100
time for set_epsilon = 0.797633 s
time for set_conductivity = 0.0160639 s
time for set_conductivity = 0.0155449 s
time for set_conductivity = 0.0150301 s
time for set_conductivity = 0.0160401 s
time for set_conductivity = 0.015938 s
time for set_conductivity = 0.0170152 s
-----------
on time step 481 (time=2.405), 0.00832895 s/step
on time step 981 (time=4.905), 0.00800553 s/step
field decay(t = 5.005): 0.22967502551788954 / 0.22967502551788954 = 1.0
on time step 1491 (time=7.455), 0.00785384 s/step
on time step 1995 (time=9.975), 0.00795276 s/step
field decay(t = 10.01): 0.2504808233534304 / 0.2504808233534304 = 1.0
on time step 2430 (time=12.15), 0.00919554 s/step
on time step 2752 (time=13.76), 0.0124402 s/step
field decay(t = 15.015): 4.890956457152761e-11 / 0.2504808233534304 = 1.9526271080048243e-10
run 0 finished at t = 15.015 (3003 timesteps)
-----------
Initializing structure...
time for choose_chunkdivision = 2.00272e-05 s
Working in 3D dimensions.
Computational cell is 0.5 x 0.5 x 1.5 with resolution 100
     block, center = (0,0,0)
          size (1e+20,1e+20,0.2)
          axes (1,0,0), (0,1,0), (0,0,1)
          dielectric constant epsilon diagonal = (1,1,1)
     block, center = (0,0,0)
          size (0.0799467,0.150414,0.2)
          axes (1,0,0), (0,1,0), (0,0,1)
          dielectric constant epsilon diagonal = (1,1,1)
time for set_epsilon = 1.49266 s
time for set_conductivity = 0.0300782 s
time for set_conductivity = 0.0300579 s
time for set_conductivity = 0.0302968 s
time for set_conductivity = 0.032377 s
time for set_conductivity = 0.0320969 s
time for set_conductivity = 0.0313029 s
lorentzian susceptibility: frequency=16.365, gamma=1.95106
lorentzian susceptibility: frequency=7.32593, gamma=0.738804
lorentzian susceptibility: frequency=6.60165, gamma=0.052426
lorentzian susceptibility: frequency=3.61417, gamma=0.364563
lorentzian susceptibility: frequency=0.658148, gamma=3.13427
drude susceptibility: frequency=1e-10, gamma=0.0387146
-----------
on time step 89 (time=0.445), 0.0451146 s/step
on time step 213 (time=1.065), 0.0323633 s/step
on time step 323 (time=1.615), 0.0363934 s/step
on time step 445 (time=2.225), 0.0330015 s/step
on time step 568 (time=2.84), 0.0326091 s/step
on time step 691 (time=3.455), 0.0325681 s/step
on time step 814 (time=4.07), 0.0327741 s/step
on time step 936 (time=4.68), 0.0329397 s/step
field decay(t = 5.005): 0.7112732048901149 / 0.7112732048901149 = 1.0
on time step 1043 (time=5.215), 0.0374511 s/step
on time step 1166 (time=5.83), 0.032584 s/step
on time step 1288 (time=6.44), 0.0328302 s/step
on time step 1410 (time=7.05), 0.0328327 s/step
on time step 1530 (time=7.65), 0.0333767 s/step
on time step 1640 (time=8.2), 0.037335 s/step
on time step 1729 (time=8.645), 0.0454566 s/step
on time step 1795 (time=8.975), 0.061297 s/step
on time step 1915 (time=9.575), 0.0335188 s/step
field decay(t = 10.01): 1.773559437365141 / 1.773559437365141 = 1.0
on time step 2039 (time=10.195), 0.0324537 s/step
on time step 2140 (time=10.7), 0.0401627 s/step
on time step 2224 (time=11.12), 0.0481929 s/step
on time step 2285 (time=11.425), 0.0660924 s/step
on time step 2366 (time=11.83), 0.0497763 s/step
on time step 2436 (time=12.18), 0.0577071 s/step
on time step 2559 (time=12.795), 0.0326708 s/step
on time step 2693 (time=13.465), 0.0298897 s/step
on time step 2813 (time=14.065), 0.0335052 s/step
on time step 2936 (time=14.68), 0.0327655 s/step
field decay(t = 15.015): 0.2736613285595522 / 1.773559437365141 = 0.1543006243794753
on time step 3020 (time=15.1), 0.0486027 s/step
on time step 3086 (time=15.43), 0.0611063 s/step
on time step 3155 (time=15.775), 0.0582059 s/step
on time step 3230 (time=16.15), 0.0533437 s/step
on time step 3303 (time=16.515), 0.0551552 s/step
on time step 3380 (time=16.9), 0.0520061 s/step
on time step 3453 (time=17.265), 0.0552827 s/step
on time step 3521 (time=17.605), 0.0593297 s/step
on time step 3592 (time=17.96), 0.0569168 s/step
on time step 3669 (time=18.345), 0.0525544 s/step
on time step 3746 (time=18.73), 0.0524578 s/step
on time step 3823 (time=19.115), 0.0522809 s/step
on time step 3897 (time=19.485), 0.0544741 s/step
on time step 3972 (time=19.86), 0.0534733 s/step
field decay(t = 20.02): 0.01703580056384274 / 1.773559437365141 = 0.009605429739164362
on time step 4049 (time=20.245), 0.0523911 s/step
on time step 4127 (time=20.635), 0.0518289 s/step
on time step 4205 (time=21.025), 0.0517446 s/step
on time step 4281 (time=21.405), 0.0529906 s/step
on time step 4342 (time=21.71), 0.0657446 s/step
on time step 4414 (time=22.07), 0.0560749 s/step
on time step 4491 (time=22.455), 0.0525468 s/step
on time step 4569 (time=22.845), 0.0518209 s/step
on time step 4645 (time=23.225), 0.0528706 s/step
on time step 4723 (time=23.615), 0.0514249 s/step
on time step 4796 (time=23.98), 0.0552934 s/step
on time step 4870 (time=24.35), 0.0545589 s/step
on time step 4943 (time=24.715), 0.055244 s/step
field decay(t = 25.025000000000002): 0.0009345083387083308 / 1.773559437365141 = 0.0005269112041131632
on time step 5006 (time=25.03), 0.0636069 s/step
on time step 5072 (time=25.36), 0.0607083 s/step
on time step 5149 (time=25.745), 0.0520513 s/step
on time step 5227 (time=26.135), 0.0516081 s/step
on time step 5302 (time=26.51), 0.0534061 s/step
on time step 5366 (time=26.83), 0.0630132 s/step
on time step 5442 (time=27.21), 0.0528611 s/step
on time step 5516 (time=27.58), 0.0546868 s/step
on time step 5591 (time=27.955), 0.0535768 s/step
on time step 5676 (time=28.38), 0.0471767 s/step
on time step 5753 (time=28.765), 0.0521684 s/step
on time step 5817 (time=29.085), 0.0629739 s/step
on time step 5894 (time=29.47), 0.0522563 s/step
on time step 5971 (time=29.855), 0.0521413 s/step
field decay(t = 30.03): 5.8856447635206246e-05 / 1.773559437365141 = 3.318549488403126e-05
on time step 6049 (time=30.245), 0.0514813 s/step
on time step 6125 (time=30.625), 0.0533202 s/step
on time step 6198 (time=30.99), 0.0550403 s/step
on time step 6274 (time=31.37), 0.0533736 s/step
on time step 6351 (time=31.755), 0.05203 s/step
on time step 6452 (time=32.26), 0.039727 s/step
on time step 6525 (time=32.625), 0.0555269 s/step
on time step 6600 (time=33), 0.055108 s/step
on time step 6666 (time=33.33), 0.0609957 s/step
on time step 6741 (time=33.705), 0.0540018 s/step
on time step 6819 (time=34.095), 0.0518946 s/step
on time step 6894 (time=34.47), 0.053336 s/step
on time step 6963 (time=34.815), 0.0586969 s/step
field decay(t = 35.035000000000004): 3.1939914153257995e-06 / 1.773559437365141 = 1.80089336056924e-06
on time step 7014 (time=35.07), 0.0789766 s/step
on time step 7081 (time=35.405), 0.0602171 s/step
on time step 7154 (time=35.77), 0.0550678 s/step
on time step 7231 (time=36.155), 0.0526818 s/step
on time step 7305 (time=36.525), 0.0546625 s/step
on time step 7375 (time=36.875), 0.0574824 s/step
on time step 7439 (time=37.195), 0.0636225 s/step
on time step 7512 (time=37.56), 0.0554091 s/step
on time step 7589 (time=37.945), 0.0520994 s/step
on time step 7664 (time=38.32), 0.0534688 s/step
on time step 7739 (time=38.695), 0.0534797 s/step
on time step 7813 (time=39.065), 0.0542037 s/step
on time step 7889 (time=39.445), 0.0532135 s/step
on time step 7964 (time=39.82), 0.0534314 s/step
field decay(t = 40.04): 2.0441527903949357e-07 / 1.773559437365141 = 1.152570783549153e-07
run 0 finished at t = 40.04 (8008 timesteps)
Transmission at f = 1.6666666666666667 (lambda = 600 nm): 0.015626063522512144
l1 = 0.15989330566674886, l2 = 0.30082808642757486
-----------
Initializing structure...
time for choose_chunkdivision = 2.81334e-05 s
Working in 3D dimensions.
Computational cell is 0.5 x 0.5 x 1.5 with resolution 100
time for set_epsilon = 1.38651 s
time for set_conductivity = 0.0246589 s
time for set_conductivity = 0.023134 s
time for set_conductivity = 0.0308301 s
time for set_conductivity = 0.0249979 s
time for set_conductivity = 0.0244942 s
time for set_conductivity = 0.0285659 s
-----------
on time step 298 (time=1.49), 0.0134307 s/step
on time step 615 (time=3.075), 0.0126469 s/step
on time step 877 (time=4.385), 0.0152863 s/step
field decay(t = 5.005): 0.22967502551788954 / 0.22967502551788954 = 1.0
on time step 1195 (time=5.975), 0.0126059 s/step
on time step 1515 (time=7.575), 0.0125147 s/step
on time step 1826 (time=9.13), 0.0128815 s/step
field decay(t = 10.01): 0.2504808233534304 / 0.2504808233534304 = 1.0
on time step 2145 (time=10.725), 0.0125537 s/step
on time step 2464 (time=12.32), 0.0125429 s/step
on time step 2786 (time=13.93), 0.0124464 s/step
field decay(t = 15.015): 4.890956457152761e-11 / 0.2504808233534304 = 1.9526271080048243e-10
run 0 finished at t = 15.015 (3003 timesteps)
-----------
Initializing structure...
time for choose_chunkdivision = 3.60012e-05 s
Working in 3D dimensions.
Computational cell is 0.5 x 0.5 x 1.5 with resolution 100
     block, center = (0,0,0)
          size (1e+20,1e+20,0.2)
          axes (1,0,0), (0,1,0), (0,0,1)
          dielectric constant epsilon diagonal = (1,1,1)
     block, center = (0,0,0)
          size (0.0800339,0.150333,0.2)
          axes (1,0,0), (0,1,0), (0,0,1)
          dielectric constant epsilon diagonal = (1,1,1)
time for set_epsilon = 2.5033 s
time for set_conductivity = 0.0508471 s
time for set_conductivity = 0.044426 s
time for set_conductivity = 0.052079 s
time for set_conductivity = 0.0451319 s
time for set_conductivity = 0.0431628 s
time for set_conductivity = 0.0480099 s
lorentzian susceptibility: frequency=16.365, gamma=1.95106
lorentzian susceptibility: frequency=7.32593, gamma=0.738804
lorentzian susceptibility: frequency=6.60165, gamma=0.052426
lorentzian susceptibility: frequency=3.61417, gamma=0.364563
lorentzian susceptibility: frequency=0.658148, gamma=3.13427
drude susceptibility: frequency=1e-10, gamma=0.0387146
-----------
on time step 46 (time=0.23), 0.0874233 s/step
on time step 121 (time=0.605), 0.0537663 s/step
on time step 184 (time=0.92), 0.0643132 s/step
on time step 254 (time=1.27), 0.0579665 s/step
on time step 340 (time=1.7), 0.0467509 s/step
on time step 442 (time=2.21), 0.039253 s/step
on time step 534 (time=2.67), 0.0439409 s/step
on time step 625 (time=3.125), 0.0441933 s/step
on time step 741 (time=3.705), 0.0345769 s/step
on time step 857 (time=4.285), 0.0347303 s/step
on time step 976 (time=4.88), 0.0339371 s/step
field decay(t = 5.005): 1.111657252617529 / 1.111657252617529 = 1.0
on time step 1091 (time=5.455), 0.0348677 s/step
on time step 1183 (time=5.915), 0.0437089 s/step
on time step 1285 (time=6.425), 0.0398483 s/step
on time step 1325 (time=6.625), 0.100293 s/step
on time step 1379 (time=6.895), 0.0746783 s/step
on time step 1443 (time=7.215), 0.0635198 s/step
on time step 1502 (time=7.51), 0.068549 s/step
on time step 1563 (time=7.815), 0.0661794 s/step
on time step 1621 (time=8.105), 0.0690371 s/step
on time step 1684 (time=8.42), 0.0636627 s/step
on time step 1727 (time=8.635), 0.0935034 s/step
on time step 1793 (time=8.965), 0.0614323 s/step
on time step 1859 (time=9.295), 0.0615736 s/step
on time step 1929 (time=9.645), 0.0578317 s/step
on time step 1998 (time=9.99), 0.0580632 s/step
field decay(t = 10.01): 3.062025660092323 / 3.062025660092323 = 1.0
on time step 2062 (time=10.31), 0.0630436 s/step
on time step 2127 (time=10.635), 0.0619864 s/step
on time step 2195 (time=10.975), 0.0591073 s/step
on time step 2255 (time=11.275), 0.0676214 s/step
on time step 2312 (time=11.56), 0.071155 s/step
on time step 2380 (time=11.9), 0.059209 s/step
on time step 2504 (time=12.52), 0.0323507 s/step
on time step 2617 (time=13.085), 0.0357613 s/step
on time step 2690 (time=13.45), 0.0548354 s/step
on time step 2794 (time=13.97), 0.0387078 s/step
on time step 2920 (time=14.6), 0.0318061 s/step
field decay(t = 15.015): 0.5812671746961346 / 3.062025660092323 = 0.18983092867961432
on time step 3056 (time=15.28), 0.0295123 s/step
on time step 3191 (time=15.955), 0.0298039 s/step
on time step 3327 (time=16.635), 0.0294191 s/step
on time step 3455 (time=17.275), 0.031498 s/step
on time step 3580 (time=17.9), 0.03211 s/step
on time step 3695 (time=18.475), 0.0350391 s/step
on time step 3809 (time=19.045), 0.0352574 s/step
on time step 3910 (time=19.55), 0.0397195 s/step
field decay(t = 20.02): 0.030909442509944506 / 3.062025660092323 = 0.010094442679821488
on time step 4004 (time=20.02), 0.0426523 s/step
on time step 4089 (time=20.445), 0.0473122 s/step
on time step 4159 (time=20.795), 0.0579953 s/step
on time step 4278 (time=21.39), 0.0336845 s/step
on time step 4408 (time=22.04), 0.0309348 s/step
on time step 4539 (time=22.695), 0.0307746 s/step
on time step 4674 (time=23.37), 0.0297407 s/step
on time step 4796 (time=23.98), 0.0328087 s/step
on time step 4921 (time=24.605), 0.0321817 s/step
field decay(t = 25.025000000000002): 0.0018484161573302936 / 3.062025660092323 = 0.0006036579580050163
on time step 5044 (time=25.22), 0.0328159 s/step
on time step 5176 (time=25.88), 0.0303089 s/step
on time step 5272 (time=26.36), 0.0420545 s/step
on time step 5388 (time=26.94), 0.0345251 s/step
on time step 5498 (time=27.49), 0.0364675 s/step
on time step 5572 (time=27.86), 0.0546413 s/step
on time step 5679 (time=28.395), 0.0376141 s/step
on time step 5799 (time=28.995), 0.0335835 s/step
on time step 5882 (time=29.41), 0.0482555 s/step
on time step 6004 (time=30.02), 0.032804 s/step
field decay(t = 30.03): 9.377103391812456e-05 / 3.062025660092323 = 3.062385633806128e-05
on time step 6121 (time=30.605), 0.0343531 s/step
on time step 6244 (time=31.22), 0.0327523 s/step
on time step 6362 (time=31.81), 0.0341346 s/step
on time step 6477 (time=32.385), 0.0348408 s/step
on time step 6580 (time=32.9), 0.0389017 s/step
on time step 6706 (time=33.53), 0.031882 s/step
on time step 6830 (time=34.15), 0.0322798 s/step
on time step 6957 (time=34.785), 0.0315129 s/step
field decay(t = 35.035000000000004): 5.642191086366536e-06 / 3.062025660092323 = 1.8426335088898042e-06
on time step 7083 (time=35.415), 0.0319097 s/step
on time step 7216 (time=36.08), 0.0301298 s/step
on time step 7347 (time=36.735), 0.0306044 s/step
on time step 7468 (time=37.34), 0.0330687 s/step
on time step 7595 (time=37.975), 0.0318106 s/step
on time step 7717 (time=38.585), 0.0329735 s/step
on time step 7834 (time=39.17), 0.0343714 s/step
on time step 7954 (time=39.77), 0.0333718 s/step
field decay(t = 40.04): 3.337210659986645e-07 / 3.062025660092323 = 1.0898702461840326e-07
run 0 finished at t = 40.04 (8008 timesteps)
Transmission at f = 1.6666666666666667 (lambda = 600 nm): 0.19052917122522633
l1 = 0.16006779283914463, l2 = 0.3006666490989676
Iteration: l1=0.160068, l2=0.300667, fom=-1.564146e-01
-----------
Initializing structure...
time for choose_chunkdivision = 1.3113e-05 s
Working in 3D dimensions.
Computational cell is 0.5 x 0.5 x 1.5 with resolution 100
time for set_epsilon = 0.744839 s
time for set_conductivity = 0.0144789 s
time for set_conductivity = 0.015276 s
time for set_conductivity = 0.0148849 s
time for set_conductivity = 0.014442 s
time for set_conductivity = 0.014214 s
time for set_conductivity = 0.0148849 s
-----------
on time step 454 (time=2.27), 0.00881306 s/step
on time step 907 (time=4.535), 0.00883588 s/step
field decay(t = 5.005): 0.22967502551788954 / 0.22967502551788954 = 1.0
on time step 1182 (time=5.91), 0.0145711 s/step
on time step 1365 (time=6.825), 0.0219518 s/step
on time step 1562 (time=7.81), 0.0204066 s/step
on time step 1886 (time=9.43), 0.01235 s/step
field decay(t = 10.01): 0.2504808233534304 / 0.2504808233534304 = 1.0
on time step 2188 (time=10.94), 0.0132493 s/step
on time step 2524 (time=12.62), 0.0119066 s/step
on time step 2869 (time=14.345), 0.0116237 s/step
field decay(t = 15.015): 4.890956457152761e-11 / 0.2504808233534304 = 1.9526271080048243e-10
run 0 finished at t = 15.015 (3003 timesteps)
-----------
Initializing structure...
time for choose_chunkdivision = 2.31266e-05 s
Working in 3D dimensions.
Computational cell is 0.5 x 0.5 x 1.5 with resolution 100
     block, center = (0,0,0)
          size (1e+20,1e+20,0.2)
          axes (1,0,0), (0,1,0), (0,0,1)
          dielectric constant epsilon diagonal = (1,1,1)
     block, center = (0,0,0)
          size (0.0802067,0.149923,0.2)
          axes (1,0,0), (0,1,0), (0,0,1)
          dielectric constant epsilon diagonal = (1,1,1)
time for set_epsilon = 2.03211 s
time for set_conductivity = 0.035778 s
time for set_conductivity = 0.03563 s
time for set_conductivity = 0.035156 s
time for set_conductivity = 0.0365741 s
time for set_conductivity = 0.0387661 s
time for set_conductivity = 0.0356839 s
lorentzian susceptibility: frequency=16.365, gamma=1.95106
lorentzian susceptibility: frequency=7.32593, gamma=0.738804
lorentzian susceptibility: frequency=6.60165, gamma=0.052426
lorentzian susceptibility: frequency=3.61417, gamma=0.364563
lorentzian susceptibility: frequency=0.658148, gamma=3.13427
drude susceptibility: frequency=1e-10, gamma=0.0387146
-----------
on time step 53 (time=0.265), 0.076343 s/step
on time step 139 (time=0.695), 0.0468761 s/step
on time step 260 (time=1.3), 0.0330951 s/step
on time step 392 (time=1.96), 0.0303954 s/step
on time step 526 (time=2.63), 0.0299903 s/step
on time step 659 (time=3.295), 0.030115 s/step
on time step 785 (time=3.925), 0.0319001 s/step
on time step 919 (time=4.595), 0.0299093 s/step
field decay(t = 5.005): 0.9882287207078263 / 0.9882287207078263 = 1.0
on time step 1053 (time=5.265), 0.0300634 s/step
on time step 1186 (time=5.93), 0.0301287 s/step
on time step 1320 (time=6.6), 0.0300689 s/step
on time step 1442 (time=7.21), 0.0329628 s/step
on time step 1537 (time=7.685), 0.0427083 s/step
on time step 1599 (time=7.995), 0.0650852 s/step
on time step 1667 (time=8.335), 0.0593626 s/step
on time step 1740 (time=8.7), 0.0553087 s/step
on time step 1828 (time=9.14), 0.0455345 s/step
on time step 1947 (time=9.735), 0.033658 s/step
field decay(t = 10.01): 2.799090541139064 / 2.799090541139064 = 1.0
on time step 2053 (time=10.265), 0.0380261 s/step
on time step 2166 (time=10.83), 0.0354338 s/step
on time step 2295 (time=11.475), 0.0311428 s/step
on time step 2409 (time=12.045), 0.0352331 s/step
on time step 2539 (time=12.695), 0.0308134 s/step
on time step 2638 (time=13.19), 0.0405481 s/step
on time step 2749 (time=13.745), 0.0362982 s/step
on time step 2831 (time=14.155), 0.0489114 s/step
on time step 2932 (time=14.66), 0.0396873 s/step
field decay(t = 15.015): 0.5049209073981583 / 2.799090541139064 = 0.1803874865700791
on time step 3055 (time=15.275), 0.0325947 s/step
on time step 3177 (time=15.885), 0.0329398 s/step
on time step 3299 (time=16.495), 0.0330077 s/step
on time step 3423 (time=17.115), 0.0323851 s/step
on time step 3522 (time=17.61), 0.0406816 s/step
on time step 3643 (time=18.215), 0.0332022 s/step
on time step 3764 (time=18.82), 0.0330707 s/step
on time step 3886 (time=19.43), 0.0328465 s/step
field decay(t = 20.02): 0.030355831613553232 / 2.799090541139064 = 0.010844890927036683
on time step 4009 (time=20.045), 0.0325657 s/step
on time step 4119 (time=20.595), 0.0364457 s/step
on time step 4182 (time=20.91), 0.0634987 s/step
on time step 4273 (time=21.365), 0.0440408 s/step
on time step 4357 (time=21.785), 0.0477137 s/step
on time step 4428 (time=22.14), 0.0570399 s/step
on time step 4512 (time=22.56), 0.0480719 s/step
on time step 4593 (time=22.965), 0.0499067 s/step
on time step 4642 (time=23.21), 0.0827143 s/step
on time step 4720 (time=23.6), 0.0513279 s/step
on time step 4776 (time=23.88), 0.0722086 s/step
on time step 4842 (time=24.21), 0.0616686 s/step
on time step 4919 (time=24.595), 0.0522621 s/step
field decay(t = 25.025000000000002): 0.0017696897115929556 / 2.799090541139064 = 0.0006322373948192461
on time step 5016 (time=25.08), 0.0415838 s/step
on time step 5106 (time=25.53), 0.0445895 s/step
on time step 5176 (time=25.88), 0.0571492 s/step
on time step 5249 (time=26.245), 0.0553089 s/step
on time step 5350 (time=26.75), 0.0397282 s/step
on time step 5442 (time=27.21), 0.0437145 s/step
on time step 5554 (time=27.77), 0.0357181 s/step
on time step 5670 (time=28.35), 0.0349383 s/step
on time step 5743 (time=28.715), 0.0554862 s/step
on time step 5816 (time=29.08), 0.0548837 s/step
on time step 5933 (time=29.665), 0.0342685 s/step
field decay(t = 30.03): 9.818030279106486e-05 / 2.799090541139064 = 3.507578670574596e-05
on time step 6056 (time=30.28), 0.032595 s/step
on time step 6169 (time=30.845), 0.0355952 s/step
on time step 6290 (time=31.45), 0.0330916 s/step
on time step 6412 (time=32.06), 0.0329033 s/step
on time step 6531 (time=32.655), 0.0337923 s/step
on time step 6670 (time=33.35), 0.0287804 s/step
on time step 6792 (time=33.96), 0.03294 s/step
on time step 6918 (time=34.59), 0.03175 s/step
field decay(t = 35.035000000000004): 5.423870929060349e-06 / 2.799090541139064 = 1.9377261468838216e-06
on time step 7037 (time=35.185), 0.0337707 s/step
on time step 7153 (time=35.765), 0.034508 s/step
on time step 7274 (time=36.37), 0.033308 s/step
on time step 7338 (time=36.69), 0.0631265 s/step
on time step 7431 (time=37.155), 0.0431705 s/step
on time step 7550 (time=37.75), 0.0338381 s/step
on time step 7653 (time=38.265), 0.0394186 s/step
on time step 7777 (time=38.885), 0.0323076 s/step
on time step 7882 (time=39.41), 0.038165 s/step
on time step 7991 (time=39.955), 0.0368628 s/step
field decay(t = 40.04): 3.5496715204305135e-07 / 2.799090541139064 = 1.2681517329503773e-07
run 0 finished at t = 40.04 (8008 timesteps)
Transmission at f = 1.6666666666666667 (lambda = 600 nm): 0.1549535879650249
l1 = 0.16041338722317922, l2 = 0.29984670715747674
-----------
Initializing structure...
time for choose_chunkdivision = 1.40667e-05 s
Working in 3D dimensions.
Computational cell is 0.5 x 0.5 x 1.5 with resolution 100
time for set_epsilon = 0.694626 s
time for set_conductivity = 0.014843 s
time for set_conductivity = 0.014679 s
time for set_conductivity = 0.0153558 s
time for set_conductivity = 0.015861 s
time for set_conductivity = 0.0148499 s
time for set_conductivity = 0.0144329 s
-----------
on time step 527 (time=2.635), 0.00760269 s/step
field decay(t = 5.005): 0.22967502551788954 / 0.22967502551788954 = 1.0
on time step 1066 (time=5.33), 0.00742446 s/step
on time step 1438 (time=7.19), 0.0107724 s/step
on time step 1727 (time=8.635), 0.0138616 s/step
field decay(t = 10.01): 0.2504808233534304 / 0.2504808233534304 = 1.0
on time step 2028 (time=10.14), 0.0132979 s/step
on time step 2449 (time=12.245), 0.00950522 s/step
on time step 2789 (time=13.945), 0.0117651 s/step
field decay(t = 15.015): 4.890956457152761e-11 / 0.2504808233534304 = 1.9526271080048243e-10
run 0 finished at t = 15.015 (3003 timesteps)
-----------
Initializing structure...
time for choose_chunkdivision = 2.31266e-05 s
Working in 3D dimensions.
Computational cell is 0.5 x 0.5 x 1.5 with resolution 100
     block, center = (0,0,0)
          size (1e+20,1e+20,0.2)
          axes (1,0,0), (0,1,0), (0,0,1)
          dielectric constant epsilon diagonal = (1,1,1)
     block, center = (0,0,0)
          size (0.0800777,0.150324,0.2)
          axes (1,0,0), (0,1,0), (0,0,1)
          dielectric constant epsilon diagonal = (1,1,1)
time for set_epsilon = 1.78427 s
time for set_conductivity = 0.0351791 s
time for set_conductivity = 0.0359149 s
time for set_conductivity = 0.034075 s
time for set_conductivity = 0.033978 s
time for set_conductivity = 0.0333619 s
time for set_conductivity = 0.033813 s
lorentzian susceptibility: frequency=16.365, gamma=1.95106
lorentzian susceptibility: frequency=7.32593, gamma=0.738804
lorentzian susceptibility: frequency=6.60165, gamma=0.052426
lorentzian susceptibility: frequency=3.61417, gamma=0.364563
lorentzian susceptibility: frequency=0.658148, gamma=3.13427
drude susceptibility: frequency=1e-10, gamma=0.0387146
-----------
on time step 80 (time=0.4), 0.0503613 s/step
on time step 179 (time=0.895), 0.0405781 s/step
on time step 259 (time=1.295), 0.0504896 s/step
on time step 358 (time=1.79), 0.0407582 s/step
on time step 448 (time=2.24), 0.0452901 s/step
on time step 503 (time=2.515), 0.0730398 s/step
on time step 588 (time=2.94), 0.0471882 s/step
on time step 685 (time=3.425), 0.0414109 s/step
on time step 803 (time=4.015), 0.0339615 s/step
on time step 926 (time=4.63), 0.032659 s/step
field decay(t = 5.005): 1.111657252617529 / 1.111657252617529 = 1.0
on time step 1041 (time=5.205), 0.0347875 s/step
on time step 1152 (time=5.76), 0.0361614 s/step
on time step 1264 (time=6.32), 0.0358571 s/step
on time step 1369 (time=6.845), 0.0382266 s/step
on time step 1479 (time=7.395), 0.0365309 s/step
on time step 1561 (time=7.805), 0.0493168 s/step
on time step 1645 (time=8.225), 0.0478619 s/step
on time step 1770 (time=8.85), 0.0320545 s/step
on time step 1899 (time=9.495), 0.0310699 s/step
field decay(t = 10.01): 3.062025660092323 / 3.062025660092323 = 1.0
on time step 2031 (time=10.155), 0.0304456 s/step
on time step 2164 (time=10.82), 0.0301222 s/step
on time step 2296 (time=11.48), 0.0304937 s/step
on time step 2430 (time=12.15), 0.0300371 s/step
on time step 2562 (time=12.81), 0.0304539 s/step
on time step 2695 (time=13.475), 0.0301817 s/step
on time step 2830 (time=14.15), 0.0297696 s/step
on time step 2963 (time=14.815), 0.0301779 s/step
field decay(t = 15.015): 0.5812671746961346 / 3.062025660092323 = 0.18983092867961432
on time step 3096 (time=15.48), 0.0301435 s/step
on time step 3227 (time=16.135), 0.0307012 s/step
on time step 3359 (time=16.795), 0.0303502 s/step
on time step 3493 (time=17.465), 0.0300649 s/step
on time step 3627 (time=18.135), 0.0299151 s/step
on time step 3760 (time=18.8), 0.0302451 s/step
on time step 3892 (time=19.46), 0.0303517 s/step
field decay(t = 20.02): 0.030909442509944506 / 3.062025660092323 = 0.010094442679821488
on time step 4026 (time=20.13), 0.0299017 s/step
on time step 4159 (time=20.795), 0.0303046 s/step
on time step 4293 (time=21.465), 0.0299759 s/step
on time step 4426 (time=22.13), 0.0302268 s/step
on time step 4558 (time=22.79), 0.0304297 s/step
on time step 4671 (time=23.355), 0.0355098 s/step
on time step 4802 (time=24.01), 0.0306142 s/step
on time step 4936 (time=24.68), 0.0299881 s/step
field decay(t = 25.025000000000002): 0.0018484161573302936 / 3.062025660092323 = 0.0006036579580050163
on time step 5068 (time=25.34), 0.0303826 s/step
on time step 5201 (time=26.005), 0.0302356 s/step
on time step 5334 (time=26.67), 0.0301257 s/step
on time step 5466 (time=27.33), 0.0303145 s/step
on time step 5598 (time=27.99), 0.0304278 s/step
on time step 5721 (time=28.605), 0.0325586 s/step
on time step 5838 (time=29.19), 0.0344893 s/step
on time step 5972 (time=29.86), 0.0298565 s/step
field decay(t = 30.03): 9.377103391812456e-05 / 3.062025660092323 = 3.062385633806128e-05
on time step 6107 (time=30.535), 0.0298117 s/step
on time step 6241 (time=31.205), 0.029955 s/step
on time step 6373 (time=31.865), 0.0304216 s/step
on time step 6506 (time=32.53), 0.0302505 s/step
on time step 6638 (time=33.19), 0.0304421 s/step
on time step 6769 (time=33.845), 0.0306287 s/step
on time step 6901 (time=34.505), 0.0303922 s/step
field decay(t = 35.035000000000004): 5.642191086366536e-06 / 3.062025660092323 = 1.8426335088898042e-06
on time step 7035 (time=35.175), 0.0300196 s/step
on time step 7167 (time=35.835), 0.0303223 s/step
on time step 7297 (time=36.485), 0.0310075 s/step
on time step 7426 (time=37.13), 0.0310241 s/step
on time step 7559 (time=37.795), 0.0301062 s/step
on time step 7691 (time=38.455), 0.0303161 s/step
on time step 7825 (time=39.125), 0.0299376 s/step
on time step 7957 (time=39.785), 0.0303096 s/step
field decay(t = 40.04): 3.337210659986645e-07 / 3.062025660092323 = 1.0898702461840326e-07
run 0 finished at t = 40.04 (8008 timesteps)
Transmission at f = 1.6666666666666667 (lambda = 600 nm): 0.19052917122522633
l1 = 0.16015545892043714, l2 = 0.3006480638451985
-----------
Initializing structure...
time for choose_chunkdivision = 1.50204e-05 s
Working in 3D dimensions.
Computational cell is 0.5 x 0.5 x 1.5 with resolution 100
time for set_epsilon = 0.747213 s
time for set_conductivity = 0.0145259 s
time for set_conductivity = 0.0156109 s
time for set_conductivity = 0.0140829 s
time for set_conductivity = 0.0352411 s
time for set_conductivity = 0.036423 s
time for set_conductivity = 0.03584 s
-----------
on time step 529 (time=2.645), 0.00757395 s/step
field decay(t = 5.005): 0.22967502551788954 / 0.22967502551788954 = 1.0
on time step 1080 (time=5.4), 0.00726927 s/step
on time step 1629 (time=8.145), 0.00728908 s/step
field decay(t = 10.01): 0.2504808233534304 / 0.2504808233534304 = 1.0
on time step 2184 (time=10.92), 0.00721786 s/step
on time step 2735 (time=13.675), 0.00726043 s/step
field decay(t = 15.015): 4.890956457152761e-11 / 0.2504808233534304 = 1.9526271080048243e-10
run 0 finished at t = 15.015 (3003 timesteps)
-----------
Initializing structure...
time for choose_chunkdivision = 1.78814e-05 s
Working in 3D dimensions.
Computational cell is 0.5 x 0.5 x 1.5 with resolution 100
     block, center = (0,0,0)
          size (1e+20,1e+20,0.2)
          axes (1,0,0), (0,1,0), (0,0,1)
          dielectric constant epsilon diagonal = (1,1,1)
     block, center = (0,0,0)
          size (0.0800339,0.150333,0.2)
          axes (1,0,0), (0,1,0), (0,0,1)
          dielectric constant epsilon diagonal = (1,1,1)
time for set_epsilon = 1.33048 s
time for set_conductivity = 0.027487 s
time for set_conductivity = 0.0295529 s
time for set_conductivity = 0.0265439 s
time for set_conductivity = 0.0264649 s
time for set_conductivity = 0.0261948 s
time for set_conductivity = 0.0269699 s
lorentzian susceptibility: frequency=16.365, gamma=1.95106
lorentzian susceptibility: frequency=7.32593, gamma=0.738804
lorentzian susceptibility: frequency=6.60165, gamma=0.052426
lorentzian susceptibility: frequency=3.61417, gamma=0.364563
lorentzian susceptibility: frequency=0.658148, gamma=3.13427
drude susceptibility: frequency=1e-10, gamma=0.0387146
-----------
on time step 97 (time=0.485), 0.0413041 s/step
on time step 230 (time=1.15), 0.0302398 s/step
on time step 362 (time=1.81), 0.0303816 s/step
on time step 496 (time=2.48), 0.0300346 s/step
on time step 629 (time=3.145), 0.030272 s/step
on time step 760 (time=3.8), 0.0306189 s/step
on time step 893 (time=4.465), 0.0301656 s/step
field decay(t = 5.005): 1.111657252617529 / 1.111657252617529 = 1.0
on time step 1027 (time=5.135), 0.0299616 s/step
on time step 1161 (time=5.805), 0.0299514 s/step
on time step 1293 (time=6.465), 0.03044 s/step
on time step 1409 (time=7.045), 0.0344983 s/step
on time step 1489 (time=7.445), 0.0500096 s/step
on time step 1588 (time=7.94), 0.0404979 s/step
on time step 1697 (time=8.485), 0.0367394 s/step
on time step 1812 (time=9.06), 0.0349999 s/step
on time step 1945 (time=9.725), 0.0302446 s/step
field decay(t = 10.01): 3.062025660092323 / 3.062025660092323 = 1.0
on time step 2064 (time=10.32), 0.0339016 s/step
on time step 2169 (time=10.845), 0.0381811 s/step
on time step 2270 (time=11.35), 0.0398099 s/step
on time step 2377 (time=11.885), 0.0374396 s/step
on time step 2482 (time=12.41), 0.0384327 s/step
on time step 2563 (time=12.815), 0.0499492 s/step
on time step 2657 (time=13.285), 0.0428898 s/step
on time step 2759 (time=13.795), 0.0394923 s/step
on time step 2868 (time=14.34), 0.0369264 s/step
on time step 2944 (time=14.72), 0.0527214 s/step
field decay(t = 15.015): 0.5812671746961346 / 3.062025660092323 = 0.18983092867961432
on time step 3020 (time=15.1), 0.0533462 s/step
on time step 3116 (time=15.58), 0.0420319 s/step
on time step 3199 (time=15.995), 0.0486913 s/step
on time step 3293 (time=16.465), 0.0425715 s/step
on time step 3388 (time=16.94), 0.0421842 s/step
on time step 3489 (time=17.445), 0.039667 s/step
on time step 3590 (time=17.95), 0.0396369 s/step
on time step 3694 (time=18.47), 0.0384758 s/step
on time step 3812 (time=19.06), 0.0340458 s/step
on time step 3946 (time=19.73), 0.0299994 s/step
field decay(t = 20.02): 0.030909442509944506 / 3.062025660092323 = 0.010094442679821488
on time step 4078 (time=20.39), 0.0303111 s/step
on time step 4210 (time=21.05), 0.0303559 s/step
on time step 4343 (time=21.715), 0.0301577 s/step
on time step 4475 (time=22.375), 0.0304918 s/step
on time step 4608 (time=23.04), 0.0300897 s/step
on time step 4741 (time=23.705), 0.0302362 s/step
on time step 4861 (time=24.305), 0.0334642 s/step
on time step 4993 (time=24.965), 0.0304759 s/step
field decay(t = 25.025000000000002): 0.0018484161573302936 / 3.062025660092323 = 0.0006036579580050163
on time step 5126 (time=25.63), 0.0301325 s/step
on time step 5259 (time=26.295), 0.0302343 s/step
on time step 5392 (time=26.96), 0.0300785 s/step
on time step 5526 (time=27.63), 0.0300549 s/step
on time step 5658 (time=28.29), 0.0303783 s/step
on time step 5792 (time=28.96), 0.030049 s/step
on time step 5926 (time=29.63), 0.030055 s/step
field decay(t = 30.03): 9.377103391812456e-05 / 3.062025660092323 = 3.062385633806128e-05
on time step 6059 (time=30.295), 0.0301097 s/step
on time step 6192 (time=30.96), 0.0301173 s/step
on time step 6326 (time=31.63), 0.0299481 s/step
on time step 6460 (time=32.3), 0.0299994 s/step
on time step 6594 (time=32.97), 0.029903 s/step
on time step 6727 (time=33.635), 0.0301669 s/step
on time step 6860 (time=34.3), 0.0301653 s/step
on time step 6977 (time=34.885), 0.0342045 s/step
field decay(t = 35.035000000000004): 5.642191086366536e-06 / 3.062025660092323 = 1.8426335088898042e-06
on time step 7108 (time=35.54), 0.0307223 s/step
on time step 7243 (time=36.215), 0.0297336 s/step
on time step 7375 (time=36.875), 0.0303316 s/step
on time step 7509 (time=37.545), 0.0299792 s/step
on time step 7642 (time=38.21), 0.0300914 s/step
on time step 7776 (time=38.88), 0.0299016 s/step
on time step 7908 (time=39.54), 0.0303744 s/step
field decay(t = 40.04): 3.337210659986645e-07 / 3.062025660092323 = 1.0898702461840326e-07
run 0 finished at t = 40.04 (8008 timesteps)
Transmission at f = 1.6666666666666667 (lambda = 600 nm): 0.19052917122522633
l1 = 0.16006779283914463, l2 = 0.3006666490989676
Iteration: l1=0.160068, l2=0.300667, fom=-1.564146e-01
-----------
Initializing structure...
time for choose_chunkdivision = 1.00136e-05 s
Working in 3D dimensions.
Computational cell is 0.5 x 0.5 x 1.5 with resolution 100
time for set_epsilon = 0.702882 s
time for set_conductivity = 0.0137169 s
time for set_conductivity = 0.0141308 s
time for set_conductivity = 0.013871 s
time for set_conductivity = 0.0139191 s
time for set_conductivity = 0.0151711 s
time for set_conductivity = 0.015692 s
-----------
on time step 538 (time=2.69), 0.00743707 s/step
field decay(t = 5.005): 0.22967502551788954 / 0.22967502551788954 = 1.0
on time step 1081 (time=5.405), 0.00736737 s/step
on time step 1622 (time=8.11), 0.00739391 s/step
field decay(t = 10.01): 0.2504808233534304 / 0.2504808233534304 = 1.0
on time step 2170 (time=10.85), 0.00730308 s/step
on time step 2717 (time=13.585), 0.00732356 s/step
field decay(t = 15.015): 4.890956457152761e-11 / 0.2504808233534304 = 1.9526271080048243e-10
run 0 finished at t = 15.015 (3003 timesteps)
-----------
Initializing structure...
time for choose_chunkdivision = 1.69277e-05 s
Working in 3D dimensions.
Computational cell is 0.5 x 0.5 x 1.5 with resolution 100
     block, center = (0,0,0)
          size (1e+20,1e+20,0.2)
          axes (1,0,0), (0,1,0), (0,0,1)
          dielectric constant epsilon diagonal = (1,1,1)
     block, center = (0,0,0)
          size (0.0801637,0.150057,0.2)
          axes (1,0,0), (0,1,0), (0,0,1)
          dielectric constant epsilon diagonal = (1,1,1)
time for set_epsilon = 1.3261 s
time for set_conductivity = 0.0272119 s
time for set_conductivity = 0.0265961 s
time for set_conductivity = 0.0272629 s
time for set_conductivity = 0.025866 s
time for set_conductivity = 0.027668 s
time for set_conductivity = 0.0259678 s
lorentzian susceptibility: frequency=16.365, gamma=1.95106
lorentzian susceptibility: frequency=7.32593, gamma=0.738804
lorentzian susceptibility: frequency=6.60165, gamma=0.052426
lorentzian susceptibility: frequency=3.61417, gamma=0.364563
lorentzian susceptibility: frequency=0.658148, gamma=3.13427
drude susceptibility: frequency=1e-10, gamma=0.0387146
-----------
on time step 127 (time=0.635), 0.0316412 s/step
on time step 261 (time=1.305), 0.0299663 s/step
on time step 393 (time=1.965), 0.0303405 s/step
on time step 526 (time=2.63), 0.0301277 s/step
on time step 659 (time=3.295), 0.0302524 s/step
on time step 792 (time=3.96), 0.0301595 s/step
on time step 925 (time=4.625), 0.0302602 s/step
field decay(t = 5.005): 1.111657252617529 / 1.111657252617529 = 1.0
on time step 1059 (time=5.295), 0.0299332 s/step
on time step 1192 (time=5.96), 0.0302155 s/step
on time step 1327 (time=6.635), 0.0298344 s/step
on time step 1461 (time=7.305), 0.02996 s/step
on time step 1595 (time=7.975), 0.0299017 s/step
on time step 1727 (time=8.635), 0.0304072 s/step
on time step 1861 (time=9.305), 0.0300038 s/step
on time step 1995 (time=9.975), 0.0299656 s/step
field decay(t = 10.01): 3.062025660092323 / 3.062025660092323 = 1.0
on time step 2129 (time=10.645), 0.029905 s/step
on time step 2263 (time=11.315), 0.0298667 s/step
on time step 2396 (time=11.98), 0.0301824 s/step
on time step 2529 (time=12.645), 0.0301369 s/step
on time step 2663 (time=13.315), 0.0299393 s/step
on time step 2797 (time=13.985), 0.0299346 s/step
on time step 2930 (time=14.65), 0.0302582 s/step
field decay(t = 15.015): 0.5812671746961346 / 3.062025660092323 = 0.18983092867961432
on time step 3064 (time=15.32), 0.0299298 s/step
on time step 3186 (time=15.93), 0.0329097 s/step
on time step 3318 (time=16.59), 0.0305219 s/step
on time step 3451 (time=17.255), 0.0302836 s/step
on time step 3585 (time=17.925), 0.029914 s/step
on time step 3717 (time=18.585), 0.030305 s/step
on time step 3851 (time=19.255), 0.0298815 s/step
on time step 3984 (time=19.92), 0.0302332 s/step
field decay(t = 20.02): 0.030909442509944506 / 3.062025660092323 = 0.010094442679821488
on time step 4118 (time=20.59), 0.0300175 s/step
on time step 4252 (time=21.26), 0.0300119 s/step
on time step 4386 (time=21.93), 0.0298958 s/step
on time step 4519 (time=22.595), 0.0301566 s/step
on time step 4653 (time=23.265), 0.0300389 s/step
on time step 4786 (time=23.93), 0.0302166 s/step
on time step 4921 (time=24.605), 0.029808 s/step
field decay(t = 25.025000000000002): 0.0018484161573302936 / 3.062025660092323 = 0.0006036579580050163
on time step 5054 (time=25.27), 0.0301606 s/step
on time step 5188 (time=25.94), 0.0299123 s/step
on time step 5321 (time=26.605), 0.0301291 s/step
on time step 5454 (time=27.27), 0.0301778 s/step
on time step 5585 (time=27.925), 0.0306725 s/step
on time step 5720 (time=28.6), 0.0298388 s/step
on time step 5846 (time=29.23), 0.0319396 s/step
on time step 5978 (time=29.89), 0.0305246 s/step
field decay(t = 30.03): 9.377103391812456e-05 / 3.062025660092323 = 3.062385633806128e-05
on time step 6111 (time=30.555), 0.0300953 s/step
on time step 6247 (time=31.235), 0.0294869 s/step
on time step 6380 (time=31.9), 0.0301418 s/step
on time step 6514 (time=32.57), 0.0301075 s/step
on time step 6647 (time=33.235), 0.0301104 s/step
on time step 6781 (time=33.905), 0.0300365 s/step
on time step 6915 (time=34.575), 0.0299212 s/step
field decay(t = 35.035000000000004): 5.642191086366536e-06 / 3.062025660092323 = 1.8426335088898042e-06
on time step 7048 (time=35.24), 0.0302749 s/step
on time step 7181 (time=35.905), 0.0301119 s/step
on time step 7315 (time=36.575), 0.0300244 s/step
on time step 7450 (time=37.25), 0.0297205 s/step
on time step 7584 (time=37.92), 0.0300193 s/step
on time step 7716 (time=38.58), 0.030359 s/step
on time step 7850 (time=39.25), 0.0300817 s/step
on time step 7982 (time=39.91), 0.030392 s/step
field decay(t = 40.04): 3.337210659986645e-07 / 3.062025660092323 = 1.0898702461840326e-07
run 0 finished at t = 40.04 (8008 timesteps)
Transmission at f = 1.6666666666666667 (lambda = 600 nm): 0.19052917122522633
l1 = 0.16032741112226517, l2 = 0.300113826053384
-----------
Initializing structure...
time for choose_chunkdivision = 1.21593e-05 s
Working in 3D dimensions.
Computational cell is 0.5 x 0.5 x 1.5 with resolution 100
time for set_epsilon = 0.777598 s
time for set_conductivity = 0.013551 s
time for set_conductivity = 0.0137079 s
time for set_conductivity = 0.0135739 s
time for set_conductivity = 0.0328271 s
time for set_conductivity = 0.0335751 s
time for set_conductivity = 0.033232 s
-----------
on time step 529 (time=2.645), 0.00756751 s/step
field decay(t = 5.005): 0.22967502551788954 / 0.22967502551788954 = 1.0
on time step 1070 (time=5.35), 0.007399 s/step
on time step 1618 (time=8.09), 0.00730309 s/step
field decay(t = 10.01): 0.2504808233534304 / 0.2504808233534304 = 1.0
on time step 2166 (time=10.83), 0.00730886 s/step
on time step 2713 (time=13.565), 0.00732497 s/step
field decay(t = 15.015): 4.890956457152761e-11 / 0.2504808233534304 = 1.9526271080048243e-10
run 0 finished at t = 15.015 (3003 timesteps)
-----------
Initializing structure...
time for choose_chunkdivision = 1.69277e-05 s
Working in 3D dimensions.
Computational cell is 0.5 x 0.5 x 1.5 with resolution 100
     block, center = (0,0,0)
          size (1e+20,1e+20,0.2)
          axes (1,0,0), (0,1,0), (0,0,1)
          dielectric constant epsilon diagonal = (1,1,1)
     block, center = (0,0,0)
          size (0.0802067,0.149923,0.2)
          axes (1,0,0), (0,1,0), (0,0,1)
          dielectric constant epsilon diagonal = (1,1,1)
time for set_epsilon = 1.33716 s
time for set_conductivity = 0.024611 s
time for set_conductivity = 0.024157 s
time for set_conductivity = 0.0242941 s
time for set_conductivity = 0.0244298 s
time for set_conductivity = 0.0264089 s
time for set_conductivity = 0.0245869 s
lorentzian susceptibility: frequency=16.365, gamma=1.95106
lorentzian susceptibility: frequency=7.32593, gamma=0.738804
lorentzian susceptibility: frequency=6.60165, gamma=0.052426
lorentzian susceptibility: frequency=3.61417, gamma=0.364563
lorentzian susceptibility: frequency=0.658148, gamma=3.13427
drude susceptibility: frequency=1e-10, gamma=0.0387146
-----------
on time step 94 (time=0.47), 0.0427669 s/step
on time step 225 (time=1.125), 0.0308137 s/step
on time step 314 (time=1.57), 0.0450449 s/step
on time step 444 (time=2.22), 0.0309428 s/step
on time step 576 (time=2.88), 0.0304481 s/step
on time step 710 (time=3.55), 0.0300707 s/step
on time step 842 (time=4.21), 0.0303757 s/step
on time step 975 (time=4.875), 0.0303455 s/step
field decay(t = 5.005): 0.9882287207078263 / 0.9882287207078263 = 1.0
on time step 1085 (time=5.425), 0.0365555 s/step
on time step 1219 (time=6.095), 0.0298852 s/step
on time step 1352 (time=6.76), 0.030269 s/step
on time step 1486 (time=7.43), 0.0298861 s/step
on time step 1548 (time=7.74), 0.0688448 s/step
on time step 1591 (time=7.955), 0.096078 s/step
on time step 1676 (time=8.38), 0.0477253 s/step
on time step 1734 (time=8.67), 0.0696824 s/step
on time step 1838 (time=9.19), 0.0385882 s/step
on time step 1939 (time=9.695), 0.0396247 s/step
field decay(t = 10.01): 2.799090541139064 / 2.799090541139064 = 1.0
on time step 2046 (time=10.23), 0.0376096 s/step
on time step 2142 (time=10.71), 0.0418979 s/step
on time step 2196 (time=10.98), 0.074515 s/step
on time step 2274 (time=11.37), 0.0513141 s/step
on time step 2382 (time=11.91), 0.0373103 s/step
on time step 2466 (time=12.33), 0.0478103 s/step
on time step 2568 (time=12.84), 0.0394082 s/step
on time step 2665 (time=13.325), 0.041458 s/step
on time step 2752 (time=13.76), 0.045981 s/step
on time step 2853 (time=14.265), 0.0399616 s/step
on time step 2953 (time=14.765), 0.0402618 s/step
field decay(t = 15.015): 0.5049209073981583 / 2.799090541139064 = 0.1803874865700791
on time step 3061 (time=15.305), 0.0372071 s/step
on time step 3161 (time=15.805), 0.0401396 s/step
on time step 3265 (time=16.325), 0.038683 s/step
on time step 3370 (time=16.85), 0.0383148 s/step
on time step 3476 (time=17.38), 0.037843 s/step
on time step 3574 (time=17.87), 0.0410914 s/step
on time step 3681 (time=18.405), 0.0375508 s/step
on time step 3783 (time=18.915), 0.0394768 s/step
on time step 3892 (time=19.46), 0.0371342 s/step
on time step 3970 (time=19.85), 0.0515422 s/step
field decay(t = 20.02): 0.030355831613553232 / 2.799090541139064 = 0.010844890927036683
on time step 4072 (time=20.36), 0.0392952 s/step
on time step 4178 (time=20.89), 0.0378119 s/step
on time step 4283 (time=21.415), 0.0381553 s/step
on time step 4380 (time=21.9), 0.0413596 s/step
on time step 4486 (time=22.43), 0.0378135 s/step
on time step 4591 (time=22.955), 0.0381642 s/step
on time step 4693 (time=23.465), 0.0398945 s/step
on time step 4745 (time=23.725), 0.0770781 s/step
on time step 4838 (time=24.19), 0.0433525 s/step
on time step 4941 (time=24.705), 0.0389197 s/step
field decay(t = 25.025000000000002): 0.0017696897115929556 / 2.799090541139064 = 0.0006322373948192461
on time step 5051 (time=25.255), 0.0366937 s/step
on time step 5157 (time=25.785), 0.0377462 s/step
on time step 5260 (time=26.3), 0.039017 s/step
on time step 5365 (time=26.825), 0.0383459 s/step
on time step 5474 (time=27.37), 0.0367763 s/step
on time step 5580 (time=27.9), 0.0377407 s/step
on time step 5683 (time=28.415), 0.0391154 s/step
on time step 5791 (time=28.955), 0.037106 s/step
on time step 5900 (time=29.5), 0.0367119 s/step
field decay(t = 30.03): 9.818030279106486e-05 / 2.799090541139064 = 3.507578670574596e-05
on time step 6008 (time=30.04), 0.0371907 s/step
on time step 6117 (time=30.585), 0.0369341 s/step
on time step 6225 (time=31.125), 0.0373063 s/step
on time step 6331 (time=31.655), 0.0377716 s/step
on time step 6427 (time=32.135), 0.0417609 s/step
on time step 6534 (time=32.67), 0.0374706 s/step
on time step 6633 (time=33.165), 0.0407467 s/step
on time step 6740 (time=33.7), 0.0377328 s/step
on time step 6847 (time=34.235), 0.037579 s/step
on time step 6942 (time=34.71), 0.0422721 s/step
field decay(t = 35.035000000000004): 5.423870929060349e-06 / 2.799090541139064 = 1.9377261468838216e-06
on time step 7019 (time=35.095), 0.0521341 s/step
on time step 7121 (time=35.605), 0.0392594 s/step
on time step 7220 (time=36.1), 0.0405698 s/step
on time step 7313 (time=36.565), 0.0432091 s/step
on time step 7415 (time=37.075), 0.0392371 s/step
on time step 7521 (time=37.605), 0.0377511 s/step
on time step 7628 (time=38.14), 0.037672 s/step
on time step 7736 (time=38.68), 0.0371917 s/step
on time step 7842 (time=39.21), 0.037985 s/step
on time step 7946 (time=39.73), 0.0385199 s/step
field decay(t = 40.04): 3.5496715204305135e-07 / 2.799090541139064 = 1.2681517329503773e-07
run 0 finished at t = 40.04 (8008 timesteps)
Transmission at f = 1.6666666666666667 (lambda = 600 nm): 0.1549535879650249
l1 = 0.16041338722317922, l2 = 0.29984670715747674
-----------
Initializing structure...
time for choose_chunkdivision = 2.90871e-05 s
Working in 3D dimensions.
Computational cell is 0.5 x 0.5 x 1.5 with resolution 100
time for set_epsilon = 1.0603 s
time for set_conductivity = 0.0224712 s
time for set_conductivity = 0.020714 s
time for set_conductivity = 0.021534 s
time for set_conductivity = 0.022413 s
time for set_conductivity = 0.0211899 s
time for set_conductivity = 0.0305421 s
-----------
on time step 411 (time=2.055), 0.00973304 s/step
on time step 836 (time=4.18), 0.0094257 s/step
field decay(t = 5.005): 0.22967502551788954 / 0.22967502551788954 = 1.0
on time step 1272 (time=6.36), 0.00918834 s/step
on time step 1720 (time=8.6), 0.00893916 s/step
field decay(t = 10.01): 0.2504808233534304 / 0.2504808233534304 = 1.0
on time step 2167 (time=10.835), 0.00895793 s/step
on time step 2590 (time=12.95), 0.00947124 s/step
field decay(t = 15.015): 4.890956457152761e-11 / 0.2504808233534304 = 1.9526271080048243e-10
run 0 finished at t = 15.015 (3003 timesteps)
-----------
Initializing structure...
time for choose_chunkdivision = 2.09808e-05 s
Working in 3D dimensions.
Computational cell is 0.5 x 0.5 x 1.5 with resolution 100
     block, center = (0,0,0)
          size (1e+20,1e+20,0.2)
          axes (1,0,0), (0,1,0), (0,0,1)
          dielectric constant epsilon diagonal = (1,1,1)
     block, center = (0,0,0)
          size (0.0801637,0.150057,0.2)
          axes (1,0,0), (0,1,0), (0,0,1)
          dielectric constant epsilon diagonal = (1,1,1)
time for set_epsilon = 1.725 s
time for set_conductivity = 0.039233 s
time for set_conductivity = 0.037879 s
time for set_conductivity = 0.0416842 s
time for set_conductivity = 0.034982 s
time for set_conductivity = 0.035821 s
time for set_conductivity = 0.035388 s
lorentzian susceptibility: frequency=16.365, gamma=1.95106
lorentzian susceptibility: frequency=7.32593, gamma=0.738804
lorentzian susceptibility: frequency=6.60165, gamma=0.052426
lorentzian susceptibility: frequency=3.61417, gamma=0.364563
lorentzian susceptibility: frequency=0.658148, gamma=3.13427
drude susceptibility: frequency=1e-10, gamma=0.0387146
-----------
on time step 94 (time=0.47), 0.0428533 s/step
on time step 201 (time=1.005), 0.037524 s/step
on time step 274 (time=1.37), 0.0554071 s/step
on time step 320 (time=1.6), 0.088058 s/step
on time step 373 (time=1.865), 0.0757222 s/step
on time step 430 (time=2.15), 0.0712204 s/step
on time step 492 (time=2.46), 0.0645325 s/step
on time step 553 (time=2.765), 0.0673637 s/step
on time step 588 (time=2.94), 0.114347 s/step
on time step 684 (time=3.42), 0.041914 s/step
on time step 781 (time=3.905), 0.0416916 s/step
on time step 876 (time=4.38), 0.0421998 s/step
on time step 971 (time=4.855), 0.0425103 s/step
field decay(t = 5.005): 1.111657252617529 / 1.111657252617529 = 1.0
on time step 1067 (time=5.335), 0.0417892 s/step
on time step 1165 (time=5.825), 0.0411164 s/step
on time step 1272 (time=6.36), 0.0375887 s/step
on time step 1343 (time=6.715), 0.0570658 s/step
on time step 1399 (time=6.995), 0.0727305 s/step
on time step 1474 (time=7.37), 0.0535577 s/step
on time step 1578 (time=7.89), 0.0385515 s/step
on time step 1679 (time=8.395), 0.0396938 s/step
on time step 1777 (time=8.885), 0.0412899 s/step
on time step 1861 (time=9.305), 0.0480428 s/step
on time step 1926 (time=9.63), 0.0616212 s/step
field decay(t = 10.01): 3.062025660092323 / 3.062025660092323 = 1.0
on time step 2008 (time=10.04), 0.0488865 s/step
on time step 2085 (time=10.425), 0.0520827 s/step
on time step 2186 (time=10.93), 0.0397143 s/step
on time step 2273 (time=11.365), 0.0460691 s/step
on time step 2377 (time=11.885), 0.0387136 s/step
on time step 2457 (time=12.285), 0.0510595 s/step
on time step 2538 (time=12.69), 0.0498625 s/step
on time step 2623 (time=13.115), 0.0473459 s/step
on time step 2699 (time=13.495), 0.0529556 s/step
on time step 2790 (time=13.95), 0.0441676 s/step
on time step 2910 (time=14.55), 0.0333685 s/step
field decay(t = 15.015): 0.5812671746961346 / 3.062025660092323 = 0.18983092867961432
on time step 3032 (time=15.16), 0.0329884 s/step
on time step 3149 (time=15.745), 0.0341979 s/step
on time step 3276 (time=16.38), 0.0315161 s/step
on time step 3403 (time=17.015), 0.0317277 s/step
on time step 3472 (time=17.36), 0.0583981 s/step
on time step 3580 (time=17.9), 0.0371054 s/step
on time step 3700 (time=18.5), 0.03351 s/step
on time step 3816 (time=19.08), 0.0345067 s/step
on time step 3907 (time=19.535), 0.0442013 s/step
on time step 3980 (time=19.9), 0.0550394 s/step
field decay(t = 20.02): 0.030909442509944506 / 3.062025660092323 = 0.010094442679821488
on time step 4096 (time=20.48), 0.0346547 s/step
on time step 4175 (time=20.875), 0.0510978 s/step
on time step 4271 (time=21.355), 0.0419233 s/step
on time step 4362 (time=21.81), 0.0440767 s/step
on time step 4474 (time=22.37), 0.03572 s/step
on time step 4597 (time=22.985), 0.0326509 s/step
on time step 4719 (time=23.595), 0.032867 s/step
on time step 4813 (time=24.065), 0.0429903 s/step
on time step 4870 (time=24.35), 0.0704185 s/step
on time step 4936 (time=24.68), 0.0607221 s/step
on time step 4989 (time=24.945), 0.0755966 s/step
field decay(t = 25.025000000000002): 0.0018484161573302936 / 3.062025660092323 = 0.0006036579580050163
on time step 5090 (time=25.45), 0.0396652 s/step
on time step 5172 (time=25.86), 0.0499163 s/step
on time step 5206 (time=26.03), 0.11985 s/step
on time step 5257 (time=26.285), 0.0794046 s/step
on time step 5314 (time=26.57), 0.0705347 s/step
on time step 5428 (time=27.14), 0.0352938 s/step
on time step 5552 (time=27.76), 0.0323999 s/step
on time step 5634 (time=28.17), 0.0492751 s/step
on time step 5710 (time=28.55), 0.0529088 s/step
on time step 5816 (time=29.08), 0.03807 s/step
on time step 5921 (time=29.605), 0.0380982 s/step
on time step 5990 (time=29.95), 0.0584499 s/step
field decay(t = 30.03): 9.377103391812456e-05 / 3.062025660092323 = 3.062385633806128e-05
on time step 6103 (time=30.515), 0.0355743 s/step
on time step 6216 (time=31.08), 0.0356507 s/step
on time step 6304 (time=31.52), 0.0456381 s/step
on time step 6396 (time=31.98), 0.0436452 s/step
on time step 6489 (time=32.445), 0.0431074 s/step
on time step 6587 (time=32.935), 0.0408778 s/step
on time step 6671 (time=33.355), 0.0482749 s/step
on time step 6770 (time=33.85), 0.040569 s/step
on time step 6896 (time=34.48), 0.0319031 s/step
field decay(t = 35.035000000000004): 5.642191086366536e-06 / 3.062025660092323 = 1.8426335088898042e-06
on time step 7026 (time=35.13), 0.0309607 s/step
on time step 7127 (time=35.635), 0.040177 s/step
on time step 7178 (time=35.89), 0.0789796 s/step
on time step 7242 (time=36.21), 0.0633106 s/step
on time step 7293 (time=36.465), 0.078762 s/step
on time step 7343 (time=36.715), 0.081024 s/step
on time step 7403 (time=37.015), 0.0667015 s/step
on time step 7497 (time=37.485), 0.0427936 s/step
on time step 7579 (time=37.895), 0.0489907 s/step
on time step 7662 (time=38.31), 0.0483746 s/step
on time step 7760 (time=38.8), 0.0409692 s/step
on time step 7853 (time=39.265), 0.0430606 s/step
on time step 7948 (time=39.74), 0.0425307 s/step
field decay(t = 40.04): 3.337210659986645e-07 / 3.062025660092323 = 1.0898702461840326e-07
run 0 finished at t = 40.04 (8008 timesteps)
Transmission at f = 1.6666666666666667 (lambda = 600 nm): 0.19052917122522633
l1 = 0.16032741112226517, l2 = 0.300113826053384
Iteration: l1=0.160327, l2=0.300114, fom=-1.564216e-01
-----------
Initializing structure...
time for choose_chunkdivision = 1.81198e-05 s
Working in 3D dimensions.
Computational cell is 0.5 x 0.5 x 1.5 with resolution 100
time for set_epsilon = 0.979551 s
time for set_conductivity = 0.0217421 s
time for set_conductivity = 0.0167811 s
time for set_conductivity = 0.0169361 s
time for set_conductivity = 0.0467741 s
time for set_conductivity = 0.0409021 s
time for set_conductivity = 0.046706 s
-----------
on time step 425 (time=2.125), 0.00941346 s/step
on time step 925 (time=4.625), 0.00800009 s/step
field decay(t = 5.005): 0.22967502551788954 / 0.22967502551788954 = 1.0
on time step 1362 (time=6.81), 0.00916125 s/step
on time step 1850 (time=9.25), 0.00820736 s/step
field decay(t = 10.01): 0.2504808233534304 / 0.2504808233534304 = 1.0
on time step 2330 (time=11.65), 0.00834501 s/step
on time step 2757 (time=13.785), 0.00937137 s/step
field decay(t = 15.015): 4.890956457152761e-11 / 0.2504808233534304 = 1.9526271080048243e-10
run 0 finished at t = 15.015 (3003 timesteps)
-----------
Initializing structure...
time for choose_chunkdivision = 3.29018e-05 s
Working in 3D dimensions.
Computational cell is 0.5 x 0.5 x 1.5 with resolution 100
     block, center = (0,0,0)
          size (1e+20,1e+20,0.2)
          axes (1,0,0), (0,1,0), (0,0,1)
          dielectric constant epsilon diagonal = (1,1,1)
     block, center = (0,0,0)
          size (0.0799901,0.150343,0.2)
          axes (1,0,0), (0,1,0), (0,0,1)
          dielectric constant epsilon diagonal = (1,1,1)
time for set_epsilon = 2.17419 s
time for set_conductivity = 0.0459321 s
time for set_conductivity = 0.043848 s
time for set_conductivity = 0.046674 s
time for set_conductivity = 0.054354 s
time for set_conductivity = 0.057533 s
time for set_conductivity = 0.0427139 s
lorentzian susceptibility: frequency=16.365, gamma=1.95106
lorentzian susceptibility: frequency=7.32593, gamma=0.738804
lorentzian susceptibility: frequency=6.60165, gamma=0.052426
lorentzian susceptibility: frequency=3.61417, gamma=0.364563
lorentzian susceptibility: frequency=0.658148, gamma=3.13427
drude susceptibility: frequency=1e-10, gamma=0.0387146
-----------
on time step 60 (time=0.3), 0.0672662 s/step
on time step 150 (time=0.75), 0.0444663 s/step
on time step 202 (time=1.01), 0.0775513 s/step
on time step 312 (time=1.56), 0.0364775 s/step
on time step 435 (time=2.175), 0.0327844 s/step
on time step 536 (time=2.68), 0.0396574 s/step
on time step 612 (time=3.06), 0.0530848 s/step
on time step 702 (time=3.51), 0.044471 s/step
on time step 818 (time=4.09), 0.0347367 s/step
on time step 924 (time=4.62), 0.0377513 s/step
field decay(t = 5.005): 0.7112732048901149 / 0.7112732048901149 = 1.0
on time step 1008 (time=5.04), 0.0476683 s/step
on time step 1126 (time=5.63), 0.0341789 s/step
on time step 1229 (time=6.145), 0.0389069 s/step
on time step 1336 (time=6.68), 0.0375007 s/step
on time step 1415 (time=7.075), 0.0509202 s/step
on time step 1486 (time=7.43), 0.0565718 s/step
on time step 1559 (time=7.795), 0.0555858 s/step
on time step 1636 (time=8.18), 0.0524199 s/step
on time step 1741 (time=8.705), 0.0384388 s/step
on time step 1821 (time=9.105), 0.0503398 s/step
on time step 1904 (time=9.52), 0.0483836 s/step
field decay(t = 10.01): 1.773559437365141 / 1.773559437365141 = 1.0
on time step 2007 (time=10.035), 0.0391169 s/step
on time step 2123 (time=10.615), 0.0344982 s/step
on time step 2242 (time=11.21), 0.0337183 s/step
on time step 2362 (time=11.81), 0.0334846 s/step
on time step 2481 (time=12.405), 0.0336801 s/step
on time step 2591 (time=12.955), 0.0363883 s/step
on time step 2692 (time=13.46), 0.0396489 s/step
on time step 2811 (time=14.055), 0.0338527 s/step
on time step 2933 (time=14.665), 0.0330224 s/step
field decay(t = 15.015): 0.2736613285595522 / 1.773559437365141 = 0.1543006243794753
on time step 3052 (time=15.26), 0.0336168 s/step
on time step 3171 (time=15.855), 0.0336767 s/step
on time step 3290 (time=16.45), 0.0338766 s/step
on time step 3408 (time=17.04), 0.034123 s/step
on time step 3528 (time=17.64), 0.0336167 s/step
on time step 3649 (time=18.245), 0.0332459 s/step
on time step 3756 (time=18.78), 0.0374628 s/step
on time step 3871 (time=19.355), 0.0348699 s/step
on time step 3975 (time=19.875), 0.0385191 s/step
field decay(t = 20.02): 0.01703580056384274 / 1.773559437365141 = 0.009605429739164362
on time step 4078 (time=20.39), 0.0391599 s/step
on time step 4168 (time=20.84), 0.0446632 s/step
on time step 4275 (time=21.375), 0.0374436 s/step
on time step 4378 (time=21.89), 0.039071 s/step
on time step 4482 (time=22.41), 0.0385464 s/step
on time step 4594 (time=22.97), 0.035996 s/step
on time step 4709 (time=23.545), 0.0349113 s/step
on time step 4829 (time=24.145), 0.0333676 s/step
on time step 4948 (time=24.74), 0.033792 s/step
field decay(t = 25.025000000000002): 0.0009345083387083308 / 1.773559437365141 = 0.0005269112041131632
on time step 5064 (time=25.32), 0.0345948 s/step
on time step 5184 (time=25.92), 0.03334 s/step
on time step 5298 (time=26.49), 0.0353346 s/step
on time step 5400 (time=27), 0.0394671 s/step
on time step 5502 (time=27.51), 0.0393799 s/step
on time step 5613 (time=28.065), 0.0363485 s/step
on time step 5719 (time=28.595), 0.0378992 s/step
on time step 5836 (time=29.18), 0.0343147 s/step
on time step 5953 (time=29.765), 0.0342461 s/step
field decay(t = 30.03): 5.8856447635206246e-05 / 1.773559437365141 = 3.318549488403126e-05
on time step 6070 (time=30.35), 0.0345468 s/step
on time step 6183 (time=30.915), 0.0356462 s/step
on time step 6296 (time=31.48), 0.0355025 s/step
on time step 6411 (time=32.055), 0.0350561 s/step
on time step 6531 (time=32.655), 0.0335536 s/step
on time step 6652 (time=33.26), 0.0331666 s/step
on time step 6751 (time=33.755), 0.0406005 s/step
on time step 6851 (time=34.255), 0.0400958 s/step
on time step 6955 (time=34.775), 0.0387422 s/step
field decay(t = 35.035000000000004): 3.1939914153257995e-06 / 1.773559437365141 = 1.80089336056924e-06
on time step 7058 (time=35.29), 0.038994 s/step
on time step 7157 (time=35.785), 0.0405585 s/step
on time step 7262 (time=36.31), 0.0383352 s/step
on time step 7363 (time=36.815), 0.0396443 s/step
on time step 7464 (time=37.32), 0.0396565 s/step
on time step 7573 (time=37.865), 0.0367384 s/step
on time step 7691 (time=38.455), 0.0339133 s/step
on time step 7806 (time=39.03), 0.0350057 s/step
on time step 7928 (time=39.64), 0.0329934 s/step
field decay(t = 40.04): 2.0441527903949357e-07 / 1.773559437365141 = 1.152570783549153e-07
run 0 finished at t = 40.04 (8008 timesteps)
Transmission at f = 1.6666666666666667 (lambda = 600 nm): 0.015626063522512144
l1 = 0.15998012675785211, l2 = 0.30068523435273664
-----------
Initializing structure...
time for choose_chunkdivision = 1.50204e-05 s
Working in 3D dimensions.
Computational cell is 0.5 x 0.5 x 1.5 with resolution 100
time for set_epsilon = 0.820412 s
time for set_conductivity = 0.016372 s
time for set_conductivity = 0.016053 s
time for set_conductivity = 0.016705 s
time for set_conductivity = 0.01703 s
time for set_conductivity = 0.0164182 s
time for set_conductivity = 0.0166898 s
-----------
on time step 487 (time=2.435), 0.00822621 s/step
on time step 986 (time=4.93), 0.00802513 s/step
field decay(t = 5.005): 0.22967502551788954 / 0.22967502551788954 = 1.0
on time step 1486 (time=7.43), 0.00801235 s/step
on time step 1984 (time=9.92), 0.00803638 s/step
field decay(t = 10.01): 0.2504808233534304 / 0.2504808233534304 = 1.0
on time step 2419 (time=12.095), 0.00921854 s/step
on time step 2770 (time=13.85), 0.0114147 s/step
field decay(t = 15.015): 4.890956457152761e-11 / 0.2504808233534304 = 1.9526271080048243e-10
run 0 finished at t = 15.015 (3003 timesteps)
-----------
Initializing structure...
time for choose_chunkdivision = 2.00272e-05 s
Working in 3D dimensions.
Computational cell is 0.5 x 0.5 x 1.5 with resolution 100
     block, center = (0,0,0)
          size (1e+20,1e+20,0.2)
          axes (1,0,0), (0,1,0), (0,0,1)
          dielectric constant epsilon diagonal = (1,1,1)
     block, center = (0,0,0)
          size (0.0801532,0.150121,0.2)
          axes (1,0,0), (0,1,0), (0,0,1)
          dielectric constant epsilon diagonal = (1,1,1)
time for set_epsilon = 1.47604 s
time for set_conductivity = 0.026823 s
time for set_conductivity = 0.0267971 s
time for set_conductivity = 0.028465 s
time for set_conductivity = 0.026737 s
time for set_conductivity = 0.028033 s
time for set_conductivity = 0.027353 s
lorentzian susceptibility: frequency=16.365, gamma=1.95106
lorentzian susceptibility: frequency=7.32593, gamma=0.738804
lorentzian susceptibility: frequency=6.60165, gamma=0.052426
lorentzian susceptibility: frequency=3.61417, gamma=0.364563
lorentzian susceptibility: frequency=0.658148, gamma=3.13427
drude susceptibility: frequency=1e-10, gamma=0.0387146
-----------
on time step 120 (time=0.6), 0.0335868 s/step
on time step 256 (time=1.28), 0.0295701 s/step
on time step 390 (time=1.95), 0.0299374 s/step
on time step 525 (time=2.625), 0.0298173 s/step
on time step 658 (time=3.29), 0.0301491 s/step
on time step 792 (time=3.96), 0.0298954 s/step
on time step 927 (time=4.635), 0.0296564 s/step
field decay(t = 5.005): 1.111657252617529 / 1.111657252617529 = 1.0
on time step 1062 (time=5.31), 0.0297669 s/step
on time step 1195 (time=5.975), 0.0300873 s/step
on time step 1298 (time=6.49), 0.038959 s/step
on time step 1426 (time=7.13), 0.0312765 s/step
on time step 1559 (time=7.795), 0.0300878 s/step
on time step 1694 (time=8.47), 0.0298792 s/step
on time step 1830 (time=9.15), 0.0294502 s/step
on time step 1966 (time=9.83), 0.02959 s/step
field decay(t = 10.01): 3.062025660092323 / 3.062025660092323 = 1.0
on time step 2100 (time=10.5), 0.0299471 s/step
on time step 2234 (time=11.17), 0.0298864 s/step
on time step 2368 (time=11.84), 0.0299595 s/step
on time step 2503 (time=12.515), 0.0298438 s/step
on time step 2638 (time=13.19), 0.0296323 s/step
on time step 2772 (time=13.86), 0.030081 s/step
on time step 2906 (time=14.53), 0.0299078 s/step
field decay(t = 15.015): 0.5812671746961346 / 3.062025660092323 = 0.18983092867961432
on time step 3042 (time=15.21), 0.0295676 s/step
on time step 3177 (time=15.885), 0.0296885 s/step
on time step 3309 (time=16.545), 0.0304339 s/step
on time step 3425 (time=17.125), 0.034608 s/step
on time step 3559 (time=17.795), 0.0300317 s/step
on time step 3694 (time=18.47), 0.0298249 s/step
on time step 3828 (time=19.14), 0.0299802 s/step
on time step 3964 (time=19.82), 0.0296096 s/step
field decay(t = 20.02): 0.030909442509944506 / 3.062025660092323 = 0.010094442679821488
on time step 4099 (time=20.495), 0.0297038 s/step
on time step 4234 (time=21.17), 0.0297514 s/step
on time step 4368 (time=21.84), 0.0298892 s/step
on time step 4502 (time=22.51), 0.0300167 s/step
on time step 4637 (time=23.185), 0.0297599 s/step
on time step 4771 (time=23.855), 0.0299959 s/step
on time step 4907 (time=24.535), 0.0295255 s/step
field decay(t = 25.025000000000002): 0.0018484161573302936 / 3.062025660092323 = 0.0006036579580050163
on time step 5041 (time=25.205), 0.0299307 s/step
on time step 5176 (time=25.88), 0.0297017 s/step
on time step 5311 (time=26.555), 0.029782 s/step
on time step 5444 (time=27.22), 0.0301626 s/step
on time step 5577 (time=27.885), 0.030105 s/step
on time step 5712 (time=28.56), 0.0297364 s/step
on time step 5847 (time=29.235), 0.0298323 s/step
on time step 5981 (time=29.905), 0.0298916 s/step
field decay(t = 30.03): 9.377103391812456e-05 / 3.062025660092323 = 3.062385633806128e-05
on time step 6115 (time=30.575), 0.0298817 s/step
on time step 6249 (time=31.245), 0.0298985 s/step
on time step 6384 (time=31.92), 0.0299237 s/step
on time step 6518 (time=32.59), 0.0301354 s/step
on time step 6640 (time=33.2), 0.032865 s/step
on time step 6774 (time=33.87), 0.0298522 s/step
on time step 6910 (time=34.55), 0.0295609 s/step
field decay(t = 35.035000000000004): 5.642191086366536e-06 / 3.062025660092323 = 1.8426335088898042e-06
on time step 7045 (time=35.225), 0.0296605 s/step
on time step 7179 (time=35.895), 0.0300884 s/step
on time step 7315 (time=36.575), 0.0296134 s/step
on time step 7450 (time=37.25), 0.0296597 s/step
on time step 7584 (time=37.92), 0.0299532 s/step
on time step 7716 (time=38.58), 0.0303954 s/step
on time step 7851 (time=39.255), 0.0297285 s/step
on time step 7986 (time=39.93), 0.0298119 s/step
field decay(t = 40.04): 3.337210659986645e-07 / 3.062025660092323 = 1.0898702461840326e-07
run 0 finished at t = 40.04 (8008 timesteps)
Transmission at f = 1.6666666666666667 (lambda = 600 nm): 0.19052917122522633
l1 = 0.1603063395921313, l2 = 0.30024273918789535
-----------
Initializing structure...
time for choose_chunkdivision = 1.00136e-05 s
Working in 3D dimensions.
Computational cell is 0.5 x 0.5 x 1.5 with resolution 100
time for set_epsilon = 0.714364 s
time for set_conductivity = 0.0157201 s
time for set_conductivity = 0.0140159 s
time for set_conductivity = 0.013778 s
time for set_conductivity = 0.0141609 s
time for set_conductivity = 0.0140631 s
time for set_conductivity = 0.034997 s
-----------
on time step 539 (time=2.695), 0.0074271 s/step
field decay(t = 5.005): 0.22967502551788954 / 0.22967502551788954 = 1.0
on time step 1097 (time=5.485), 0.0071705 s/step
on time step 1662 (time=8.31), 0.00708736 s/step
field decay(t = 10.01): 0.2504808233534304 / 0.2504808233534304 = 1.0
on time step 2203 (time=11.015), 0.00740113 s/step
on time step 2764 (time=13.82), 0.00713582 s/step
field decay(t = 15.015): 4.890956457152761e-11 / 0.2504808233534304 = 1.9526271080048243e-10
run 0 finished at t = 15.015 (3003 timesteps)
-----------
Initializing structure...
time for choose_chunkdivision = 2.19345e-05 s
Working in 3D dimensions.
Computational cell is 0.5 x 0.5 x 1.5 with resolution 100
     block, center = (0,0,0)
          size (1e+20,1e+20,0.2)
          axes (1,0,0), (0,1,0), (0,0,1)
          dielectric constant epsilon diagonal = (1,1,1)
     block, center = (0,0,0)
          size (0.0801637,0.150057,0.2)
          axes (1,0,0), (0,1,0), (0,0,1)
          dielectric constant epsilon diagonal = (1,1,1)
time for set_epsilon = 1.28708 s
time for set_conductivity = 0.026413 s
time for set_conductivity = 0.026397 s
time for set_conductivity = 0.0263441 s
time for set_conductivity = 0.040071 s
time for set_conductivity = 0.0340891 s
time for set_conductivity = 0.036953 s
lorentzian susceptibility: frequency=16.365, gamma=1.95106
lorentzian susceptibility: frequency=7.32593, gamma=0.738804
lorentzian susceptibility: frequency=6.60165, gamma=0.052426
lorentzian susceptibility: frequency=3.61417, gamma=0.364563
lorentzian susceptibility: frequency=0.658148, gamma=3.13427
drude susceptibility: frequency=1e-10, gamma=0.0387146
-----------
on time step 81 (time=0.405), 0.0494505 s/step
on time step 214 (time=1.07), 0.0302779 s/step
on time step 347 (time=1.735), 0.0302134 s/step
on time step 481 (time=2.405), 0.0299573 s/step
on time step 614 (time=3.07), 0.0300808 s/step
on time step 747 (time=3.735), 0.0302535 s/step
on time step 880 (time=4.4), 0.0301156 s/step
field decay(t = 5.005): 1.111657252617529 / 1.111657252617529 = 1.0
on time step 1013 (time=5.065), 0.0300895 s/step
on time step 1147 (time=5.735), 0.0299935 s/step
on time step 1268 (time=6.34), 0.0330811 s/step
on time step 1365 (time=6.825), 0.0416585 s/step
on time step 1425 (time=7.125), 0.0672211 s/step
on time step 1528 (time=7.64), 0.0389377 s/step
on time step 1590 (time=7.95), 0.0647852 s/step
on time step 1688 (time=8.44), 0.0411835 s/step
on time step 1795 (time=8.975), 0.0373834 s/step
on time step 1896 (time=9.48), 0.0398589 s/step
on time step 1999 (time=9.995), 0.0390389 s/step
field decay(t = 10.01): 3.062025660092323 / 3.062025660092323 = 1.0
on time step 2092 (time=10.46), 0.0444694 s/step
on time step 2177 (time=10.885), 0.0470861 s/step
on time step 2288 (time=11.44), 0.0361889 s/step
on time step 2386 (time=11.93), 0.041223 s/step
on time step 2486 (time=12.43), 0.0403582 s/step
on time step 2594 (time=12.97), 0.0372388 s/step
on time step 2697 (time=13.485), 0.0389649 s/step
on time step 2794 (time=13.97), 0.0414742 s/step
on time step 2896 (time=14.48), 0.0392216 s/step
on time step 2992 (time=14.96), 0.0417383 s/step
field decay(t = 15.015): 0.5812671746961346 / 3.062025660092323 = 0.18983092867961432
on time step 3099 (time=15.495), 0.0376277 s/step
on time step 3204 (time=16.02), 0.0383013 s/step
on time step 3304 (time=16.52), 0.0400279 s/step
on time step 3409 (time=17.045), 0.0381091 s/step
on time step 3513 (time=17.565), 0.0388042 s/step
on time step 3593 (time=17.965), 0.0501028 s/step
on time step 3701 (time=18.505), 0.037094 s/step
on time step 3800 (time=19), 0.0405658 s/step
on time step 3902 (time=19.51), 0.0392965 s/step
on time step 4002 (time=20.01), 0.0401386 s/step
field decay(t = 20.02): 0.030909442509944506 / 3.062025660092323 = 0.010094442679821488
on time step 4103 (time=20.515), 0.0396163 s/step
on time step 4202 (time=21.01), 0.0406325 s/step
on time step 4265 (time=21.325), 0.0639265 s/step
on time step 4330 (time=21.65), 0.0619229 s/step
on time step 4407 (time=22.035), 0.0520885 s/step
on time step 4509 (time=22.545), 0.0394123 s/step
on time step 4614 (time=23.07), 0.0383951 s/step
on time step 4716 (time=23.58), 0.0393263 s/step
on time step 4801 (time=24.005), 0.0478593 s/step
on time step 4906 (time=24.53), 0.0382931 s/step
on time step 5003 (time=25.015), 0.0412401 s/step
field decay(t = 25.025000000000002): 0.0018484161573302936 / 3.062025660092323 = 0.0006036579580050163
on time step 5110 (time=25.55), 0.037586 s/step
on time step 5217 (time=26.085), 0.0376663 s/step
on time step 5315 (time=26.575), 0.0411347 s/step
on time step 5413 (time=27.065), 0.0410785 s/step
on time step 5516 (time=27.58), 0.0391831 s/step
on time step 5623 (time=28.115), 0.0377148 s/step
on time step 5731 (time=28.655), 0.0372923 s/step
on time step 5832 (time=29.16), 0.0397649 s/step
on time step 5933 (time=29.665), 0.039772 s/step
field decay(t = 30.03): 9.377103391812456e-05 / 3.062025660092323 = 3.062385633806128e-05
on time step 6041 (time=30.205), 0.0371659 s/step
on time step 6140 (time=30.7), 0.0404553 s/step
on time step 6243 (time=31.215), 0.0392861 s/step
on time step 6349 (time=31.745), 0.0378764 s/step
on time step 6449 (time=32.245), 0.0403343 s/step
on time step 6529 (time=32.645), 0.0502275 s/step
on time step 6625 (time=33.125), 0.0417475 s/step
on time step 6727 (time=33.635), 0.0393171 s/step
on time step 6829 (time=34.145), 0.0393185 s/step
on time step 6927 (time=34.635), 0.0408497 s/step
field decay(t = 35.035000000000004): 5.642191086366536e-06 / 3.062025660092323 = 1.8426335088898042e-06
on time step 7032 (time=35.16), 0.0384256 s/step
on time step 7139 (time=35.695), 0.0376806 s/step
on time step 7241 (time=36.205), 0.0394812 s/step
on time step 7352 (time=36.76), 0.0362001 s/step
on time step 7459 (time=37.295), 0.0377209 s/step
on time step 7558 (time=37.79), 0.0404936 s/step
on time step 7668 (time=38.34), 0.0365983 s/step
on time step 7772 (time=38.86), 0.0385548 s/step
on time step 7867 (time=39.335), 0.0424104 s/step
on time step 7977 (time=39.885), 0.0363705 s/step
field decay(t = 40.04): 3.337210659986645e-07 / 3.062025660092323 = 1.0898702461840326e-07
run 0 finished at t = 40.04 (8008 timesteps)
Transmission at f = 1.6666666666666667 (lambda = 600 nm): 0.19052917122522633
l1 = 0.16032741112226517, l2 = 0.300113826053384
Iteration: l1=0.160327, l2=0.300114, fom=-1.564216e-01
-----------
Initializing structure...
time for choose_chunkdivision = 1.40667e-05 s
Working in 3D dimensions.
Computational cell is 0.5 x 0.5 x 1.5 with resolution 100
time for set_epsilon = 0.983413 s
time for set_conductivity = 0.02122 s
time for set_conductivity = 0.021914 s
time for set_conductivity = 0.0207789 s
time for set_conductivity = 0.02176 s
time for set_conductivity = 0.0286269 s
time for set_conductivity = 0.0206521 s
-----------
on time step 431 (time=2.155), 0.00929972 s/step
on time step 892 (time=4.46), 0.00868445 s/step
field decay(t = 5.005): 0.22967502551788954 / 0.22967502551788954 = 1.0
on time step 1334 (time=6.67), 0.00906707 s/step
on time step 1780 (time=8.9), 0.00897496 s/step
field decay(t = 10.01): 0.2504808233534304 / 0.2504808233534304 = 1.0
on time step 2235 (time=11.175), 0.00879482 s/step
on time step 2667 (time=13.335), 0.00927477 s/step
field decay(t = 15.015): 4.890956457152761e-11 / 0.2504808233534304 = 1.9526271080048243e-10
run 0 finished at t = 15.015 (3003 timesteps)
-----------
Initializing structure...
time for choose_chunkdivision = 2.59876e-05 s
Working in 3D dimensions.
Computational cell is 0.5 x 0.5 x 1.5 with resolution 100
     block, center = (0,0,0)
          size (1e+20,1e+20,0.2)
          axes (1,0,0), (0,1,0), (0,0,1)
          dielectric constant epsilon diagonal = (1,1,1)
     block, center = (0,0,0)
          size (0.0800444,0.150269,0.2)
          axes (1,0,0), (0,1,0), (0,0,1)
          dielectric constant epsilon diagonal = (1,1,1)
time for set_epsilon = 1.68196 s
time for set_conductivity = 0.033026 s
time for set_conductivity = 0.0391159 s
time for set_conductivity = 0.0337119 s
time for set_conductivity = 0.0351782 s
time for set_conductivity = 0.0357909 s
time for set_conductivity = 0.0312839 s
lorentzian susceptibility: frequency=16.365, gamma=1.95106
lorentzian susceptibility: frequency=7.32593, gamma=0.738804
lorentzian susceptibility: frequency=6.60165, gamma=0.052426
lorentzian susceptibility: frequency=3.61417, gamma=0.364563
lorentzian susceptibility: frequency=0.658148, gamma=3.13427
drude susceptibility: frequency=1e-10, gamma=0.0387146
-----------
on time step 88 (time=0.44), 0.045603 s/step
on time step 192 (time=0.96), 0.038783 s/step
on time step 302 (time=1.51), 0.0364238 s/step
on time step 407 (time=2.035), 0.0382425 s/step
on time step 498 (time=2.49), 0.0443532 s/step
on time step 600 (time=3), 0.0393798 s/step
on time step 704 (time=3.52), 0.0386872 s/step
on time step 814 (time=4.07), 0.0364472 s/step
on time step 921 (time=4.605), 0.0375241 s/step
field decay(t = 5.005): 1.111657252617529 / 1.111657252617529 = 1.0
on time step 1027 (time=5.135), 0.0379271 s/step
on time step 1135 (time=5.675), 0.0370472 s/step
on time step 1238 (time=6.19), 0.0391677 s/step
on time step 1344 (time=6.72), 0.0377923 s/step
on time step 1451 (time=7.255), 0.0375269 s/step
on time step 1554 (time=7.77), 0.0393156 s/step
on time step 1663 (time=8.315), 0.0368433 s/step
on time step 1771 (time=8.855), 0.0372028 s/step
on time step 1876 (time=9.38), 0.0382273 s/step
on time step 1986 (time=9.93), 0.0365634 s/step
field decay(t = 10.01): 3.062025660092323 / 3.062025660092323 = 1.0
on time step 2091 (time=10.455), 0.0383065 s/step
on time step 2193 (time=10.965), 0.0398069 s/step
on time step 2280 (time=11.4), 0.0460149 s/step
on time step 2385 (time=11.925), 0.0384387 s/step
on time step 2482 (time=12.41), 0.0418922 s/step
on time step 2566 (time=12.83), 0.0480514 s/step
on time step 2650 (time=13.25), 0.0477553 s/step
on time step 2760 (time=13.8), 0.0364064 s/step
on time step 2868 (time=14.34), 0.0371957 s/step
on time step 2972 (time=14.86), 0.0384999 s/step
field decay(t = 15.015): 0.5812671746961346 / 3.062025660092323 = 0.18983092867961432
on time step 3080 (time=15.4), 0.0372887 s/step
on time step 3188 (time=15.94), 0.0370948 s/step
on time step 3273 (time=16.365), 0.0476121 s/step
on time step 3382 (time=16.91), 0.0368767 s/step
on time step 3483 (time=17.415), 0.0396231 s/step
on time step 3572 (time=17.86), 0.0452069 s/step
on time step 3679 (time=18.395), 0.0374233 s/step
on time step 3783 (time=18.915), 0.038585 s/step
on time step 3893 (time=19.465), 0.0366452 s/step
on time step 4000 (time=20), 0.0376852 s/step
field decay(t = 20.02): 0.030909442509944506 / 3.062025660092323 = 0.010094442679821488
on time step 4107 (time=20.535), 0.0376297 s/step
on time step 4218 (time=21.09), 0.0361575 s/step
on time step 4315 (time=21.575), 0.0414054 s/step
on time step 4421 (time=22.105), 0.0378528 s/step
on time step 4526 (time=22.63), 0.0384204 s/step
on time step 4635 (time=23.175), 0.0369094 s/step
on time step 4742 (time=23.71), 0.037562 s/step
on time step 4848 (time=24.24), 0.0378463 s/step
on time step 4952 (time=24.76), 0.038593 s/step
field decay(t = 25.025000000000002): 0.0018484161573302936 / 3.062025660092323 = 0.0006036579580050163
on time step 5062 (time=25.31), 0.03656 s/step
on time step 5170 (time=25.85), 0.0372828 s/step
on time step 5274 (time=26.37), 0.038675 s/step
on time step 5384 (time=26.92), 0.0366275 s/step
on time step 5490 (time=27.45), 0.0380063 s/step
on time step 5593 (time=27.965), 0.0388561 s/step
on time step 5703 (time=28.515), 0.0363971 s/step
on time step 5808 (time=29.04), 0.0384098 s/step
on time step 5916 (time=29.58), 0.037144 s/step
field decay(t = 30.03): 9.377103391812456e-05 / 3.062025660092323 = 3.062385633806128e-05
on time step 6025 (time=30.125), 0.0368831 s/step
on time step 6131 (time=30.655), 0.0380911 s/step
on time step 6241 (time=31.205), 0.0367321 s/step
on time step 6349 (time=31.745), 0.0372251 s/step
on time step 6452 (time=32.26), 0.0389962 s/step
on time step 6560 (time=32.8), 0.0372039 s/step
on time step 6643 (time=33.215), 0.0484456 s/step
on time step 6741 (time=33.705), 0.0408186 s/step
on time step 6846 (time=34.23), 0.0382521 s/step
on time step 6944 (time=34.72), 0.0412224 s/step
field decay(t = 35.035000000000004): 5.642191086366536e-06 / 3.062025660092323 = 1.8426335088898042e-06
on time step 7050 (time=35.25), 0.037953 s/step
on time step 7153 (time=35.765), 0.0391485 s/step
on time step 7254 (time=36.27), 0.0398876 s/step
on time step 7365 (time=36.825), 0.0363799 s/step
on time step 7465 (time=37.325), 0.0401388 s/step
on time step 7568 (time=37.84), 0.0389838 s/step
on time step 7679 (time=38.395), 0.0363247 s/step
on time step 7785 (time=38.925), 0.0377726 s/step
on time step 7894 (time=39.47), 0.0368528 s/step
on time step 8001 (time=40.005), 0.0374302 s/step
field decay(t = 40.04): 3.337210659986645e-07 / 3.062025660092323 = 1.0898702461840326e-07
run 0 finished at t = 40.04 (8008 timesteps)
Transmission at f = 1.6666666666666667 (lambda = 600 nm): 0.19052917122522633
l1 = 0.1600888643692785, l2 = 0.3005377359644562
-----------
Initializing structure...
time for choose_chunkdivision = 1.38283e-05 s
Working in 3D dimensions.
Computational cell is 0.5 x 0.5 x 1.5 with resolution 100
time for set_epsilon = 0.965292 s
time for set_conductivity = 0.018508 s
time for set_conductivity = 0.020673 s
time for set_conductivity = 0.018425 s
time for set_conductivity = 0.0222421 s
time for set_conductivity = 0.0453861 s
time for set_conductivity = 0.046535 s
-----------
on time step 411 (time=2.055), 0.00974723 s/step
on time step 860 (time=4.3), 0.00891937 s/step
field decay(t = 5.005): 0.22967502551788954 / 0.22967502551788954 = 1.0
on time step 1285 (time=6.425), 0.00942295 s/step
on time step 1728 (time=8.64), 0.00903476 s/step
field decay(t = 10.01): 0.2504808233534304 / 0.2504808233534304 = 1.0
on time step 2188 (time=10.94), 0.00871706 s/step
on time step 2626 (time=13.13), 0.00913509 s/step
field decay(t = 15.015): 4.890956457152761e-11 / 0.2504808233534304 = 1.9526271080048243e-10
run 0 finished at t = 15.015 (3003 timesteps)
-----------
Initializing structure...
time for choose_chunkdivision = 2.28882e-05 s
Working in 3D dimensions.
Computational cell is 0.5 x 0.5 x 1.5 with resolution 100
     block, center = (0,0,0)
          size (1e+20,1e+20,0.2)
          axes (1,0,0), (0,1,0), (0,0,1)
          dielectric constant epsilon diagonal = (1,1,1)
     block, center = (0,0,0)
          size (0.0799901,0.150343,0.2)
          axes (1,0,0), (0,1,0), (0,0,1)
          dielectric constant epsilon diagonal = (1,1,1)
time for set_epsilon = 1.64143 s
time for set_conductivity = 0.0328779 s
time for set_conductivity = 0.039911 s
time for set_conductivity = 0.032105 s
time for set_conductivity = 0.0313931 s
time for set_conductivity = 0.03233 s
time for set_conductivity = 0.0326102 s
lorentzian susceptibility: frequency=16.365, gamma=1.95106
lorentzian susceptibility: frequency=7.32593, gamma=0.738804
lorentzian susceptibility: frequency=6.60165, gamma=0.052426
lorentzian susceptibility: frequency=3.61417, gamma=0.364563
lorentzian susceptibility: frequency=0.658148, gamma=3.13427
drude susceptibility: frequency=1e-10, gamma=0.0387146
-----------
on time step 67 (time=0.335), 0.0601691 s/step
on time step 153 (time=0.765), 0.0469178 s/step
on time step 261 (time=1.305), 0.0371576 s/step
on time step 365 (time=1.825), 0.0389042 s/step
on time step 475 (time=2.375), 0.0365917 s/step
on time step 579 (time=2.895), 0.0386486 s/step
on time step 680 (time=3.4), 0.0398634 s/step
on time step 789 (time=3.945), 0.0370838 s/step
on time step 891 (time=4.455), 0.0394655 s/step
on time step 1000 (time=5), 0.0370008 s/step
field decay(t = 5.005): 0.7112732048901149 / 0.7112732048901149 = 1.0
on time step 1110 (time=5.55), 0.0364893 s/step
on time step 1212 (time=6.06), 0.0395617 s/step
on time step 1316 (time=6.58), 0.0386909 s/step
on time step 1422 (time=7.11), 0.038192 s/step
on time step 1524 (time=7.62), 0.039617 s/step
on time step 1630 (time=8.15), 0.0378922 s/step
on time step 1737 (time=8.685), 0.0375966 s/step
on time step 1840 (time=9.2), 0.038888 s/step
on time step 1951 (time=9.755), 0.0362949 s/step
field decay(t = 10.01): 1.773559437365141 / 1.773559437365141 = 1.0
on time step 2058 (time=10.29), 0.0374303 s/step
on time step 2161 (time=10.805), 0.0390061 s/step
on time step 2268 (time=11.34), 0.0376165 s/step
on time step 2373 (time=11.865), 0.03815 s/step
on time step 2482 (time=12.41), 0.0368584 s/step
on time step 2563 (time=12.815), 0.049668 s/step
on time step 2668 (time=13.34), 0.0385232 s/step
on time step 2765 (time=13.825), 0.0412928 s/step
on time step 2870 (time=14.35), 0.0381414 s/step
on time step 2975 (time=14.875), 0.038228 s/step
field decay(t = 15.015): 0.2736613285595522 / 1.773559437365141 = 0.1543006243794753
on time step 3083 (time=15.415), 0.0370917 s/step
on time step 3164 (time=15.82), 0.049412 s/step
on time step 3266 (time=16.33), 0.0395577 s/step
on time step 3374 (time=16.87), 0.0372336 s/step
on time step 3482 (time=17.41), 0.0372517 s/step
on time step 3587 (time=17.935), 0.0382762 s/step
on time step 3697 (time=18.485), 0.0364998 s/step
on time step 3803 (time=19.015), 0.0378714 s/step
on time step 3911 (time=19.555), 0.0371341 s/step
field decay(t = 20.02): 0.01703580056384274 / 1.773559437365141 = 0.009605429739164362
on time step 4018 (time=20.09), 0.0376508 s/step
on time step 4123 (time=20.615), 0.0384335 s/step
on time step 4234 (time=21.17), 0.0362045 s/step
on time step 4341 (time=21.705), 0.0374465 s/step
on time step 4435 (time=22.175), 0.0426815 s/step
on time step 4545 (time=22.725), 0.0364096 s/step
on time step 4636 (time=23.18), 0.0442861 s/step
on time step 4745 (time=23.725), 0.0367546 s/step
on time step 4855 (time=24.275), 0.0364141 s/step
on time step 4956 (time=24.78), 0.0397475 s/step
field decay(t = 25.025000000000002): 0.0009345083387083308 / 1.773559437365141 = 0.0005269112041131632
on time step 5045 (time=25.225), 0.0455182 s/step
on time step 5149 (time=25.745), 0.03855 s/step
on time step 5251 (time=26.255), 0.0393634 s/step
on time step 5361 (time=26.805), 0.0365166 s/step
on time step 5470 (time=27.35), 0.0367796 s/step
on time step 5575 (time=27.875), 0.0381716 s/step
on time step 5683 (time=28.415), 0.0373767 s/step
on time step 5789 (time=28.945), 0.0379889 s/step
on time step 5888 (time=29.44), 0.0405259 s/step
on time step 5998 (time=29.99), 0.0364202 s/step
field decay(t = 30.03): 5.8856447635206246e-05 / 1.773559437365141 = 3.318549488403126e-05
on time step 6102 (time=30.51), 0.0385747 s/step
on time step 6211 (time=31.055), 0.0367661 s/step
on time step 6319 (time=31.595), 0.037342 s/step
on time step 6422 (time=32.11), 0.0472721 s/step
on time step 6513 (time=32.565), 0.044012 s/step
on time step 6602 (time=33.01), 0.0452326 s/step
on time step 6688 (time=33.44), 0.0469126 s/step
on time step 6775 (time=33.875), 0.0460876 s/step
on time step 6865 (time=34.325), 0.0446086 s/step
on time step 6948 (time=34.74), 0.0485313 s/step
field decay(t = 35.035000000000004): 3.1939914153257995e-06 / 1.773559437365141 = 1.80089336056924e-06
on time step 7033 (time=35.165), 0.047059 s/step
on time step 7109 (time=35.545), 0.052676 s/step
on time step 7192 (time=35.96), 0.0482801 s/step
on time step 7272 (time=36.36), 0.0502053 s/step
on time step 7363 (time=36.815), 0.0440744 s/step
on time step 7452 (time=37.26), 0.0454275 s/step
on time step 7530 (time=37.65), 0.0517353 s/step
on time step 7616 (time=38.08), 0.0467478 s/step
on time step 7682 (time=38.41), 0.061251 s/step
on time step 7785 (time=38.925), 0.0388866 s/step
on time step 7886 (time=39.43), 0.0398351 s/step
on time step 7986 (time=39.93), 0.0402979 s/step
field decay(t = 40.04): 2.0441527903949357e-07 / 1.773559437365141 = 1.152570783549153e-07
run 0 finished at t = 40.04 (8008 timesteps)
Transmission at f = 1.6666666666666667 (lambda = 600 nm): 0.015626063522512144
l1 = 0.15998012675785211, l2 = 0.30068523435273664
-----------
Initializing structure...
time for choose_chunkdivision = 2.81334e-05 s
Working in 3D dimensions.
Computational cell is 0.5 x 0.5 x 1.5 with resolution 100
time for set_epsilon = 1.21311 s
time for set_conductivity = 0.0166361 s
time for set_conductivity = 0.015924 s
time for set_conductivity = 0.0183959 s
time for set_conductivity = 0.01597 s
time for set_conductivity = 0.0225759 s
time for set_conductivity = 0.0228889 s
-----------
on time step 409 (time=2.045), 0.00980563 s/step
                                               